{"test_loss": 0.06919043511152267, "test_seqeval-macro_precision": 0.8176493540812249, "test_seqeval-macro_recall": 0.9060371112688049, "test_seqeval-macro_f1": 0.8581565946878802, "test_seqeval-micro_precision": 0.8188608776844071, "test_seqeval-micro_recall": 0.9004106776180698, "test_seqeval-micro_f1": 0.8577017114914425, "test_seqeval-PG_precision": 0.8874172185430463, "test_seqeval-PG_recall": 0.9178082191780822, "test_seqeval-PG_f1": 0.9023569023569024, "test_seqeval-SG_precision": 0.862453531598513, "test_seqeval-SG_recall": 0.8656716417910447, "test_seqeval-SG_f1": 0.8640595903165734, "test_seqeval-PI_precision": 0.7941176470588235, "test_seqeval-PI_recall": 0.9239543726235742, "test_seqeval-PI_f1": 0.8541300527240773, "test_seqeval-ISG_precision": 0.75, "test_seqeval-ISG_recall": 0.9444444444444444, "test_seqeval-ISG_f1": 0.8360655737704917, "test_seqeval-ORG_precision": 0.7942583732057417, "test_seqeval-ORG_recall": 0.8783068783068783, "test_seqeval-ORG_f1": 0.8341708542713568, "test_spanlevel-macro_precision_spanwise": 0.8539491856080688, "test_spanlevel-macro_recall_spanwise": 0.8572905121851857, "test_spanlevel-macro_f1_spanwise": 0.8528059940695595, "test_spanlevel-macro_precision_seqavg": 0.8622703334284262, "test_spanlevel-macro_recall_seqavg": 0.8643104772495424, "test_spanlevel-macro_f1_seqavg": 0.8604543446190075, "test_spanlevel-micro_precision_spanwise": 0.8937778840025494, "test_spanlevel-micro_recall_spanwise": 0.9012985978330147, "test_spanlevel-micro_f1_spanwise": 0.8950935161559377, "test_spanlevel-micro_precision_seqavg": 0.8866058750443735, "test_spanlevel-micro_recall_seqavg": 0.896396876109336, "test_spanlevel-micro_f1_seqavg": 0.8889327926148829, "test_spanlevel-PG_precision_spanwise": 0.9478458049886622, "test_spanlevel-PG_recall_spanwise": 0.9448979591836734, "test_spanlevel-PG_f1_spanwise": 0.9442500809847748, "test_spanlevel-PG_precision_seqavg": 0.9520357786899806, "test_spanlevel-PG_recall_seqavg": 0.9403176416969565, "test_spanlevel-PG_f1_seqavg": 0.942787197444823, "test_spanlevel-SG_precision_spanwise": 0.9070652173913043, "test_spanlevel-SG_recall_spanwise": 0.9113727858293076, "test_spanlevel-SG_f1_spanwise": 0.9050421652306452, "test_spanlevel-SG_precision_seqavg": 0.9337550370173916, "test_spanlevel-SG_recall_seqavg": 0.9294498561602423, "test_spanlevel-SG_f1_seqavg": 0.9278479457659671, "test_spanlevel-PI_precision_spanwise": 0.8343055555555555, "test_spanlevel-PI_recall_spanwise": 0.8363095238095238, "test_spanlevel-PI_f1_spanwise": 0.8325396825396826, "test_spanlevel-PI_precision_seqavg": 0.8375830557672738, "test_spanlevel-PI_recall_seqavg": 0.8395947653302199, "test_spanlevel-PI_f1_seqavg": 0.8373267787603678, "test_spanlevel-ISG_precision_spanwise": 0.7444444444444445, "test_spanlevel-ISG_recall_spanwise": 0.7518518518518519, "test_spanlevel-ISG_f1_spanwise": 0.7469135802469136, "test_spanlevel-ISG_precision_seqavg": 0.7154366894785411, "test_spanlevel-ISG_recall_seqavg": 0.7367455574677494, "test_spanlevel-ISG_f1_seqavg": 0.7225396454749438, "test_spanlevel-ORG_precision_spanwise": 0.8360849056603774, "test_spanlevel-ORG_recall_spanwise": 0.8420204402515723, "test_spanlevel-ORG_f1_spanwise": 0.835284461345782, "test_spanlevel-ORG_precision_seqavg": 0.872541106188944, "test_spanlevel-ORG_recall_seqavg": 0.8754445655925438, "test_spanlevel-ORG_f1_seqavg": 0.8717701556489362, "test_doclevel-micro_precision": 0.9501607717041801, "test_doclevel-micro_recall": 0.9932773109243698, "test_doclevel-micro_f1": 0.9712407559572721, "test_doclevel-PG_precision": 0.9927007299270073, "test_doclevel-PG_recall": 0.9784172661870504, "test_doclevel-PG_f1": 0.9855072463768116, "test_doclevel-SG_precision": 0.9714285714285714, "test_doclevel-SG_recall": 0.9488372093023256, "test_doclevel-SG_f1": 0.9600000000000001, "test_doclevel-PI_precision": 0.8930041152263375, "test_doclevel-PI_recall": 0.9863636363636363, "test_doclevel-PI_f1": 0.937365010799136, "test_doclevel-ISG_precision": 0.7931034482758621, "test_doclevel-ISG_recall": 0.9583333333333334, "test_doclevel-ISG_f1": 0.8679245283018867, "test_doclevel-ORG_precision": 0.8875, "test_doclevel-ORG_recall": 0.9726027397260274, "test_doclevel-ORG_f1": 0.9281045751633986, "test_wordlevel-macro_precision": 0.9040807021985229, "test_wordlevel-macro_recall": 0.9614771727347469, "test_wordlevel-macro_f1": 0.930364350558675, "test_wordlevel-O_precision": 0.9965732087227415, "test_wordlevel-O_recall": 0.9874066300388913, "test_wordlevel-O_f1": 0.9919687432168439, "test_wordlevel-PG_precision": 0.9662921348314607, "test_wordlevel-PG_recall": 0.9555555555555556, "test_wordlevel-PG_f1": 0.9608938547486034, "test_wordlevel-SG_precision": 0.949535192563081, "test_wordlevel-SG_recall": 0.9383202099737533, "test_wordlevel-SG_f1": 0.9438943894389439, "test_wordlevel-PI_precision": 0.8715728715728716, "test_wordlevel-PI_recall": 0.9741935483870968, "test_wordlevel-PI_f1": 0.92003046458492, "test_wordlevel-ISG_precision": 0.78, "test_wordlevel-ISG_recall": 0.9570552147239264, "test_wordlevel-ISG_f1": 0.859504132231405, "test_wordlevel-ORG_precision": 0.8605108055009824, "test_wordlevel-ORG_recall": 0.9563318777292577, "test_wordlevel-ORG_f1": 0.905894519131334, "test_runtime": 5.161, "test_samples_per_second": 169.735, "test_steps_per_second": 2.713, "epoch": 5.0, "run_id": "rep02-fold02"}
