{"test_loss": 0.12947717308998108, "test_seqeval-macro_precision": 0.7425990397165751, "test_seqeval-macro_recall": 0.7929326708232172, "test_seqeval-macro_f1": 0.7665246316101999, "test_seqeval-micro_precision": 0.7339945897204689, "test_seqeval-micro_recall": 0.7864734299516908, "test_seqeval-micro_f1": 0.7593283582089553, "test_seqeval-PG_precision": 0.8571428571428571, "test_seqeval-PG_recall": 0.9278350515463918, "test_seqeval-PG_f1": 0.8910891089108911, "test_seqeval-SG_precision": 0.729490022172949, "test_seqeval-SG_recall": 0.8063725490196079, "test_seqeval-SG_f1": 0.7660069848661234, "test_seqeval-PI_precision": 0.7345132743362832, "test_seqeval-PI_recall": 0.7942583732057417, "test_seqeval-PI_f1": 0.7632183908045979, "test_seqeval-ISG_precision": 0.6716417910447762, "test_seqeval-ISG_recall": 0.7377049180327869, "test_seqeval-ISG_f1": 0.703125, "test_seqeval-ORG_precision": 0.7202072538860104, "test_seqeval-ORG_recall": 0.6984924623115578, "test_seqeval-ORG_f1": 0.7091836734693878, "test_spanlevel-macro_precision_spanwise": 0.7700631642479041, "test_spanlevel-macro_recall_spanwise": 0.762106050070189, "test_spanlevel-macro_f1_spanwise": 0.7593509220082344, "test_spanlevel-macro_precision_seqavg": 0.7639100254691626, "test_spanlevel-macro_recall_seqavg": 0.7519077393934205, "test_spanlevel-macro_f1_seqavg": 0.7511155097699115, "test_spanlevel-micro_precision_spanwise": 0.8570813104493975, "test_spanlevel-micro_recall_spanwise": 0.8600221098357197, "test_spanlevel-micro_f1_spanwise": 0.8483732059142615, "test_spanlevel-micro_precision_seqavg": 0.8568914512693314, "test_spanlevel-micro_recall_seqavg": 0.8584962900116058, "test_spanlevel-micro_f1_seqavg": 0.846255704918379, "test_spanlevel-PG_precision_spanwise": 0.8641509433962263, "test_spanlevel-PG_recall_spanwise": 0.8704402515723271, "test_spanlevel-PG_f1_spanwise": 0.8664570230607966, "test_spanlevel-PG_precision_seqavg": 0.8378000821727014, "test_spanlevel-PG_recall_seqavg": 0.8480538035463245, "test_spanlevel-PG_f1_seqavg": 0.841234586290563, "test_spanlevel-SG_precision_spanwise": 0.8041883821167986, "test_spanlevel-SG_recall_spanwise": 0.8219254472807331, "test_spanlevel-SG_f1_spanwise": 0.8031550446612594, "test_spanlevel-SG_precision_seqavg": 0.7986476099705183, "test_spanlevel-SG_recall_seqavg": 0.8130923010798299, "test_spanlevel-SG_f1_seqavg": 0.7998199266337089, "test_spanlevel-PI_precision_spanwise": 0.7790598290598291, "test_spanlevel-PI_recall_spanwise": 0.7751721272554605, "test_spanlevel-PI_f1_spanwise": 0.7697747409285872, "test_spanlevel-PI_precision_seqavg": 0.7558482423134971, "test_spanlevel-PI_recall_seqavg": 0.7446947189767316, "test_spanlevel-PI_f1_seqavg": 0.7432229644626375, "test_spanlevel-ISG_precision_spanwise": 0.6666666666666666, "test_spanlevel-ISG_recall_spanwise": 0.6466666666666666, "test_spanlevel-ISG_f1_spanwise": 0.6497777777777778, "test_spanlevel-ISG_precision_seqavg": 0.6918398457175601, "test_spanlevel-ISG_recall_seqavg": 0.6736608537507512, "test_spanlevel-ISG_f1_seqavg": 0.677217460278072, "test_spanlevel-ORG_precision_spanwise": 0.73625, "test_spanlevel-ORG_recall_spanwise": 0.6963257575757575, "test_spanlevel-ORG_f1_spanwise": 0.7075900236127509, "test_spanlevel-ORG_precision_seqavg": 0.7354143471715364, "test_spanlevel-ORG_recall_seqavg": 0.6800370196134651, "test_spanlevel-ORG_f1_seqavg": 0.6940826111845764, "test_doclevel-micro_precision": 0.9655172413793104, "test_doclevel-micro_recall": 0.9793322734499205, "test_doclevel-micro_f1": 0.9723756906077348, "test_doclevel-PG_precision": 0.9191919191919192, "test_doclevel-PG_recall": 0.9680851063829787, "test_doclevel-PG_f1": 0.9430051813471503, "test_doclevel-SG_precision": 0.8926380368098159, "test_doclevel-SG_recall": 0.9603960396039604, "test_doclevel-SG_f1": 0.9252782193958665, "test_doclevel-PI_precision": 0.8695652173913043, "test_doclevel-PI_recall": 0.9248554913294798, "test_doclevel-PI_f1": 0.896358543417367, "test_doclevel-ISG_precision": 0.8015873015873016, "test_doclevel-ISG_recall": 0.8706896551724138, "test_doclevel-ISG_f1": 0.8347107438016528, "test_doclevel-ORG_precision": 0.91875, "test_doclevel-ORG_recall": 0.875, "test_doclevel-ORG_f1": 0.896341463414634, "test_wordlevel-macro_precision": 0.8635881363123667, "test_wordlevel-macro_recall": 0.8730519958844482, "test_wordlevel-macro_f1": 0.8672924079359824, "test_wordlevel-O_precision": 0.9833485262838043, "test_wordlevel-O_recall": 0.9810828836476081, "test_wordlevel-O_f1": 0.9822143984460362, "test_wordlevel-PG_precision": 0.8743455497382199, "test_wordlevel-PG_recall": 0.9766081871345029, "test_wordlevel-PG_f1": 0.9226519337016573, "test_wordlevel-SG_precision": 0.8368495077355836, "test_wordlevel-SG_recall": 0.8775811209439528, "test_wordlevel-SG_f1": 0.8567314614830813, "test_wordlevel-PI_precision": 0.860813704496788, "test_wordlevel-PI_recall": 0.8445378151260504, "test_wordlevel-PI_f1": 0.8525980911983033, "test_wordlevel-ISG_precision": 0.764102564102564, "test_wordlevel-ISG_recall": 0.7883597883597884, "test_wordlevel-ISG_f1": 0.7760416666666667, "test_wordlevel-ORG_precision": 0.8620689655172413, "test_wordlevel-ORG_recall": 0.7701421800947867, "test_wordlevel-ORG_f1": 0.8135168961201501, "test_runtime": 5.4337, "test_samples_per_second": 161.769, "test_steps_per_second": 2.577, "epoch": 4.0, "run_id": "rep05-fold05"}
