{"test_loss": 0.07859355956315994, "test_seqeval-macro_precision": 0.7901285110736702, "test_seqeval-macro_recall": 0.8978836297612617, "test_seqeval-macro_f1": 0.8382394895451701, "test_seqeval-micro_precision": 0.7885662431941923, "test_seqeval-micro_recall": 0.8921971252566735, "test_seqeval-micro_f1": 0.8371868978805396, "test_seqeval-PG_precision": 0.9319727891156463, "test_seqeval-PG_recall": 0.9383561643835616, "test_seqeval-PG_f1": 0.9351535836177475, "test_seqeval-SG_precision": 0.7597402597402597, "test_seqeval-SG_recall": 0.8731343283582089, "test_seqeval-SG_f1": 0.8124999999999999, "test_seqeval-PI_precision": 0.8216783216783217, "test_seqeval-PI_recall": 0.8935361216730038, "test_seqeval-PI_f1": 0.8561020036429872, "test_seqeval-ISG_precision": 0.66, "test_seqeval-ISG_recall": 0.9166666666666666, "test_seqeval-ISG_f1": 0.7674418604651163, "test_seqeval-ORG_precision": 0.7772511848341233, "test_seqeval-ORG_recall": 0.8677248677248677, "test_seqeval-ORG_f1": 0.82, "test_spanlevel-macro_precision_spanwise": 0.8339058839708388, "test_spanlevel-macro_recall_spanwise": 0.8360882630260212, "test_spanlevel-macro_f1_spanwise": 0.8318298635508441, "test_spanlevel-macro_precision_seqavg": 0.8284083867763208, "test_spanlevel-macro_recall_seqavg": 0.826946139463914, "test_spanlevel-macro_f1_seqavg": 0.8249010143711095, "test_spanlevel-micro_precision_spanwise": 0.8837667428213054, "test_spanlevel-micro_recall_spanwise": 0.8866890922394215, "test_spanlevel-micro_f1_spanwise": 0.8810877169603498, "test_spanlevel-micro_precision_seqavg": 0.8768383930148635, "test_spanlevel-micro_recall_seqavg": 0.87948985081338, "test_spanlevel-micro_f1_seqavg": 0.8738171477301913, "test_spanlevel-PG_precision_spanwise": 0.9429530201342282, "test_spanlevel-PG_recall_spanwise": 0.9574944071588366, "test_spanlevel-PG_f1_spanwise": 0.9485458612975393, "test_spanlevel-PG_precision_seqavg": 0.9429893300731617, "test_spanlevel-PG_recall_seqavg": 0.949615224899529, "test_spanlevel-PG_f1_seqavg": 0.9454601845768758, "test_spanlevel-SG_precision_spanwise": 0.8563383226942549, "test_spanlevel-SG_recall_spanwise": 0.8673472008217771, "test_spanlevel-SG_f1_spanwise": 0.8582864991198687, "test_spanlevel-SG_precision_seqavg": 0.8423834394887492, "test_spanlevel-SG_recall_seqavg": 0.8541021008544991, "test_spanlevel-SG_f1_seqavg": 0.8441732397048355, "test_spanlevel-PI_precision_spanwise": 0.8710801393728222, "test_spanlevel-PI_recall_spanwise": 0.8686516735297224, "test_spanlevel-PI_f1_spanwise": 0.8659915229950074, "test_spanlevel-PI_precision_seqavg": 0.8794074889023688, "test_spanlevel-PI_recall_seqavg": 0.8801129587935672, "test_spanlevel-PI_f1_seqavg": 0.8774524231549069, "test_spanlevel-ISG_precision_spanwise": 0.6610738255033557, "test_spanlevel-ISG_recall_spanwise": 0.6633109619686801, "test_spanlevel-ISG_f1_spanwise": 0.6599552572706936, "test_spanlevel-ISG_precision_seqavg": 0.6091162317135967, "test_spanlevel-ISG_recall_seqavg": 0.6078227324143934, "test_spanlevel-ISG_f1_seqavg": 0.6070745495026034, "test_spanlevel-ORG_precision_spanwise": 0.8380841121495327, "test_spanlevel-ORG_recall_spanwise": 0.8236370716510903, "test_spanlevel-ORG_f1_spanwise": 0.8263701770711117, "test_spanlevel-ORG_precision_seqavg": 0.8681454437037268, "test_spanlevel-ORG_recall_seqavg": 0.8430776803575823, "test_spanlevel-ORG_f1_seqavg": 0.850344674916326, "test_doclevel-micro_precision": 0.9456, "test_doclevel-micro_recall": 0.9932773109243698, "test_doclevel-micro_f1": 0.9688524590163935, "test_doclevel-PG_precision": 0.9856115107913669, "test_doclevel-PG_recall": 0.9856115107913669, "test_doclevel-PG_f1": 0.9856115107913669, "test_doclevel-SG_precision": 0.9162995594713657, "test_doclevel-SG_recall": 0.9674418604651163, "test_doclevel-SG_f1": 0.9411764705882353, "test_doclevel-PI_precision": 0.9385964912280702, "test_doclevel-PI_recall": 0.9727272727272728, "test_doclevel-PI_f1": 0.955357142857143, "test_doclevel-ISG_precision": 0.7022900763358778, "test_doclevel-ISG_recall": 0.9583333333333334, "test_doclevel-ISG_f1": 0.8105726872246696, "test_doclevel-ORG_precision": 0.8703703703703703, "test_doclevel-ORG_recall": 0.9657534246575342, "test_doclevel-ORG_f1": 0.9155844155844156, "test_wordlevel-macro_precision": 0.8912509317368472, "test_wordlevel-macro_recall": 0.951083484863359, "test_wordlevel-macro_f1": 0.9181170894009124, "test_wordlevel-O_precision": 0.9943341012390262, "test_wordlevel-O_recall": 0.9858633248965986, "test_wordlevel-O_f1": 0.9900805951642901, "test_wordlevel-PG_precision": 0.9601449275362319, "test_wordlevel-PG_recall": 0.9814814814814815, "test_wordlevel-PG_f1": 0.9706959706959708, "test_wordlevel-SG_precision": 0.8790123456790123, "test_wordlevel-SG_recall": 0.9343832020997376, "test_wordlevel-SG_f1": 0.9058524173027991, "test_wordlevel-PI_precision": 0.9062003179650239, "test_wordlevel-PI_recall": 0.9193548387096774, "test_wordlevel-PI_f1": 0.9127301841473179, "test_wordlevel-ISG_precision": 0.7142857142857143, "test_wordlevel-ISG_recall": 0.950920245398773, "test_wordlevel-ISG_f1": 0.8157894736842105, "test_wordlevel-ORG_precision": 0.8935281837160751, "test_wordlevel-ORG_recall": 0.9344978165938864, "test_wordlevel-ORG_f1": 0.9135538954108857, "test_runtime": 5.2475, "test_samples_per_second": 166.935, "test_steps_per_second": 2.668, "epoch": 5.0, "run_id": "rep02-fold01"}
