{"test_loss": 0.06621852517127991, "test_seqeval-macro_precision": 0.8656373420453057, "test_seqeval-macro_recall": 0.8912613064707593, "test_seqeval-macro_f1": 0.878110669484804, "test_seqeval-micro_precision": 0.8705357142857143, "test_seqeval-micro_recall": 0.8986175115207373, "test_seqeval-micro_f1": 0.8843537414965987, "test_seqeval-PG_precision": 0.9440993788819876, "test_seqeval-PG_recall": 0.95, "test_seqeval-PG_f1": 0.9470404984423676, "test_seqeval-SG_precision": 0.8928571428571429, "test_seqeval-SG_recall": 0.9036144578313253, "test_seqeval-SG_f1": 0.8982035928143712, "test_seqeval-PI_precision": 0.8536585365853658, "test_seqeval-PI_recall": 0.8883248730964467, "test_seqeval-PI_f1": 0.8706467661691542, "test_seqeval-ISG_precision": 0.8157894736842105, "test_seqeval-ISG_recall": 0.8266666666666667, "test_seqeval-ISG_f1": 0.8211920529801323, "test_seqeval-ORG_precision": 0.8217821782178217, "test_seqeval-ORG_recall": 0.8877005347593583, "test_seqeval-ORG_f1": 0.8534704370179949, "test_spanlevel-macro_precision_spanwise": 0.8974044881863857, "test_spanlevel-macro_recall_spanwise": 0.8912870485983083, "test_spanlevel-macro_f1_spanwise": 0.8909923876477247, "test_spanlevel-macro_precision_seqavg": 0.9057154020453128, "test_spanlevel-macro_recall_seqavg": 0.8997015506057657, "test_spanlevel-macro_f1_seqavg": 0.8998544866751106, "test_spanlevel-micro_precision_spanwise": 0.9321851589390565, "test_spanlevel-micro_recall_spanwise": 0.9262120489013584, "test_spanlevel-micro_f1_spanwise": 0.9261129029928977, "test_spanlevel-micro_precision_seqavg": 0.9250065153312484, "test_spanlevel-micro_recall_seqavg": 0.9188180739782161, "test_spanlevel-micro_f1_seqavg": 0.9184349393502629, "test_spanlevel-PG_precision_spanwise": 0.9681069958847736, "test_spanlevel-PG_recall_spanwise": 0.9794238683127572, "test_spanlevel-PG_f1_spanwise": 0.9720164609053498, "test_spanlevel-PG_precision_seqavg": 0.9684505432004842, "test_spanlevel-PG_recall_seqavg": 0.9743646544874727, "test_spanlevel-PG_f1_seqavg": 0.9691980752196042, "test_spanlevel-SG_precision_spanwise": 0.9259455015268969, "test_spanlevel-SG_recall_spanwise": 0.9170878217389845, "test_spanlevel-SG_f1_spanwise": 0.9185324580673417, "test_spanlevel-SG_precision_seqavg": 0.953246011304567, "test_spanlevel-SG_recall_seqavg": 0.9382446566664413, "test_spanlevel-SG_f1_seqavg": 0.9415875297034141, "test_spanlevel-PI_precision_spanwise": 0.8782232704402516, "test_spanlevel-PI_recall_spanwise": 0.8723888140161724, "test_spanlevel-PI_f1_spanwise": 0.8727476925590133, "test_spanlevel-PI_precision_seqavg": 0.8302614685011451, "test_spanlevel-PI_recall_seqavg": 0.8295003365987935, "test_spanlevel-PI_f1_seqavg": 0.828669282808099, "test_spanlevel-ISG_precision_spanwise": 0.8209876543209876, "test_spanlevel-ISG_recall_spanwise": 0.8127572016460904, "test_spanlevel-ISG_f1_spanwise": 0.8106995884773663, "test_spanlevel-ISG_precision_seqavg": 0.890914524607464, "test_spanlevel-ISG_recall_seqavg": 0.8961171320779946, "test_spanlevel-ISG_f1_seqavg": 0.8910483428328789, "test_spanlevel-ORG_precision_spanwise": 0.8937590187590186, "test_spanlevel-ORG_recall_spanwise": 0.8747775372775374, "test_spanlevel-ORG_f1_spanwise": 0.8809657382295528, "test_spanlevel-ORG_precision_seqavg": 0.8857044626129034, "test_spanlevel-ORG_recall_seqavg": 0.8602809731981267, "test_spanlevel-ORG_f1_seqavg": 0.8687692028115566, "test_doclevel-micro_precision": 0.9745916515426497, "test_doclevel-micro_recall": 0.9799270072992701, "test_doclevel-micro_f1": 0.9772520473157414, "test_doclevel-PG_precision": 0.9875, "test_doclevel-PG_recall": 1.0, "test_doclevel-PG_f1": 0.9937106918238994, "test_doclevel-SG_precision": 0.97, "test_doclevel-SG_recall": 0.97, "test_doclevel-SG_f1": 0.97, "test_doclevel-PI_precision": 0.9226190476190477, "test_doclevel-PI_recall": 0.9567901234567902, "test_doclevel-PI_f1": 0.9393939393939394, "test_doclevel-ISG_precision": 0.9166666666666666, "test_doclevel-ISG_recall": 0.9166666666666666, "test_doclevel-ISG_f1": 0.9166666666666666, "test_doclevel-ORG_precision": 0.9403973509933775, "test_doclevel-ORG_recall": 0.9466666666666667, "test_doclevel-ORG_f1": 0.9435215946843853, "test_wordlevel-macro_precision": 0.9467575004603384, "test_wordlevel-macro_recall": 0.9387176846042555, "test_wordlevel-macro_f1": 0.9425694123318439, "test_wordlevel-O_precision": 0.9922059846903271, "test_wordlevel-O_recall": 0.994143076279459, "test_wordlevel-O_f1": 0.9931735859570912, "test_wordlevel-PG_precision": 0.9622641509433962, "test_wordlevel-PG_recall": 0.9922178988326849, "test_wordlevel-PG_f1": 0.9770114942528736, "test_wordlevel-SG_precision": 0.9691211401425178, "test_wordlevel-SG_recall": 0.9400921658986175, "test_wordlevel-SG_f1": 0.9543859649122808, "test_wordlevel-PI_precision": 0.9330628803245437, "test_wordlevel-PI_recall": 0.9349593495934959, "test_wordlevel-PI_f1": 0.934010152284264, "test_wordlevel-ISG_precision": 0.8991596638655462, "test_wordlevel-ISG_recall": 0.856, "test_wordlevel-ISG_f1": 0.8770491803278688, "test_wordlevel-ORG_precision": 0.9247311827956989, "test_wordlevel-ORG_recall": 0.9148936170212766, "test_wordlevel-ORG_f1": 0.9197860962566845, "test_runtime": 4.5197, "test_samples_per_second": 178.993, "test_steps_per_second": 2.876, "epoch": 6.0, "run_id": "rep03-fold04"}
