{"test_loss": 0.08033238351345062, "test_seqeval-macro_precision": 0.8234977217226083, "test_seqeval-macro_recall": 0.8848022234689733, "test_seqeval-macro_f1": 0.851965726225232, "test_seqeval-micro_precision": 0.8352570828961176, "test_seqeval-micro_recall": 0.8913773796192609, "test_seqeval-micro_f1": 0.8624052004333694, "test_seqeval-PG_precision": 0.900990099009901, "test_seqeval-PG_recall": 0.8921568627450981, "test_seqeval-PG_f1": 0.8965517241379312, "test_seqeval-SG_precision": 0.8679245283018868, "test_seqeval-SG_recall": 0.8994413407821229, "test_seqeval-SG_f1": 0.8834019204389574, "test_seqeval-PI_precision": 0.8114285714285714, "test_seqeval-PI_recall": 0.8658536585365854, "test_seqeval-PI_f1": 0.8377581120943953, "test_seqeval-ISG_precision": 0.6776859504132231, "test_seqeval-ISG_recall": 0.8367346938775511, "test_seqeval-ISG_f1": 0.7488584474885844, "test_seqeval-ORG_precision": 0.8594594594594595, "test_seqeval-ORG_recall": 0.9298245614035088, "test_seqeval-ORG_f1": 0.8932584269662922, "test_spanlevel-macro_precision_spanwise": 0.8470942064688802, "test_spanlevel-macro_recall_spanwise": 0.8451489871585111, "test_spanlevel-macro_f1_spanwise": 0.8427634266686364, "test_spanlevel-macro_precision_seqavg": 0.8721687670621684, "test_spanlevel-macro_recall_seqavg": 0.8692885117198024, "test_spanlevel-macro_f1_seqavg": 0.8678177366004622, "test_spanlevel-micro_precision_spanwise": 0.9107071090847686, "test_spanlevel-micro_recall_spanwise": 0.9068065622320941, "test_spanlevel-micro_f1_spanwise": 0.9043824022938541, "test_spanlevel-micro_precision_seqavg": 0.907851521164021, "test_spanlevel-micro_recall_seqavg": 0.9033904660154659, "test_spanlevel-micro_f1_seqavg": 0.9014015226784833, "test_spanlevel-PG_precision_spanwise": 0.9689542483660131, "test_spanlevel-PG_recall_spanwise": 0.9763071895424836, "test_spanlevel-PG_f1_spanwise": 0.9685340802987863, "test_spanlevel-PG_precision_seqavg": 0.9820444687200159, "test_spanlevel-PG_recall_seqavg": 0.9811069377662484, "test_spanlevel-PG_f1_seqavg": 0.9771147188669775, "test_spanlevel-SG_precision_spanwise": 0.9185334528076464, "test_spanlevel-SG_recall_spanwise": 0.9099405746583167, "test_spanlevel-SG_f1_spanwise": 0.9086382312781743, "test_spanlevel-SG_precision_seqavg": 0.9217404913195653, "test_spanlevel-SG_recall_seqavg": 0.9246292065800101, "test_spanlevel-SG_f1_seqavg": 0.9193914481769689, "test_spanlevel-PI_precision_spanwise": 0.8262075334086204, "test_spanlevel-PI_recall_spanwise": 0.8218828602227812, "test_spanlevel-PI_f1_spanwise": 0.8217508940335029, "test_spanlevel-PI_precision_seqavg": 0.8501241726096722, "test_spanlevel-PI_recall_seqavg": 0.8413542480105567, "test_spanlevel-PI_f1_seqavg": 0.8427098081413904, "test_spanlevel-ISG_precision_spanwise": 0.6751968503937008, "test_spanlevel-ISG_recall_spanwise": 0.6732283464566929, "test_spanlevel-ISG_f1_spanwise": 0.6712598425196851, "test_spanlevel-ISG_precision_seqavg": 0.7487085775471513, "test_spanlevel-ISG_recall_seqavg": 0.7434617758788152, "test_spanlevel-ISG_f1_seqavg": 0.7436347073188565, "test_spanlevel-ORG_precision_spanwise": 0.8465789473684209, "test_spanlevel-ORG_recall_spanwise": 0.8443859649122807, "test_spanlevel-ORG_f1_spanwise": 0.8436340852130325, "test_spanlevel-ORG_precision_seqavg": 0.8582261251144376, "test_spanlevel-ORG_recall_seqavg": 0.8558903903633808, "test_spanlevel-ORG_f1_seqavg": 0.8562380004981178, "test_doclevel-micro_precision": 0.964527027027027, "test_doclevel-micro_recall": 0.9861830742659758, "test_doclevel-micro_f1": 0.9752348420153715, "test_doclevel-PG_precision": 1.0, "test_doclevel-PG_recall": 0.9893617021276596, "test_doclevel-PG_f1": 0.9946524064171123, "test_doclevel-SG_precision": 0.9659863945578231, "test_doclevel-SG_recall": 0.9659863945578231, "test_doclevel-SG_f1": 0.9659863945578231, "test_doclevel-PI_precision": 0.8741258741258742, "test_doclevel-PI_recall": 0.9615384615384616, "test_doclevel-PI_f1": 0.9157509157509157, "test_doclevel-ISG_precision": 0.7589285714285714, "test_doclevel-ISG_recall": 0.8947368421052632, "test_doclevel-ISG_f1": 0.821256038647343, "test_doclevel-ORG_precision": 0.9013157894736842, "test_doclevel-ORG_recall": 0.9513888888888888, "test_doclevel-ORG_f1": 0.9256756756756757, "test_wordlevel-macro_precision": 0.9051964616987241, "test_wordlevel-macro_recall": 0.9278549101302404, "test_wordlevel-macro_f1": 0.9158410156817824, "test_wordlevel-O_precision": 0.9916071304709718, "test_wordlevel-O_recall": 0.9909884929987522, "test_wordlevel-O_f1": 0.9912977152168637, "test_wordlevel-PG_precision": 0.9655172413793104, "test_wordlevel-PG_recall": 0.9655172413793104, "test_wordlevel-PG_f1": 0.9655172413793104, "test_wordlevel-SG_precision": 0.957427536231884, "test_wordlevel-SG_recall": 0.9280070237050044, "test_wordlevel-SG_f1": 0.9424877396344182, "test_wordlevel-PI_precision": 0.8823529411764706, "test_wordlevel-PI_recall": 0.9116022099447514, "test_wordlevel-PI_f1": 0.8967391304347826, "test_wordlevel-ISG_precision": 0.7515923566878981, "test_wordlevel-ISG_recall": 0.855072463768116, "test_wordlevel-ISG_f1": 0.8, "test_wordlevel-ORG_precision": 0.88268156424581, "test_wordlevel-ORG_recall": 0.9159420289855073, "test_wordlevel-ORG_f1": 0.89900426742532, "test_runtime": 4.7792, "test_samples_per_second": 169.484, "test_steps_per_second": 2.72, "epoch": 5.0, "run_id": "rep01-fold05"}
