{"test_loss": 0.08240906149148941, "test_seqeval-macro_precision": 0.7809195806820189, "test_seqeval-macro_recall": 0.8625369289461984, "test_seqeval-macro_f1": 0.8185538106094397, "test_seqeval-micro_precision": 0.7843642611683849, "test_seqeval-micro_recall": 0.8564727954971857, "test_seqeval-micro_f1": 0.8188340807174888, "test_seqeval-PG_precision": 0.8922155688622755, "test_seqeval-PG_recall": 0.9254658385093167, "test_seqeval-PG_f1": 0.9085365853658537, "test_seqeval-SG_precision": 0.8027397260273973, "test_seqeval-SG_recall": 0.8207282913165266, "test_seqeval-SG_f1": 0.8116343490304708, "test_seqeval-PI_precision": 0.7291666666666666, "test_seqeval-PI_recall": 0.875, "test_seqeval-PI_f1": 0.7954545454545454, "test_seqeval-ISG_precision": 0.6754966887417219, "test_seqeval-ISG_recall": 0.8292682926829268, "test_seqeval-ISG_f1": 0.7445255474452555, "test_seqeval-ORG_precision": 0.8049792531120332, "test_seqeval-ORG_recall": 0.8622222222222222, "test_seqeval-ORG_f1": 0.832618025751073, "test_spanlevel-macro_precision_spanwise": 0.8232831588764826, "test_spanlevel-macro_recall_spanwise": 0.8262543628491317, "test_spanlevel-macro_f1_spanwise": 0.8202966884497339, "test_spanlevel-macro_precision_seqavg": 0.8434476403254341, "test_spanlevel-macro_recall_seqavg": 0.8488051420894018, "test_spanlevel-macro_f1_seqavg": 0.8418312788805953, "test_spanlevel-micro_precision_spanwise": 0.8843683410906609, "test_spanlevel-micro_recall_spanwise": 0.8925104357661474, "test_spanlevel-micro_f1_spanwise": 0.8842556208338745, "test_spanlevel-micro_precision_seqavg": 0.87861951169878, "test_spanlevel-micro_recall_seqavg": 0.8853312909143702, "test_spanlevel-micro_f1_seqavg": 0.8778123485296142, "test_spanlevel-PG_precision_spanwise": 0.9317269076305222, "test_spanlevel-PG_recall_spanwise": 0.9497991967871485, "test_spanlevel-PG_f1_spanwise": 0.93714859437751, "test_spanlevel-PG_precision_seqavg": 0.948418227229135, "test_spanlevel-PG_recall_seqavg": 0.9596895235994638, "test_spanlevel-PG_f1_seqavg": 0.9504457151864281, "test_spanlevel-SG_precision_spanwise": 0.8602159217850707, "test_spanlevel-SG_recall_spanwise": 0.8604910234564489, "test_spanlevel-SG_f1_spanwise": 0.8537891604010025, "test_spanlevel-SG_precision_seqavg": 0.8715130848146104, "test_spanlevel-SG_recall_seqavg": 0.8783939958259308, "test_spanlevel-SG_f1_seqavg": 0.8698598747250502, "test_spanlevel-PI_precision_spanwise": 0.7940677966101694, "test_spanlevel-PI_recall_spanwise": 0.7817393058918483, "test_spanlevel-PI_f1_spanwise": 0.7840055048529624, "test_spanlevel-PI_precision_seqavg": 0.8122267067270504, "test_spanlevel-PI_recall_seqavg": 0.7945681025503424, "test_spanlevel-PI_f1_seqavg": 0.7999203503738755, "test_spanlevel-ISG_precision_spanwise": 0.6614255765199161, "test_spanlevel-ISG_recall_spanwise": 0.6740041928721173, "test_spanlevel-ISG_f1_spanwise": 0.6635220125786163, "test_spanlevel-ISG_precision_seqavg": 0.6921385135705961, "test_spanlevel-ISG_recall_seqavg": 0.7202387161568053, "test_spanlevel-ISG_f1_seqavg": 0.7001698377336244, "test_spanlevel-ORG_precision_spanwise": 0.8689795918367347, "test_spanlevel-ORG_recall_spanwise": 0.8652380952380953, "test_spanlevel-ORG_f1_spanwise": 0.8630181700385782, "test_spanlevel-ORG_precision_seqavg": 0.8929416692857779, "test_spanlevel-ORG_recall_seqavg": 0.8911353723144678, "test_spanlevel-ORG_f1_seqavg": 0.8887606163839976, "test_doclevel-micro_precision": 0.9597523219814241, "test_doclevel-micro_recall": 0.9841269841269841, "test_doclevel-micro_f1": 0.9717868338557992, "test_doclevel-PG_precision": 0.9683544303797469, "test_doclevel-PG_recall": 0.9870967741935484, "test_doclevel-PG_f1": 0.9776357827476039, "test_doclevel-SG_precision": 0.9514925373134329, "test_doclevel-SG_recall": 0.9550561797752809, "test_doclevel-SG_f1": 0.9532710280373832, "test_doclevel-PI_precision": 0.8526315789473684, "test_doclevel-PI_recall": 0.9759036144578314, "test_doclevel-PI_f1": 0.9101123595505617, "test_doclevel-ISG_precision": 0.75, "test_doclevel-ISG_recall": 0.9, "test_doclevel-ISG_f1": 0.8181818181818182, "test_doclevel-ORG_precision": 0.9207317073170732, "test_doclevel-ORG_recall": 0.9617834394904459, "test_doclevel-ORG_f1": 0.940809968847352, "test_wordlevel-macro_precision": 0.882750975334219, "test_wordlevel-macro_recall": 0.9453655709000559, "test_wordlevel-macro_f1": 0.9118842900886824, "test_wordlevel-O_precision": 0.9948936681485041, "test_wordlevel-O_recall": 0.9850701879609802, "test_wordlevel-O_f1": 0.9899575587303484, "test_wordlevel-PG_precision": 0.9385113268608414, "test_wordlevel-PG_recall": 0.9863945578231292, "test_wordlevel-PG_f1": 0.9618573797678276, "test_wordlevel-SG_precision": 0.9002514668901928, "test_wordlevel-SG_recall": 0.9282627484874676, "test_wordlevel-SG_f1": 0.9140425531914893, "test_wordlevel-PI_precision": 0.8631790744466801, "test_wordlevel-PI_recall": 0.9470198675496688, "test_wordlevel-PI_f1": 0.9031578947368422, "test_wordlevel-ISG_precision": 0.7004608294930875, "test_wordlevel-ISG_recall": 0.8735632183908046, "test_wordlevel-ISG_f1": 0.7774936061381075, "test_wordlevel-ORG_precision": 0.8992094861660079, "test_wordlevel-ORG_recall": 0.9518828451882845, "test_wordlevel-ORG_f1": 0.9247967479674796, "test_runtime": 5.4814, "test_samples_per_second": 163.463, "test_steps_per_second": 2.554, "epoch": 4.0, "run_id": "rep04-fold05"}
