{"test_loss": NaN, "test_seqeval-macro_precision": 0.003310511081256003, "test_seqeval-macro_recall": 0.0498778180559259, "test_seqeval-macro_f1": 0.005993247898420893, "test_seqeval-micro_precision": 0.0034023668639053253, "test_seqeval-micro_recall": 0.04722792607802875, "test_seqeval-micro_f1": 0.0063474541189457705, "test_seqeval-SG_precision": 0.0040609137055837565, "test_seqeval-SG_recall": 0.029850746268656716, "test_seqeval-SG_f1": 0.007149240393208222, "test_seqeval-ISG_precision": 0.0027247956403269754, "test_seqeval-ISG_recall": 0.009259259259259259, "test_seqeval-ISG_f1": 0.004210526315789474, "test_seqeval-ORG_precision": 0.0036448841447539702, "test_seqeval-ORG_recall": 0.07407407407407407, "test_seqeval-ORG_f1": 0.006947890818858561, "test_seqeval-PI_precision": 0.0020527859237536657, "test_seqeval-PI_recall": 0.026615969581749048, "test_seqeval-PI_f1": 0.0038115981486523277, "test_seqeval-PG_precision": 0.004069175991861648, "test_seqeval-PG_recall": 0.1095890410958904, "test_seqeval-PG_f1": 0.00784698381559588, "test_spanlevel-macro_precision_spanwise": 0.018033286774263996, "test_spanlevel-macro_recall_spanwise": 0.010053456402562203, "test_spanlevel-macro_f1_spanwise": 0.011864353257508684, "test_spanlevel-macro_precision_seqavg": 0.017161998926569767, "test_spanlevel-macro_recall_seqavg": 0.009206573639557087, "test_spanlevel-macro_f1_seqavg": 0.01097754517421697, "test_spanlevel-micro_precision_spanwise": 0.07552741143552753, "test_spanlevel-micro_recall_spanwise": 0.11338543464575644, "test_spanlevel-micro_f1_spanwise": 0.08445658960529269, "test_spanlevel-micro_precision_seqavg": 0.08423948871322509, "test_spanlevel-micro_recall_seqavg": 0.12870816342336985, "test_spanlevel-micro_f1_seqavg": 0.09502531293656204, "test_spanlevel-SG_precision_spanwise": 0.027819674878498405, "test_spanlevel-SG_recall_spanwise": 0.011160988611969003, "test_spanlevel-SG_f1_spanwise": 0.014357833664017675, "test_spanlevel-SG_precision_seqavg": 0.0310087289537486, "test_spanlevel-SG_recall_seqavg": 0.013100643945940661, "test_spanlevel-SG_f1_seqavg": 0.016402429890704878, "test_spanlevel-ISG_precision_spanwise": 0.007918552036199095, "test_spanlevel-ISG_recall_spanwise": 0.005090497737556561, "test_spanlevel-ISG_f1_spanwise": 0.0060331825037707384, "test_spanlevel-ISG_precision_seqavg": 0.0017034799986486596, "test_spanlevel-ISG_recall_seqavg": 0.0008871931569077217, "test_spanlevel-ISG_f1_seqavg": 0.0011592887708213675, "test_spanlevel-ORG_precision_spanwise": 0.0200354609929078, "test_spanlevel-ORG_recall_spanwise": 0.01200169917257683, "test_spanlevel-ORG_f1_spanwise": 0.014275798448005894, "test_spanlevel-ORG_precision_seqavg": 0.019275442578858493, "test_spanlevel-ORG_recall_seqavg": 0.011492666988151466, "test_spanlevel-ORG_f1_seqavg": 0.01378185973613882, "test_spanlevel-PI_precision_spanwise": 0.02075522040134249, "test_spanlevel-PI_recall_spanwise": 0.011997906988322794, "test_spanlevel-PI_f1_spanwise": 0.013975094009529478, "test_spanlevel-PI_precision_seqavg": 0.020171563739188422, "test_spanlevel-PI_recall_seqavg": 0.011292865458244835, "test_spanlevel-PI_f1_seqavg": 0.013315752606588864, "test_spanlevel-PG_precision_spanwise": 0.013637525562372188, "test_spanlevel-PG_recall_spanwise": 0.010016189502385822, "test_spanlevel-PG_f1_spanwise": 0.010679857662219626, "test_spanlevel-PG_precision_seqavg": 0.013650779362404658, "test_spanlevel-PG_recall_seqavg": 0.009259498648540754, "test_spanlevel-PG_f1_seqavg": 0.010228394866830928, "test_spanlevel-macro_precision_relaxed": 0.028134362281765257, "test_spanlevel-macro_recall_relaxed": 0.19697933718942123, "test_spanlevel-macro_f1_relaxed": 0.12371533995379458, "test_spanlevel-micro_precision_relaxed": 0.02781158716201864, "test_spanlevel-micro_recall_relaxed": 0.19771929984114853, "test_spanlevel-micro_f1_relaxed": 0.12898204164869898, "test_spanlevel-SG_precision_relaxed": 0.03904997642621405, "test_spanlevel-SG_recall_relaxed": 0.0869813584348468, "test_spanlevel-SG_f1_relaxed": 0.3093914286079087, "test_spanlevel-ISG_precision_relaxed": 0.00963718820861678, "test_spanlevel-ISG_recall_relaxed": 0.020833333333333332, "test_spanlevel-ISG_f1_relaxed": 0.5583333333333332, "test_spanlevel-ORG_precision_relaxed": 0.036524763174068726, "test_spanlevel-ORG_recall_relaxed": 0.34781202435312025, "test_spanlevel-ORG_f1_relaxed": 0.3690125339003449, "test_spanlevel-PI_precision_relaxed": 0.02658224941211052, "test_spanlevel-PI_recall_relaxed": 0.18210645415190865, "test_spanlevel-PI_f1_relaxed": 0.2939381647406334, "test_spanlevel-PG_precision_relaxed": 0.01618503401360544, "test_spanlevel-PG_recall_relaxed": 0.3385491606714628, "test_spanlevel-PG_f1_relaxed": 0.26846350741596514, "test_doclevel-micro_precision": 0.6792237442922374, "test_doclevel-micro_recall": 1.0, "test_doclevel-micro_f1": 0.8089734874235214, "test_doclevel-SG_precision": 0.2524752475247525, "test_doclevel-SG_recall": 0.9488372093023256, "test_doclevel-SG_f1": 0.3988269794721408, "test_doclevel-ISG_precision": 0.10884353741496598, "test_doclevel-ISG_recall": 0.3333333333333333, "test_doclevel-ISG_f1": 0.16410256410256407, "test_doclevel-ORG_precision": 0.16782407407407407, "test_doclevel-ORG_recall": 0.9931506849315068, "test_doclevel-ORG_f1": 0.2871287128712871, "test_doclevel-PI_precision": 0.2523148148148148, "test_doclevel-PI_recall": 0.990909090909091, "test_doclevel-PI_f1": 0.4022140221402214, "test_doclevel-PG_precision": 0.15885714285714286, "test_doclevel-PG_recall": 1.0, "test_doclevel-PG_f1": 0.27416173570019725, "test_wordlevel-macro_precision": 0.16871972930303594, "test_wordlevel-macro_recall": 0.1787157528923239, "test_wordlevel-macro_f1": 0.06624945310202339, "test_wordlevel-O_precision": 0.8803512623490669, "test_wordlevel-O_recall": 0.09901845792950183, "test_wordlevel-O_f1": 0.17801453859386274, "test_wordlevel-SG_precision": 0.039244908097367116, "test_wordlevel-SG_recall": 0.1036745406824147, "test_wordlevel-SG_f1": 0.05693693693693694, "test_wordlevel-ISG_precision": 0.010638297872340425, "test_wordlevel-ISG_recall": 0.024539877300613498, "test_wordlevel-ISG_f1": 0.014842300556586273, "test_wordlevel-ORG_precision": 0.03801093465243426, "test_wordlevel-ORG_recall": 0.31877729257641924, "test_wordlevel-ORG_f1": 0.06792277273784601, "test_wordlevel-PI_precision": 0.02997393570807993, "test_wordlevel-PI_recall": 0.22258064516129034, "test_wordlevel-PI_f1": 0.052833078101071976, "test_wordlevel-PG_precision": 0.014099037138927097, "test_wordlevel-PG_recall": 0.3037037037037037, "test_wordlevel-PG_f1": 0.02694709168583635, "test_runtime": 24.2081, "test_samples_per_second": 36.186, "test_steps_per_second": 0.578, "epoch": 4.0, "run_id": "rep02-step06"}
