{"test_loss": NaN, "test_seqeval-macro_precision": 0.00421623051384608, "test_seqeval-macro_recall": 0.05712362597379585, "test_seqeval-macro_f1": 0.007821374411786926, "test_seqeval-micro_precision": 0.006538618716796077, "test_seqeval-micro_recall": 0.0927536231884058, "test_seqeval-micro_f1": 0.012216071769421645, "test_seqeval-SG_precision": 0.017367650136011718, "test_seqeval-SG_recall": 0.2034313725490196, "test_seqeval-SG_f1": 0.03200308463466359, "test_seqeval-ISG_precision": 0.000304228780042592, "test_seqeval-ISG_recall": 0.00819672131147541, "test_seqeval-ISG_f1": 0.0005866823115283074, "test_seqeval-ORG_precision": 0.0, "test_seqeval-ORG_recall": 0.0, "test_seqeval-ORG_f1": 0.0, "test_seqeval-PI_precision": 0.0020905923344947735, "test_seqeval-PI_recall": 0.0430622009569378, "test_seqeval-PI_f1": 0.003987594151528578, "test_seqeval-PG_precision": 0.0013186813186813187, "test_seqeval-PG_recall": 0.030927835051546393, "test_seqeval-PG_f1": 0.002529510961214165, "test_spanlevel-macro_precision_spanwise": 0.014266380048050123, "test_spanlevel-macro_recall_spanwise": 0.008467723838681671, "test_spanlevel-macro_f1_spanwise": 0.009934085150349003, "test_spanlevel-macro_precision_seqavg": 0.014660736983024374, "test_spanlevel-macro_recall_seqavg": 0.008935296321084075, "test_spanlevel-macro_f1_seqavg": 0.010410073351747876, "test_spanlevel-micro_precision_spanwise": 0.06535940865585022, "test_spanlevel-micro_recall_spanwise": 0.06750812846396835, "test_spanlevel-micro_f1_spanwise": 0.06411064535366472, "test_spanlevel-micro_precision_seqavg": 0.07827682271108419, "test_spanlevel-micro_recall_seqavg": 0.08008871093165035, "test_spanlevel-micro_f1_seqavg": 0.07641169193076873, "test_spanlevel-SG_precision_spanwise": 0.04969144638483316, "test_spanlevel-SG_recall_spanwise": 0.02956096982490634, "test_spanlevel-SG_f1_spanwise": 0.034701575692996145, "test_spanlevel-SG_precision_seqavg": 0.05216833819157576, "test_spanlevel-SG_recall_seqavg": 0.03312274677185224, "test_spanlevel-SG_f1_seqavg": 0.038066397099681654, "test_spanlevel-ISG_precision_spanwise": 0.002698316088456076, "test_spanlevel-ISG_recall_spanwise": 0.0025546087779806585, "test_spanlevel-ISG_f1_spanwise": 0.0023255224183404343, "test_spanlevel-ISG_precision_seqavg": 0.0029819041290356876, "test_spanlevel-ISG_recall_seqavg": 0.00249084027763034, "test_spanlevel-ISG_f1_seqavg": 0.002397176155738488, "test_spanlevel-ORG_precision_spanwise": 0.0, "test_spanlevel-ORG_recall_spanwise": 0.0, "test_spanlevel-ORG_f1_spanwise": 0.0, "test_spanlevel-ORG_precision_seqavg": 0.0, "test_spanlevel-ORG_recall_seqavg": 0.0, "test_spanlevel-ORG_f1_seqavg": 0.0, "test_spanlevel-PI_precision_spanwise": 0.009146816129534484, "test_spanlevel-PI_recall_spanwise": 0.004704034742568138, "test_spanlevel-PI_f1_spanwise": 0.0058840683811491835, "test_spanlevel-PI_precision_seqavg": 0.008755497093387183, "test_spanlevel-PI_recall_seqavg": 0.003956488043324937, "test_spanlevel-PI_f1_seqavg": 0.005267057082938163, "test_spanlevel-PG_precision_spanwise": 0.0097953216374269, "test_spanlevel-PG_recall_spanwise": 0.005519005847953216, "test_spanlevel-PG_f1_spanwise": 0.006759259259259258, "test_spanlevel-PG_precision_seqavg": 0.00939794550112324, "test_spanlevel-PG_recall_seqavg": 0.005106406512612854, "test_spanlevel-PG_f1_seqavg": 0.006319736420381073, "test_spanlevel-macro_precision_relaxed": 0.0329156905749625, "test_spanlevel-macro_recall_relaxed": 0.20989137794087404, "test_spanlevel-macro_f1_relaxed": 0.138152213017364, "test_spanlevel-micro_precision_relaxed": 0.03761391942446489, "test_spanlevel-micro_recall_relaxed": 0.21091277749168538, "test_spanlevel-micro_f1_relaxed": 0.15435261223845012, "test_spanlevel-SG_precision_relaxed": 0.10023956465604064, "test_spanlevel-SG_recall_relaxed": 0.4097985303364377, "test_spanlevel-SG_f1_relaxed": 0.3627263422162906, "test_spanlevel-ISG_precision_relaxed": 0.003338775510204082, "test_spanlevel-ISG_recall_relaxed": 0.09626436781609195, "test_spanlevel-ISG_f1_relaxed": 0.2634736023135791, "test_spanlevel-ORG_precision_relaxed": 0.0, "test_spanlevel-ORG_recall_relaxed": 0.0, "test_spanlevel-ORG_f1_relaxed": NaN, "test_spanlevel-PI_precision_relaxed": 0.015524885547900508, "test_spanlevel-PI_recall_relaxed": 0.14442254919133532, "test_spanlevel-PI_f1_relaxed": 0.273143036300931, "test_spanlevel-PG_precision_relaxed": 0.010583915066899362, "test_spanlevel-PG_recall_relaxed": 0.13829787234042554, "test_spanlevel-PG_f1_relaxed": 0.3897223549397463, "test_doclevel-micro_precision": 0.7155858930602957, "test_doclevel-micro_recall": 1.0, "test_doclevel-micro_f1": 0.8342175066312997, "test_doclevel-SG_precision": 0.34553775743707094, "test_doclevel-SG_recall": 0.9966996699669967, "test_doclevel-SG_f1": 0.5131690739167374, "test_doclevel-ISG_precision": 0.13257142857142856, "test_doclevel-ISG_recall": 1.0, "test_doclevel-ISG_f1": 0.23410696266397577, "test_doclevel-ORG_precision": 0.029411764705882353, "test_doclevel-ORG_recall": 0.005952380952380952, "test_doclevel-ORG_f1": 0.0099009900990099, "test_doclevel-PI_precision": 0.19907940161104717, "test_doclevel-PI_recall": 1.0, "test_doclevel-PI_f1": 0.33205374280230326, "test_doclevel-PG_precision": 0.112565445026178, "test_doclevel-PG_recall": 0.9148936170212766, "test_doclevel-PG_f1": 0.20046620046620045, "test_wordlevel-macro_precision": 0.16912061522599522, "test_wordlevel-macro_recall": 0.15363153101347746, "test_wordlevel-macro_f1": 0.08701125839132147, "test_wordlevel-O_precision": 0.8871058558558559, "test_wordlevel-O_recall": 0.1910507488025223, "test_wordlevel-O_f1": 0.31439261661262163, "test_wordlevel-SG_precision": 0.096045197740113, "test_wordlevel-SG_recall": 0.33849557522123896, "test_wordlevel-SG_f1": 0.14963325183374085, "test_wordlevel-ISG_precision": 0.0043859649122807015, "test_wordlevel-ISG_recall": 0.09523809523809523, "test_wordlevel-ISG_f1": 0.008385744234800839, "test_wordlevel-ORG_precision": 0.0, "test_wordlevel-ORG_recall": 0.0, "test_wordlevel-ORG_f1": 0.0, "test_wordlevel-PI_precision": 0.01602787456445993, "test_wordlevel-PI_recall": 0.14495798319327732, "test_wordlevel-PI_f1": 0.028864254340096217, "test_wordlevel-PG_precision": 0.011158798283261802, "test_wordlevel-PG_recall": 0.15204678362573099, "test_wordlevel-PG_f1": 0.020791683326669332, "test_runtime": 27.8594, "test_samples_per_second": 31.551, "test_steps_per_second": 0.503, "epoch": 4.0, "run_id": "rep05-step05"}
