{"test_loss": NaN, "test_seqeval-macro_precision": 0.0032106205036284024, "test_seqeval-macro_recall": 0.04361425729712175, "test_seqeval-macro_f1": 0.005507680584125977, "test_seqeval-micro_precision": 0.0032225579053373615, "test_seqeval-micro_recall": 0.0450281425891182, "test_seqeval-micro_f1": 0.006014660735542886, "test_seqeval-SG_precision": 0.005305039787798408, "test_seqeval-SG_recall": 0.011204481792717087, "test_seqeval-SG_f1": 0.0072007200720072, "test_seqeval-ISG_precision": 0.0, "test_seqeval-ISG_recall": 0.0, "test_seqeval-ISG_f1": 0.0, "test_seqeval-ORG_precision": 0.008094825093957791, "test_seqeval-ORG_recall": 0.12444444444444444, "test_seqeval-ORG_f1": 0.01520086862106406, "test_seqeval-PI_precision": 0.002097064110245656, "test_seqeval-PI_recall": 0.07, "test_seqeval-PI_f1": 0.0040721349621873175, "test_seqeval-PG_precision": 0.0005561735261401557, "test_seqeval-PG_recall": 0.012422360248447204, "test_seqeval-PG_f1": 0.001064679265371307, "test_spanlevel-macro_precision_spanwise": 0.01120622535080056, "test_spanlevel-macro_recall_spanwise": 0.006510554975572411, "test_spanlevel-macro_f1_spanwise": 0.007433600683368081, "test_spanlevel-macro_precision_seqavg": 0.011863799612373877, "test_spanlevel-macro_recall_seqavg": 0.006525332924495098, "test_spanlevel-macro_f1_seqavg": 0.007544440849038542, "test_spanlevel-micro_precision_spanwise": 0.07139027608142799, "test_spanlevel-micro_recall_spanwise": 0.08832957797826405, "test_spanlevel-micro_f1_spanwise": 0.07504372563390309, "test_spanlevel-micro_precision_seqavg": 0.07989723350633073, "test_spanlevel-micro_recall_seqavg": 0.09948332762922976, "test_spanlevel-micro_f1_seqavg": 0.08411211786249606, "test_spanlevel-SG_precision_spanwise": 0.01759943681802182, "test_spanlevel-SG_recall_spanwise": 0.006639939902875489, "test_spanlevel-SG_f1_spanwise": 0.008282082226116016, "test_spanlevel-SG_precision_seqavg": 0.018798750701217004, "test_spanlevel-SG_recall_seqavg": 0.005331132090758971, "test_spanlevel-SG_f1_seqavg": 0.007291114237143787, "test_spanlevel-ISG_precision_spanwise": 0.0, "test_spanlevel-ISG_recall_spanwise": 0.0, "test_spanlevel-ISG_f1_spanwise": 0.0, "test_spanlevel-ISG_precision_seqavg": 0.0, "test_spanlevel-ISG_recall_seqavg": 0.0, "test_spanlevel-ISG_f1_seqavg": 0.0, "test_spanlevel-ORG_precision_spanwise": 0.02071220930232558, "test_spanlevel-ORG_recall_spanwise": 0.013083587117017351, "test_spanlevel-ORG_f1_spanwise": 0.01499157899593946, "test_spanlevel-ORG_precision_seqavg": 0.02237322090812438, "test_spanlevel-ORG_recall_seqavg": 0.01448277897570142, "test_spanlevel-ORG_f1_seqavg": 0.01638692364426542, "test_spanlevel-PI_precision_spanwise": 0.011852110067757469, "test_spanlevel-PI_recall_spanwise": 0.009147669641798053, "test_spanlevel-PI_f1_spanwise": 0.00960942178038411, "test_spanlevel-PI_precision_seqavg": 0.011559964781431073, "test_spanlevel-PI_recall_seqavg": 0.009064190226481337, "test_spanlevel-PI_f1_seqavg": 0.00954277810094514, "test_spanlevel-PG_precision_spanwise": 0.005867370565897935, "test_spanlevel-PG_recall_spanwise": 0.0036815782161711587, "test_spanlevel-PG_f1_spanwise": 0.0042849204144008255, "test_spanlevel-PG_precision_seqavg": 0.006587061671096928, "test_spanlevel-PG_recall_seqavg": 0.003748563329533761, "test_spanlevel-PG_f1_seqavg": 0.004501388262838357, "test_spanlevel-macro_precision_relaxed": 0.0181041354995038, "test_spanlevel-macro_recall_relaxed": 0.15178136237660045, "test_spanlevel-macro_f1_relaxed": 0.10448578116368419, "test_spanlevel-micro_precision_relaxed": 0.020240811020742183, "test_spanlevel-micro_recall_relaxed": 0.15339644174167982, "test_spanlevel-micro_f1_relaxed": 0.12456557505768115, "test_spanlevel-SG_precision_relaxed": 0.02972582972582973, "test_spanlevel-SG_recall_relaxed": 0.017969556452702522, "test_spanlevel-SG_f1_relaxed": 0.31409402949569154, "test_spanlevel-ISG_precision_relaxed": 0.0, "test_spanlevel-ISG_recall_relaxed": 0.0, "test_spanlevel-ISG_f1_relaxed": NaN, "test_spanlevel-ORG_precision_relaxed": 0.026258209753633095, "test_spanlevel-ORG_recall_relaxed": 0.257544737640279, "test_spanlevel-ORG_f1_relaxed": 0.3075207868761288, "test_spanlevel-PI_precision_relaxed": 0.023628530241253453, "test_spanlevel-PI_recall_relaxed": 0.42159829795371967, "test_spanlevel-PI_f1_relaxed": 0.2633992923260995, "test_spanlevel-PG_precision_relaxed": 0.005607510122182809, "test_spanlevel-PG_recall_relaxed": 0.09569892473118279, "test_spanlevel-PG_f1_relaxed": 0.23430256059966748, "test_doclevel-micro_precision": 0.703125, "test_doclevel-micro_recall": 1.0, "test_doclevel-micro_f1": 0.8256880733944955, "test_doclevel-SG_precision": 0.329004329004329, "test_doclevel-SG_recall": 0.5692883895131086, "test_doclevel-SG_f1": 0.41700960219478733, "test_doclevel-ISG_precision": 0.12941176470588237, "test_doclevel-ISG_recall": 0.4, "test_doclevel-ISG_f1": 0.1955555555555556, "test_doclevel-ORG_precision": 0.17848970251716248, "test_doclevel-ORG_recall": 0.9936305732484076, "test_doclevel-ORG_f1": 0.3026188166828322, "test_doclevel-PI_precision": 0.18526785714285715, "test_doclevel-PI_recall": 1.0, "test_doclevel-PI_f1": 0.3126177024482109, "test_doclevel-PG_precision": 0.17381489841986456, "test_doclevel-PG_recall": 0.9935483870967742, "test_doclevel-PG_f1": 0.29586935638808837, "test_wordlevel-macro_precision": 0.1589382169935829, "test_wordlevel-macro_recall": 0.14686388833567554, "test_wordlevel-macro_f1": 0.049184118817372446, "test_wordlevel-O_precision": 0.8632926119837114, "test_wordlevel-O_recall": 0.08827028313109683, "test_wordlevel-O_f1": 0.1601640494306837, "test_wordlevel-SG_precision": 0.029177718832891247, "test_wordlevel-SG_recall": 0.01901469317199654, "test_wordlevel-SG_f1": 0.02302459445316588, "test_wordlevel-ISG_precision": 0.0, "test_wordlevel-ISG_recall": 0.0, "test_wordlevel-ISG_f1": 0.0, "test_wordlevel-ORG_precision": 0.03004172461752434, "test_wordlevel-ORG_recall": 0.22594142259414227, "test_wordlevel-ORG_f1": 0.05303216302479745, "test_wordlevel-PI_precision": 0.02476400637489273, "test_wordlevel-PI_recall": 0.445916114790287, "test_wordlevel-PI_f1": 0.046922183507549356, "test_wordlevel-PG_precision": 0.0063532401524777635, "test_wordlevel-PG_recall": 0.10204081632653061, "test_wordlevel-PG_f1": 0.011961722488038277, "test_runtime": 27.2492, "test_samples_per_second": 32.882, "test_steps_per_second": 0.514, "epoch": 4.0, "run_id": "rep04-step06"}
