{"test_loss": NaN, "test_seqeval-macro_precision": 0.0029000655103813625, "test_seqeval-macro_recall": 0.04754198424578631, "test_seqeval-macro_f1": 0.005232348770104998, "test_seqeval-micro_precision": 0.0028693076638282118, "test_seqeval-micro_recall": 0.03571428571428571, "test_seqeval-micro_f1": 0.005311857436600412, "test_seqeval-SG_precision": 0.0030081650193382035, "test_seqeval-SG_recall": 0.028112449799196786, "test_seqeval-SG_f1": 0.005434782608695652, "test_seqeval-ISG_precision": 0.0029277813923227064, "test_seqeval-ISG_recall": 0.12, "test_seqeval-ISG_f1": 0.0057161003493172435, "test_seqeval-ORG_precision": 0.0008326394671107411, "test_seqeval-ORG_recall": 0.0106951871657754, "test_seqeval-ORG_f1": 0.0015449980687524143, "test_seqeval-PI_precision": 0.0030349013657056147, "test_seqeval-PI_recall": 0.01015228426395939, "test_seqeval-PI_f1": 0.004672897196261682, "test_seqeval-PG_precision": 0.004696840307429547, "test_seqeval-PG_recall": 0.06875, "test_seqeval-PG_f1": 0.008792965627498, "test_spanlevel-macro_precision_spanwise": 0.01123010364958312, "test_spanlevel-macro_recall_spanwise": 0.005840699773681229, "test_spanlevel-macro_f1_spanwise": 0.006959360398439134, "test_spanlevel-macro_precision_seqavg": 0.012761198662330381, "test_spanlevel-macro_recall_seqavg": 0.006914673810924521, "test_spanlevel-macro_f1_seqavg": 0.008175029349298138, "test_spanlevel-micro_precision_spanwise": 0.08175138304197423, "test_spanlevel-micro_recall_spanwise": 0.09100886350058009, "test_spanlevel-micro_f1_spanwise": 0.08048874009287062, "test_spanlevel-micro_precision_seqavg": 0.0895315391925612, "test_spanlevel-micro_recall_seqavg": 0.10023898693748978, "test_spanlevel-micro_f1_seqavg": 0.08795871603741956, "test_spanlevel-SG_precision_spanwise": 0.016231449771689496, "test_spanlevel-SG_recall_spanwise": 0.0058589621375727385, "test_spanlevel-SG_f1_spanwise": 0.00748784999268414, "test_spanlevel-SG_precision_seqavg": 0.022273099002583212, "test_spanlevel-SG_recall_seqavg": 0.009895048869247448, "test_spanlevel-SG_f1_seqavg": 0.011931283625104094, "test_spanlevel-ISG_precision_spanwise": 0.004927963326784544, "test_spanlevel-ISG_recall_spanwise": 0.003718256566979553, "test_spanlevel-ISG_f1_spanwise": 0.0038719711853307135, "test_spanlevel-ISG_precision_seqavg": 0.005366017418055134, "test_spanlevel-ISG_recall_seqavg": 0.003693147277979123, "test_spanlevel-ISG_f1_seqavg": 0.004094524346682465, "test_spanlevel-ORG_precision_spanwise": 0.01783576896311761, "test_spanlevel-ORG_recall_spanwise": 0.00886812804453723, "test_spanlevel-ORG_f1_spanwise": 0.01099280909301786, "test_spanlevel-ORG_precision_seqavg": 0.022621845473663343, "test_spanlevel-ORG_recall_seqavg": 0.011833954712501338, "test_spanlevel-ORG_f1_seqavg": 0.01451347392305735, "test_spanlevel-PI_precision_spanwise": 0.00324254215304799, "test_spanlevel-PI_recall_spanwise": 0.002702118460873324, "test_spanlevel-PI_f1_spanwise": 0.0027793218454697055, "test_spanlevel-PI_precision_seqavg": 0.0025683268156707125, "test_spanlevel-PI_recall_seqavg": 0.002030324991293125, "test_spanlevel-PI_f1_seqavg": 0.0021071823947756375, "test_spanlevel-PG_precision_spanwise": 0.01391279403327596, "test_spanlevel-PG_recall_spanwise": 0.008056033658443297, "test_spanlevel-PG_f1_spanwise": 0.009664849875693248, "test_spanlevel-PG_precision_seqavg": 0.010976704601679495, "test_spanlevel-PG_recall_seqavg": 0.007120893203601568, "test_spanlevel-PG_f1_seqavg": 0.00822868245687115, "test_spanlevel-macro_precision_relaxed": 0.01823417603547393, "test_spanlevel-macro_recall_relaxed": 0.11192237766718435, "test_spanlevel-macro_f1_relaxed": 0.11601573889347604, "test_spanlevel-micro_precision_relaxed": 0.018813621654030627, "test_spanlevel-micro_recall_relaxed": 0.11154510388662589, "test_spanlevel-micro_f1_relaxed": 0.12214774112538854, "test_spanlevel-SG_precision_relaxed": 0.0263152841781874, "test_spanlevel-SG_recall_relaxed": 0.07607936313557444, "test_spanlevel-SG_f1_relaxed": 0.2678361960044105, "test_spanlevel-ISG_precision_relaxed": 0.008167495854063019, "test_spanlevel-ISG_recall_relaxed": 0.27662037037037035, "test_spanlevel-ISG_f1_relaxed": 0.2845193007332226, "test_spanlevel-ORG_precision_relaxed": 0.029009782207456623, "test_spanlevel-ORG_recall_relaxed": 0.14352777777777775, "test_spanlevel-ORG_f1_relaxed": 0.32140348590121287, "test_spanlevel-PI_precision_relaxed": 0.004651162790697674, "test_spanlevel-PI_recall_relaxed": 0.009259259259259259, "test_spanlevel-PI_f1_relaxed": 0.5499999999999999, "test_spanlevel-PG_precision_relaxed": 0.017099567099567097, "test_spanlevel-PG_recall_relaxed": 0.15664556962025317, "test_spanlevel-PG_f1_relaxed": 0.3869156683110171, "test_doclevel-micro_precision": 0.6773794808405439, "test_doclevel-micro_recall": 1.0, "test_doclevel-micro_f1": 0.8076639646278555, "test_doclevel-SG_precision": 0.25268817204301075, "test_doclevel-SG_recall": 0.94, "test_doclevel-SG_f1": 0.3983050847457627, "test_doclevel-ISG_precision": 0.08955223880597014, "test_doclevel-ISG_recall": 1.0, "test_doclevel-ISG_f1": 0.1643835616438356, "test_doclevel-ORG_precision": 0.18863049095607234, "test_doclevel-ORG_recall": 0.9733333333333334, "test_doclevel-ORG_f1": 0.316017316017316, "test_doclevel-PI_precision": 0.1930232558139535, "test_doclevel-PI_recall": 0.5123456790123457, "test_doclevel-PI_f1": 0.2804054054054054, "test_doclevel-PG_precision": 0.19696969696969696, "test_doclevel-PG_recall": 0.9873417721518988, "test_doclevel-PG_f1": 0.32842105263157895, "test_wordlevel-macro_precision": 0.15728495059838207, "test_wordlevel-macro_recall": 0.1615062760841408, "test_wordlevel-macro_f1": 0.08492993103362743, "test_wordlevel-O_precision": 0.8525490196078431, "test_wordlevel-O_recall": 0.22737414586529076, "test_wordlevel-O_f1": 0.3590025871084935, "test_wordlevel-SG_precision": 0.02914702100300043, "test_wordlevel-SG_recall": 0.07834101382488479, "test_wordlevel-SG_f1": 0.04248672289909403, "test_wordlevel-ISG_precision": 0.008337303477846593, "test_wordlevel-ISG_recall": 0.28, "test_wordlevel-ISG_f1": 0.01619245894055054, "test_wordlevel-ORG_precision": 0.030744336569579287, "test_wordlevel-ORG_recall": 0.20212765957446807, "test_wordlevel-ORG_f1": 0.05337078651685393, "test_wordlevel-PI_precision": 0.0045045045045045045, "test_wordlevel-PI_recall": 0.006097560975609756, "test_wordlevel-PI_f1": 0.005181347150259067, "test_wordlevel-PG_precision": 0.018427518427518427, "test_wordlevel-PG_recall": 0.17509727626459143, "test_wordlevel-PG_f1": 0.03334568358651352, "test_runtime": 21.377, "test_samples_per_second": 37.844, "test_steps_per_second": 0.608, "epoch": 4.0, "run_id": "rep03-step04"}
