{"test_loss": NaN, "test_seqeval-macro_precision": 0.005399320906204136, "test_seqeval-macro_recall": 0.11526988503536037, "test_seqeval-macro_f1": 0.010289029490294106, "test_seqeval-micro_precision": 0.009483513276918588, "test_seqeval-micro_recall": 0.1455767077267637, "test_seqeval-micro_f1": 0.01780699952058078, "test_seqeval-SG_precision": 0.015489173383910227, "test_seqeval-SG_recall": 0.2737430167597765, "test_seqeval-SG_f1": 0.0293193717277487, "test_seqeval-ISG_precision": 0.0, "test_seqeval-ISG_recall": 0.0, "test_seqeval-ISG_f1": 0.0, "test_seqeval-ORG_precision": 0.0, "test_seqeval-ORG_recall": 0.0, "test_seqeval-ORG_f1": 0.0, "test_seqeval-PI_precision": 0.0013711151736745886, "test_seqeval-PI_recall": 0.018292682926829267, "test_seqeval-PI_f1": 0.002551020408163265, "test_seqeval-PG_precision": 0.010136315973435861, "test_seqeval-PG_recall": 0.28431372549019607, "test_seqeval-PG_f1": 0.019574755315558558, "test_spanlevel-macro_precision_spanwise": 0.013353310180484107, "test_spanlevel-macro_recall_spanwise": 0.009307465024096033, "test_spanlevel-macro_f1_spanwise": 0.010288420279922215, "test_spanlevel-macro_precision_seqavg": 0.012733538916844266, "test_spanlevel-macro_recall_seqavg": 0.008788831683732548, "test_spanlevel-macro_f1_seqavg": 0.009748118441864965, "test_spanlevel-micro_precision_spanwise": 0.059338752654238186, "test_spanlevel-micro_recall_spanwise": 0.07370406267399758, "test_spanlevel-micro_f1_spanwise": 0.06274972144752648, "test_spanlevel-micro_precision_seqavg": 0.07220229679175542, "test_spanlevel-micro_recall_seqavg": 0.08776479574812561, "test_spanlevel-micro_f1_seqavg": 0.07569653531503812, "test_spanlevel-SG_precision_spanwise": 0.036747368676924574, "test_spanlevel-SG_recall_spanwise": 0.02692453340026382, "test_spanlevel-SG_f1_spanwise": 0.02953789634508061, "test_spanlevel-SG_precision_seqavg": 0.032296484375079065, "test_spanlevel-SG_recall_seqavg": 0.023337986494343543, "test_spanlevel-SG_f1_seqavg": 0.025599131154870624, "test_spanlevel-ISG_precision_spanwise": 0.003246753246753247, "test_spanlevel-ISG_recall_spanwise": 0.0010822510822510823, "test_spanlevel-ISG_f1_spanwise": 0.0016233766233766235, "test_spanlevel-ISG_precision_seqavg": 0.0006986586062968656, "test_spanlevel-ISG_recall_seqavg": 0.00023288620209895516, "test_spanlevel-ISG_f1_seqavg": 0.0003493293031484328, "test_spanlevel-ORG_precision_spanwise": 0.005340873389883757, "test_spanlevel-ORG_recall_spanwise": 0.0021991831605403704, "test_spanlevel-ORG_f1_spanwise": 0.0030309830498331915, "test_spanlevel-ORG_precision_seqavg": 0.007498986715110831, "test_spanlevel-ORG_recall_seqavg": 0.0027514298966402136, "test_spanlevel-ORG_f1_seqavg": 0.003957486648855859, "test_spanlevel-PI_precision_spanwise": 0.005168539325842696, "test_spanlevel-PI_recall_spanwise": 0.0025136436597110756, "test_spanlevel-PI_f1_spanwise": 0.0031139646869983947, "test_spanlevel-PI_precision_seqavg": 0.006173802675326274, "test_spanlevel-PI_recall_seqavg": 0.0034517410419006413, "test_spanlevel-PI_f1_seqavg": 0.0042066905494652735, "test_spanlevel-PG_precision_spanwise": 0.01626301626301626, "test_spanlevel-PG_recall_spanwise": 0.013817713817713817, "test_spanlevel-PG_f1_spanwise": 0.014135880694322254, "test_spanlevel-PG_precision_seqavg": 0.0169997622124083, "test_spanlevel-PG_recall_seqavg": 0.014170114783679386, "test_spanlevel-PG_f1_seqavg": 0.014627954552984632, "test_spanlevel-macro_precision_relaxed": 0.0312370489592712, "test_spanlevel-macro_recall_relaxed": 0.3125955076846574, "test_spanlevel-macro_f1_relaxed": 0.1214480730713508, "test_spanlevel-micro_precision_relaxed": 0.04779118879712716, "test_spanlevel-micro_recall_relaxed": 0.3130413365631287, "test_spanlevel-micro_f1_relaxed": 0.17221952128280318, "test_spanlevel-SG_precision_relaxed": 0.09175432249506324, "test_spanlevel-SG_recall_relaxed": 0.6144420350002583, "test_spanlevel-SG_f1_relaxed": 0.33097628058939094, "test_spanlevel-ISG_precision_relaxed": 0.005076142131979695, "test_spanlevel-ISG_recall_relaxed": 0.003508771929824561, "test_spanlevel-ISG_f1_relaxed": 0.5, "test_spanlevel-ORG_precision_relaxed": 0.007969094922737306, "test_spanlevel-ORG_recall_relaxed": 0.04369212962962962, "test_spanlevel-ORG_f1_relaxed": 0.31605339105339103, "test_spanlevel-PI_precision_relaxed": 0.006100579766790436, "test_spanlevel-PI_recall_relaxed": 0.03221611721611722, "test_spanlevel-PI_f1_relaxed": 0.24944287738405385, "test_spanlevel-PG_precision_relaxed": 0.019243991512629042, "test_spanlevel-PG_recall_relaxed": 0.46054964539007087, "test_spanlevel-PG_f1_relaxed": 0.35719809684340575, "test_doclevel-micro_precision": 0.7148148148148148, "test_doclevel-micro_recall": 1.0, "test_doclevel-micro_f1": 0.8336933045356372, "test_doclevel-SG_precision": 0.362962962962963, "test_doclevel-SG_recall": 1.0, "test_doclevel-SG_f1": 0.532608695652174, "test_doclevel-ISG_precision": 0.1065989847715736, "test_doclevel-ISG_recall": 0.22105263157894736, "test_doclevel-ISG_f1": 0.14383561643835616, "test_doclevel-ORG_precision": 0.1814569536423841, "test_doclevel-ORG_recall": 0.9513888888888888, "test_doclevel-ORG_f1": 0.3047830923248054, "test_doclevel-PI_precision": 0.15868673050615595, "test_doclevel-PI_recall": 0.8923076923076924, "test_doclevel-PI_f1": 0.26945412311265965, "test_doclevel-PG_precision": 0.11953727506426735, "test_doclevel-PG_recall": 0.9893617021276596, "test_doclevel-PG_f1": 0.213302752293578, "test_wordlevel-macro_precision": 0.16470868619321644, "test_wordlevel-macro_recall": 0.18055947405449202, "test_wordlevel-macro_f1": 0.06621062004165672, "test_wordlevel-O_precision": 0.8632881555686506, "test_wordlevel-O_recall": 0.10155275197559961, "test_wordlevel-O_f1": 0.181727966259381, "test_wordlevel-SG_precision": 0.08708033573141487, "test_wordlevel-SG_recall": 0.5100965759438104, "test_wordlevel-SG_f1": 0.14876456279605685, "test_wordlevel-ISG_precision": 0.004329004329004329, "test_wordlevel-ISG_recall": 0.007246376811594203, "test_wordlevel-ISG_f1": 0.005420054200542005, "test_wordlevel-ORG_precision": 0.008413967185527976, "test_wordlevel-ORG_recall": 0.057971014492753624, "test_wordlevel-ORG_f1": 0.014695077149155031, "test_wordlevel-PI_precision": 0.0063723258989531175, "test_wordlevel-PI_recall": 0.03867403314917127, "test_wordlevel-PI_f1": 0.010941774130519735, "test_wordlevel-PG_precision": 0.0187683284457478, "test_wordlevel-PG_recall": 0.367816091954023, "test_wordlevel-PG_f1": 0.03571428571428571, "test_runtime": 25.133, "test_samples_per_second": 32.229, "test_steps_per_second": 0.517, "epoch": 4.0, "run_id": "rep01-step01"}
