span_length_bins	mean_recall	share_completely_wrong	n
(0, 1]	0.9448275862068966	0.05517241379310345	145
(1, 2]	0.9340277777777778	0.041666666666666664	72
(2, 4]	0.8544973544973545	0.07936507936507936	63
(4, 16]	0.720612542262869	0.14814814814814814	54
