{"test_loss": 0.07742976397275925, "test_seqeval-macro_precision": 0.8348094009197427, "test_seqeval-macro_recall": 0.8722445915469812, "test_seqeval-macro_f1": 0.85264900012526, "test_seqeval-micro_precision": 0.8451612903225807, "test_seqeval-micro_recall": 0.8801791713325868, "test_seqeval-micro_f1": 0.8623148656061438, "test_seqeval-PG_precision": 0.883495145631068, "test_seqeval-PG_recall": 0.8921568627450981, "test_seqeval-PG_f1": 0.8878048780487806, "test_seqeval-SG_precision": 0.8879781420765027, "test_seqeval-SG_recall": 0.9078212290502793, "test_seqeval-SG_f1": 0.8977900552486189, "test_seqeval-PI_precision": 0.7783783783783784, "test_seqeval-PI_recall": 0.8780487804878049, "test_seqeval-PI_f1": 0.8252148997134671, "test_seqeval-ISG_precision": 0.7830188679245284, "test_seqeval-ISG_recall": 0.8469387755102041, "test_seqeval-ISG_f1": 0.8137254901960785, "test_seqeval-ORG_precision": 0.8411764705882353, "test_seqeval-ORG_recall": 0.8362573099415205, "test_seqeval-ORG_f1": 0.8387096774193549, "test_spanlevel-macro_precision_spanwise": 0.8571085097562354, "test_spanlevel-macro_recall_spanwise": 0.8583375353211373, "test_spanlevel-macro_f1_spanwise": 0.8532214631848996, "test_spanlevel-macro_precision_seqavg": 0.8893691049278895, "test_spanlevel-macro_recall_seqavg": 0.8883946832081462, "test_spanlevel-macro_f1_seqavg": 0.8854171188617975, "test_spanlevel-micro_precision_spanwise": 0.9178285430034624, "test_spanlevel-micro_recall_spanwise": 0.9177373777576399, "test_spanlevel-micro_f1_spanwise": 0.9128005526237193, "test_spanlevel-micro_precision_seqavg": 0.9158418670498503, "test_spanlevel-micro_recall_seqavg": 0.913943627361818, "test_spanlevel-micro_f1_seqavg": 0.909625025275195, "test_spanlevel-PG_precision_spanwise": 0.9429487179487179, "test_spanlevel-PG_recall_spanwise": 0.9607371794871794, "test_spanlevel-PG_f1_spanwise": 0.9461080586080585, "test_spanlevel-PG_precision_seqavg": 0.9631897470456291, "test_spanlevel-PG_recall_seqavg": 0.9720010943547678, "test_spanlevel-PG_f1_seqavg": 0.9627648436250525, "test_spanlevel-SG_precision_spanwise": 0.9165890521453524, "test_spanlevel-SG_recall_spanwise": 0.9151448246859066, "test_spanlevel-SG_f1_spanwise": 0.9104722987986308, "test_spanlevel-SG_precision_seqavg": 0.9391037343740105, "test_spanlevel-SG_recall_seqavg": 0.9352829880734551, "test_spanlevel-SG_f1_seqavg": 0.9343956285703559, "test_spanlevel-PI_precision_spanwise": 0.8185035842293907, "test_spanlevel-PI_recall_spanwise": 0.8196876600102406, "test_spanlevel-PI_f1_spanwise": 0.8164140121129367, "test_spanlevel-PI_precision_seqavg": 0.8550314746494535, "test_spanlevel-PI_recall_seqavg": 0.8609958391079943, "test_spanlevel-PI_f1_seqavg": 0.8549916927003345, "test_spanlevel-ISG_precision_spanwise": 0.7507246376811594, "test_spanlevel-ISG_recall_spanwise": 0.744927536231884, "test_spanlevel-ISG_f1_spanwise": 0.7460869565217391, "test_spanlevel-ISG_precision_seqavg": 0.8120918393731582, "test_spanlevel-ISG_recall_seqavg": 0.8092912530788897, "test_spanlevel-ISG_f1_seqavg": 0.8095740104934813, "test_spanlevel-ORG_precision_spanwise": 0.8567765567765568, "test_spanlevel-ORG_recall_spanwise": 0.8511904761904763, "test_spanlevel-ORG_f1_spanwise": 0.8470259898831328, "test_spanlevel-ORG_precision_seqavg": 0.877428729197196, "test_spanlevel-ORG_recall_seqavg": 0.8644022414256237, "test_spanlevel-ORG_f1_seqavg": 0.8653594189197638, "test_spanlevel-macro_precision_relaxed": 0.9111146909592395, "test_spanlevel-macro_recall_relaxed": 0.9398288849218442, "test_spanlevel-macro_f1_relaxed": 0.9506690394958489, "test_spanlevel-micro_precision_relaxed": 0.9113749597459136, "test_spanlevel-micro_recall_relaxed": 0.9395890077389618, "test_spanlevel-micro_f1_relaxed": 0.9508027299661642, "test_spanlevel-PG_precision_relaxed": 0.9533333333333335, "test_spanlevel-PG_recall_relaxed": 0.9791666666666665, "test_spanlevel-PG_f1_relaxed": 0.9772098868873063, "test_spanlevel-SG_precision_relaxed": 0.9452570530376655, "test_spanlevel-SG_recall_relaxed": 0.9484660530879019, "test_spanlevel-SG_f1_relaxed": 0.9728798135796916, "test_spanlevel-PI_precision_relaxed": 0.8267290249433107, "test_spanlevel-PI_recall_relaxed": 0.953040293040293, "test_spanlevel-PI_f1_relaxed": 0.9566688083833119, "test_spanlevel-ISG_precision_relaxed": 0.8283828382838284, "test_spanlevel-ISG_recall_relaxed": 0.8842105263157894, "test_spanlevel-ISG_f1_relaxed": 0.9819607843137255, "test_spanlevel-ORG_precision_relaxed": 0.9125862068965517, "test_spanlevel-ORG_recall_relaxed": 0.9123263888888888, "test_spanlevel-ORG_f1_relaxed": 0.9588683719101676, "test_doclevel-micro_precision": 0.9727427597955707, "test_doclevel-micro_recall": 0.9861830742659758, "test_doclevel-micro_f1": 0.9794168096054889, "test_doclevel-PG_precision": 0.9789473684210527, "test_doclevel-PG_recall": 0.9893617021276596, "test_doclevel-PG_f1": 0.9841269841269842, "test_doclevel-SG_precision": 0.9659863945578231, "test_doclevel-SG_recall": 0.9659863945578231, "test_doclevel-SG_f1": 0.9659863945578231, "test_doclevel-PI_precision": 0.8639455782312925, "test_doclevel-PI_recall": 0.9769230769230769, "test_doclevel-PI_f1": 0.9169675090252707, "test_doclevel-ISG_precision": 0.8415841584158416, "test_doclevel-ISG_recall": 0.8947368421052632, "test_doclevel-ISG_f1": 0.8673469387755102, "test_doclevel-ORG_precision": 0.9379310344827586, "test_doclevel-ORG_recall": 0.9444444444444444, "test_doclevel-ORG_f1": 0.9411764705882353, "test_wordlevel-macro_precision": 0.9158073660681064, "test_wordlevel-macro_recall": 0.9322779694848696, "test_wordlevel-macro_f1": 0.9236824868556529, "test_wordlevel-O_precision": 0.9927742652678385, "test_wordlevel-O_recall": 0.9905032580063774, "test_wordlevel-O_f1": 0.991637461396995, "test_wordlevel-PG_precision": 0.9333333333333333, "test_wordlevel-PG_recall": 0.9655172413793104, "test_wordlevel-PG_f1": 0.9491525423728815, "test_wordlevel-SG_precision": 0.9439088518843121, "test_wordlevel-SG_recall": 0.9455662862159789, "test_wordlevel-SG_f1": 0.9447368421052632, "test_wordlevel-PI_precision": 0.850253807106599, "test_wordlevel-PI_recall": 0.925414364640884, "test_wordlevel-PI_f1": 0.8862433862433864, "test_wordlevel-ISG_precision": 0.8581560283687943, "test_wordlevel-ISG_recall": 0.8768115942028986, "test_wordlevel-ISG_f1": 0.8673835125448028, "test_wordlevel-ORG_precision": 0.9164179104477612, "test_wordlevel-ORG_recall": 0.8898550724637682, "test_wordlevel-ORG_f1": 0.9029411764705882, "test_runtime": 4.7676, "test_samples_per_second": 169.898, "test_steps_per_second": 2.727, "epoch": 7.0, "run_id": "rep01-fold02"}
