{"test_loss": 0.0692877471446991, "test_seqeval-macro_precision": 0.8493664033246265, "test_seqeval-macro_recall": 0.90417393284638, "test_seqeval-macro_f1": 0.8756844994529324, "test_seqeval-micro_precision": 0.8530973451327434, "test_seqeval-micro_recall": 0.9043151969981238, "test_seqeval-micro_f1": 0.877959927140255, "test_seqeval-PG_precision": 0.9212121212121213, "test_seqeval-PG_recall": 0.9440993788819876, "test_seqeval-PG_f1": 0.9325153374233128, "test_seqeval-SG_precision": 0.860655737704918, "test_seqeval-SG_recall": 0.8823529411764706, "test_seqeval-SG_f1": 0.8713692946058091, "test_seqeval-PI_precision": 0.8518518518518519, "test_seqeval-PI_recall": 0.92, "test_seqeval-PI_f1": 0.8846153846153846, "test_seqeval-ISG_precision": 0.7703703703703704, "test_seqeval-ISG_recall": 0.8455284552845529, "test_seqeval-ISG_f1": 0.806201550387597, "test_seqeval-ORG_precision": 0.842741935483871, "test_seqeval-ORG_recall": 0.9288888888888889, "test_seqeval-ORG_f1": 0.8837209302325582, "test_spanlevel-macro_precision_spanwise": 0.8681551891111695, "test_spanlevel-macro_recall_spanwise": 0.8710126898422705, "test_spanlevel-macro_f1_spanwise": 0.8670123372856814, "test_spanlevel-macro_precision_seqavg": 0.8895998871660474, "test_spanlevel-macro_recall_seqavg": 0.8921243776315174, "test_spanlevel-macro_f1_seqavg": 0.8892004368907209, "test_spanlevel-micro_precision_spanwise": 0.9185696310471894, "test_spanlevel-micro_recall_spanwise": 0.921678052647532, "test_spanlevel-micro_f1_spanwise": 0.9167191076317348, "test_spanlevel-micro_precision_seqavg": 0.9138868460599229, "test_spanlevel-micro_recall_seqavg": 0.917518426018426, "test_spanlevel-micro_f1_seqavg": 0.9128512895461612, "test_spanlevel-PG_precision_spanwise": 0.9474747474747474, "test_spanlevel-PG_recall_spanwise": 0.9616161616161616, "test_spanlevel-PG_f1_spanwise": 0.9527272727272729, "test_spanlevel-PG_precision_seqavg": 0.9648503365334375, "test_spanlevel-PG_recall_seqavg": 0.9737920472423711, "test_spanlevel-PG_f1_seqavg": 0.968185754141441, "test_spanlevel-SG_precision_spanwise": 0.9054138439219084, "test_spanlevel-SG_recall_spanwise": 0.9003320454933358, "test_spanlevel-SG_f1_spanwise": 0.8972294741963202, "test_spanlevel-SG_precision_seqavg": 0.9168443842950865, "test_spanlevel-SG_recall_seqavg": 0.9197876397119524, "test_spanlevel-SG_f1_seqavg": 0.9132234652533623, "test_spanlevel-PI_precision_spanwise": 0.8915514592933946, "test_spanlevel-PI_recall_spanwise": 0.8874807987711213, "test_spanlevel-PI_f1_spanwise": 0.8870026133620604, "test_spanlevel-PI_precision_seqavg": 0.9141326325589488, "test_spanlevel-PI_recall_seqavg": 0.9141149432179368, "test_spanlevel-PI_f1_seqavg": 0.9130602170787153, "test_spanlevel-ISG_precision_spanwise": 0.7203196347031963, "test_spanlevel-ISG_recall_spanwise": 0.726027397260274, "test_spanlevel-ISG_f1_spanwise": 0.7212328767123287, "test_spanlevel-ISG_precision_seqavg": 0.7491284746158315, "test_spanlevel-ISG_recall_seqavg": 0.7493995770075246, "test_spanlevel-ISG_f1_seqavg": 0.7487527504844426, "test_spanlevel-ORG_precision_spanwise": 0.8760162601626016, "test_spanlevel-ORG_recall_spanwise": 0.8796070460704607, "test_spanlevel-ORG_f1_spanwise": 0.876869449430425, "test_spanlevel-ORG_precision_seqavg": 0.9030436078269327, "test_spanlevel-ORG_recall_seqavg": 0.9035276809778027, "test_spanlevel-ORG_f1_seqavg": 0.9027799974956429, "test_spanlevel-macro_precision_relaxed": 0.910369615120002, "test_spanlevel-macro_recall_relaxed": 0.9555395794681508, "test_spanlevel-macro_f1_relaxed": 0.9544858220917961, "test_spanlevel-micro_precision_relaxed": 0.9097020454605591, "test_spanlevel-micro_recall_relaxed": 0.9553764401383449, "test_spanlevel-micro_f1_relaxed": 0.9539429152978541, "test_spanlevel-PG_precision_relaxed": 0.9580679405520172, "test_spanlevel-PG_recall_relaxed": 0.9870967741935484, "test_spanlevel-PG_f1_relaxed": 0.98948023653906, "test_spanlevel-SG_precision_relaxed": 0.9332490503323836, "test_spanlevel-SG_recall_relaxed": 0.9389561749112311, "test_spanlevel-SG_f1_relaxed": 0.965743233113102, "test_spanlevel-PI_precision_relaxed": 0.905430711610487, "test_spanlevel-PI_recall_relaxed": 0.9693775100401607, "test_spanlevel-PI_f1_relaxed": 0.976821349382325, "test_spanlevel-ISG_precision_relaxed": 0.7847222222222221, "test_spanlevel-ISG_recall_relaxed": 0.8727272727272727, "test_spanlevel-ISG_f1_relaxed": 0.9738831615120277, "test_spanlevel-ORG_precision_relaxed": 0.8896604938271605, "test_spanlevel-ORG_recall_relaxed": 0.9632696390658175, "test_spanlevel-ORG_f1_relaxed": 0.9633726960943029, "test_doclevel-micro_precision": 0.9690402476780186, "test_doclevel-micro_recall": 0.9936507936507937, "test_doclevel-micro_f1": 0.9811912225705328, "test_doclevel-PG_precision": 0.9745222929936306, "test_doclevel-PG_recall": 0.9870967741935484, "test_doclevel-PG_f1": 0.9807692307692307, "test_doclevel-SG_precision": 0.9592592592592593, "test_doclevel-SG_recall": 0.9700374531835206, "test_doclevel-SG_f1": 0.9646182495344506, "test_doclevel-PI_precision": 0.9213483146067416, "test_doclevel-PI_recall": 0.9879518072289156, "test_doclevel-PI_f1": 0.9534883720930233, "test_doclevel-ISG_precision": 0.8166666666666667, "test_doclevel-ISG_recall": 0.8909090909090909, "test_doclevel-ISG_f1": 0.8521739130434782, "test_doclevel-ORG_precision": 0.9382716049382716, "test_doclevel-ORG_recall": 0.9681528662420382, "test_doclevel-ORG_f1": 0.9529780564263323, "test_wordlevel-macro_precision": 0.9206194167602724, "test_wordlevel-macro_recall": 0.9516451816539685, "test_wordlevel-macro_f1": 0.9356267137031008, "test_wordlevel-O_precision": 0.9943276809171244, "test_wordlevel-O_recall": 0.9905424696645253, "test_wordlevel-O_f1": 0.9924314660309892, "test_wordlevel-PG_precision": 0.9572368421052632, "test_wordlevel-PG_recall": 0.9897959183673469, "test_wordlevel-PG_f1": 0.9732441471571907, "test_wordlevel-SG_precision": 0.9353146853146853, "test_wordlevel-SG_recall": 0.9248055315471045, "test_wordlevel-SG_f1": 0.9300304215558453, "test_wordlevel-PI_precision": 0.9323467230443975, "test_wordlevel-PI_recall": 0.9735099337748344, "test_wordlevel-PI_f1": 0.9524838012958964, "test_wordlevel-ISG_precision": 0.7925531914893617, "test_wordlevel-ISG_recall": 0.8563218390804598, "test_wordlevel-ISG_f1": 0.8232044198895028, "test_wordlevel-ORG_precision": 0.9119373776908023, "test_wordlevel-ORG_recall": 0.9748953974895398, "test_wordlevel-ORG_f1": 0.942366026289181, "test_runtime": 5.3851, "test_samples_per_second": 166.385, "test_steps_per_second": 2.6, "epoch": 6.0, "run_id": "rep04-fold04"}
