{"test_loss": 0.08388163149356842, "test_seqeval-macro_precision": 0.7994550152149138, "test_seqeval-macro_recall": 0.8654662714948816, "test_seqeval-macro_f1": 0.8292977131617777, "test_seqeval-micro_precision": 0.7956989247311828, "test_seqeval-micro_recall": 0.8579710144927536, "test_seqeval-micro_f1": 0.8256624825662482, "test_seqeval-PG_precision": 0.9574468085106383, "test_seqeval-PG_recall": 0.9278350515463918, "test_seqeval-PG_f1": 0.9424083769633509, "test_seqeval-SG_precision": 0.8381642512077294, "test_seqeval-SG_recall": 0.8504901960784313, "test_seqeval-SG_f1": 0.8442822384428224, "test_seqeval-PI_precision": 0.7625, "test_seqeval-PI_recall": 0.8755980861244019, "test_seqeval-PI_f1": 0.8151447661469933, "test_seqeval-ISG_precision": 0.6645161290322581, "test_seqeval-ISG_recall": 0.8442622950819673, "test_seqeval-ISG_f1": 0.7436823104693141, "test_seqeval-ORG_precision": 0.7746478873239436, "test_seqeval-ORG_recall": 0.8291457286432161, "test_seqeval-ORG_f1": 0.8009708737864077, "test_spanlevel-macro_precision_spanwise": 0.82372474399514, "test_spanlevel-macro_recall_spanwise": 0.8311242039268961, "test_spanlevel-macro_f1_spanwise": 0.823285336612489, "test_spanlevel-macro_precision_seqavg": 0.8211191121130688, "test_spanlevel-macro_recall_seqavg": 0.8286343247867325, "test_spanlevel-macro_f1_seqavg": 0.8213527912244505, "test_spanlevel-micro_precision_spanwise": 0.8768404536639831, "test_spanlevel-micro_recall_spanwise": 0.8861560008618832, "test_spanlevel-micro_f1_spanwise": 0.8759746648237106, "test_spanlevel-micro_precision_seqavg": 0.8736644866483576, "test_spanlevel-micro_recall_seqavg": 0.8833784409821276, "test_spanlevel-micro_f1_seqavg": 0.8725526612357168, "test_spanlevel-PG_precision_spanwise": 0.9489795918367347, "test_spanlevel-PG_recall_spanwise": 0.9387755102040817, "test_spanlevel-PG_f1_spanwise": 0.942857142857143, "test_spanlevel-PG_precision_seqavg": 0.9465074796238445, "test_spanlevel-PG_recall_seqavg": 0.9381382175606606, "test_spanlevel-PG_f1_seqavg": 0.9414859223859341, "test_spanlevel-SG_precision_spanwise": 0.8862165520753755, "test_spanlevel-SG_recall_spanwise": 0.8873389355742296, "test_spanlevel-SG_f1_spanwise": 0.8805163881121423, "test_spanlevel-SG_precision_seqavg": 0.8768063474972063, "test_spanlevel-SG_recall_seqavg": 0.8807513961793504, "test_spanlevel-SG_f1_seqavg": 0.8755303196504478, "test_spanlevel-PI_precision_spanwise": 0.840167772142021, "test_spanlevel-PI_recall_spanwise": 0.8564767850175575, "test_spanlevel-PI_f1_spanwise": 0.8422224672551226, "test_spanlevel-PI_precision_seqavg": 0.8079485975051046, "test_spanlevel-PI_recall_seqavg": 0.8184980884176379, "test_spanlevel-PI_f1_seqavg": 0.8080341204782364, "test_spanlevel-ISG_precision_spanwise": 0.6520833333333333, "test_spanlevel-ISG_recall_spanwise": 0.6645833333333334, "test_spanlevel-ISG_f1_spanwise": 0.6552083333333333, "test_spanlevel-ISG_precision_seqavg": 0.6661643513447919, "test_spanlevel-ISG_recall_seqavg": 0.6757494615693346, "test_spanlevel-ISG_f1_seqavg": 0.6692789286726932, "test_spanlevel-ORG_precision_spanwise": 0.7911764705882353, "test_spanlevel-ORG_recall_spanwise": 0.8084464555052789, "test_spanlevel-ORG_f1_spanwise": 0.7956223515047044, "test_spanlevel-ORG_precision_seqavg": 0.8081687845943961, "test_spanlevel-ORG_recall_seqavg": 0.8300344602066797, "test_spanlevel-ORG_f1_seqavg": 0.8124346649349411, "test_doclevel-micro_precision": 0.9657853810264385, "test_doclevel-micro_recall": 0.9872813990461049, "test_doclevel-micro_f1": 0.9764150943396226, "test_doclevel-PG_precision": 0.989010989010989, "test_doclevel-PG_recall": 0.9574468085106383, "test_doclevel-PG_f1": 0.972972972972973, "test_doclevel-SG_precision": 0.9633333333333334, "test_doclevel-SG_recall": 0.9537953795379538, "test_doclevel-SG_f1": 0.9585406301824212, "test_doclevel-PI_precision": 0.8952879581151832, "test_doclevel-PI_recall": 0.9884393063583815, "test_doclevel-PI_f1": 0.9395604395604397, "test_doclevel-ISG_precision": 0.7883211678832117, "test_doclevel-ISG_recall": 0.9310344827586207, "test_doclevel-ISG_f1": 0.8537549407114624, "test_doclevel-ORG_precision": 0.9186046511627907, "test_doclevel-ORG_recall": 0.9404761904761905, "test_doclevel-ORG_f1": 0.9294117647058823, "test_wordlevel-macro_precision": 0.8929225659226385, "test_wordlevel-macro_recall": 0.9423346255913306, "test_wordlevel-macro_f1": 0.9151169583666774, "test_wordlevel-O_precision": 0.9920014653803884, "test_wordlevel-O_recall": 0.9850845813375372, "test_wordlevel-O_f1": 0.9885309239146969, "test_wordlevel-PG_precision": 0.9939024390243902, "test_wordlevel-PG_recall": 0.9532163742690059, "test_wordlevel-PG_f1": 0.973134328358209, "test_wordlevel-SG_precision": 0.9335820895522388, "test_wordlevel-SG_recall": 0.922566371681416, "test_wordlevel-SG_f1": 0.9280415430267063, "test_wordlevel-PI_precision": 0.8838095238095238, "test_wordlevel-PI_recall": 0.9747899159663865, "test_wordlevel-PI_f1": 0.9270729270729271, "test_wordlevel-ISG_precision": 0.7100840336134454, "test_wordlevel-ISG_recall": 0.8941798941798942, "test_wordlevel-ISG_f1": 0.791569086651054, "test_wordlevel-ORG_precision": 0.8441558441558441, "test_wordlevel-ORG_recall": 0.9241706161137441, "test_wordlevel-ORG_f1": 0.8823529411764706, "test_runtime": 5.3688, "test_samples_per_second": 163.724, "test_steps_per_second": 2.608, "epoch": 5.0, "run_id": "rep05-fold01"}
