{"test_loss": 0.09139662981033325, "test_seqeval-macro_precision": 0.7769558110440701, "test_seqeval-macro_recall": 0.8151186981808355, "test_seqeval-macro_f1": 0.7936007532601587, "test_seqeval-micro_precision": 0.772438803263826, "test_seqeval-micro_recall": 0.8231884057971014, "test_seqeval-micro_f1": 0.7970065481758652, "test_seqeval-PG_precision": 0.8877551020408163, "test_seqeval-PG_recall": 0.8969072164948454, "test_seqeval-PG_f1": 0.8923076923076922, "test_seqeval-SG_precision": 0.8123515439429929, "test_seqeval-SG_recall": 0.8382352941176471, "test_seqeval-SG_f1": 0.8250904704463209, "test_seqeval-PI_precision": 0.7543103448275862, "test_seqeval-PI_recall": 0.8373205741626795, "test_seqeval-PI_f1": 0.7936507936507937, "test_seqeval-ISG_precision": 0.7431192660550459, "test_seqeval-ISG_recall": 0.6639344262295082, "test_seqeval-ISG_f1": 0.7012987012987013, "test_seqeval-ORG_precision": 0.6872427983539094, "test_seqeval-ORG_recall": 0.8391959798994975, "test_seqeval-ORG_f1": 0.7556561085972852, "test_spanlevel-macro_precision_spanwise": 0.8109475896783535, "test_spanlevel-macro_recall_spanwise": 0.8004352032058337, "test_spanlevel-macro_f1_spanwise": 0.8005257544707114, "test_spanlevel-macro_precision_seqavg": 0.8254372410908705, "test_spanlevel-macro_recall_seqavg": 0.813412969627902, "test_spanlevel-macro_f1_seqavg": 0.814379102685459, "test_spanlevel-micro_precision_spanwise": 0.8791371312604189, "test_spanlevel-micro_recall_spanwise": 0.8709925792117572, "test_spanlevel-micro_f1_spanwise": 0.8682595995990874, "test_spanlevel-micro_precision_seqavg": 0.8810989671499718, "test_spanlevel-micro_recall_seqavg": 0.8765785262307674, "test_spanlevel-micro_f1_seqavg": 0.8713504113177851, "test_spanlevel-PG_precision_spanwise": 0.9207920792079208, "test_spanlevel-PG_recall_spanwise": 0.9009900990099011, "test_spanlevel-PG_f1_spanwise": 0.9089108910891088, "test_spanlevel-PG_precision_seqavg": 0.915455648506687, "test_spanlevel-PG_recall_seqavg": 0.9017315841291261, "test_spanlevel-PG_f1_seqavg": 0.9072212098801505, "test_spanlevel-SG_precision_spanwise": 0.8879229078172738, "test_spanlevel-SG_recall_spanwise": 0.8857812831404381, "test_spanlevel-SG_f1_spanwise": 0.8793893102642689, "test_spanlevel-SG_precision_seqavg": 0.8975749474606085, "test_spanlevel-SG_recall_seqavg": 0.8898249316125194, "test_spanlevel-SG_f1_seqavg": 0.8874307228003324, "test_spanlevel-PI_precision_spanwise": 0.834992784992785, "test_spanlevel-PI_recall_spanwise": 0.8278078403078403, "test_spanlevel-PI_f1_spanwise": 0.8253062841298137, "test_spanlevel-PI_precision_seqavg": 0.8217259748830041, "test_spanlevel-PI_recall_seqavg": 0.810899630702492, "test_spanlevel-PI_f1_seqavg": 0.8104534890465929, "test_spanlevel-ISG_precision_spanwise": 0.6532846715328468, "test_spanlevel-ISG_recall_spanwise": 0.6319951338199513, "test_spanlevel-ISG_f1_spanwise": 0.6362530413625304, "test_spanlevel-ISG_precision_seqavg": 0.7144953568809954, "test_spanlevel-ISG_recall_seqavg": 0.6791386725806556, "test_spanlevel-ISG_f1_seqavg": 0.6893666586993702, "test_spanlevel-ORG_precision_spanwise": 0.7577455048409406, "test_spanlevel-ORG_recall_spanwise": 0.7556016597510374, "test_spanlevel-ORG_f1_spanwise": 0.7527692455078347, "test_spanlevel-ORG_precision_seqavg": 0.7779342777230569, "test_spanlevel-ORG_recall_seqavg": 0.7854700291147166, "test_spanlevel-ORG_f1_seqavg": 0.7774234330008487, "test_doclevel-micro_precision": 0.9717425431711146, "test_doclevel-micro_recall": 0.9841017488076311, "test_doclevel-micro_f1": 0.9778830963665086, "test_doclevel-PG_precision": 0.9574468085106383, "test_doclevel-PG_recall": 0.9574468085106383, "test_doclevel-PG_f1": 0.9574468085106385, "test_doclevel-SG_precision": 0.9506578947368421, "test_doclevel-SG_recall": 0.9537953795379538, "test_doclevel-SG_f1": 0.9522240527182867, "test_doclevel-PI_precision": 0.907608695652174, "test_doclevel-PI_recall": 0.9653179190751445, "test_doclevel-PI_f1": 0.9355742296918768, "test_doclevel-ISG_precision": 0.875, "test_doclevel-ISG_recall": 0.7844827586206896, "test_doclevel-ISG_f1": 0.8272727272727273, "test_doclevel-ORG_precision": 0.8617021276595744, "test_doclevel-ORG_recall": 0.9642857142857143, "test_doclevel-ORG_f1": 0.9101123595505619, "test_wordlevel-macro_precision": 0.9017959726761594, "test_wordlevel-macro_recall": 0.8950569351705253, "test_wordlevel-macro_f1": 0.8964238503204794, "test_wordlevel-O_precision": 0.9882281553398058, "test_wordlevel-O_recall": 0.9874492208815862, "test_wordlevel-O_f1": 0.9878385345585783, "test_wordlevel-PG_precision": 0.9696969696969697, "test_wordlevel-PG_recall": 0.935672514619883, "test_wordlevel-PG_f1": 0.9523809523809523, "test_wordlevel-SG_precision": 0.9344879518072289, "test_wordlevel-SG_recall": 0.9151917404129793, "test_wordlevel-SG_f1": 0.9247391952309983, "test_wordlevel-PI_precision": 0.8909853249475891, "test_wordlevel-PI_recall": 0.8928571428571429, "test_wordlevel-PI_f1": 0.8919202518363064, "test_wordlevel-ISG_precision": 0.8301886792452831, "test_wordlevel-ISG_recall": 0.6984126984126984, "test_wordlevel-ISG_f1": 0.7586206896551724, "test_wordlevel-ORG_precision": 0.7971887550200804, "test_wordlevel-ORG_recall": 0.9407582938388626, "test_wordlevel-ORG_f1": 0.8630434782608696, "test_runtime": 5.3452, "test_samples_per_second": 164.446, "test_steps_per_second": 2.619, "epoch": 4.0, "run_id": "rep05-fold04"}
