{"test_loss": 0.08000543713569641, "test_seqeval-macro_precision": 0.7717182016038159, "test_seqeval-macro_recall": 0.8286895655043421, "test_seqeval-macro_f1": 0.7986446966311536, "test_seqeval-micro_precision": 0.7819148936170213, "test_seqeval-micro_recall": 0.8467741935483871, "test_seqeval-micro_f1": 0.8130530973451328, "test_seqeval-PG_precision": 0.8862275449101796, "test_seqeval-PG_recall": 0.925, "test_seqeval-PG_f1": 0.9051987767584098, "test_seqeval-SG_precision": 0.7830882352941176, "test_seqeval-SG_recall": 0.8554216867469879, "test_seqeval-SG_f1": 0.8176583493282149, "test_seqeval-PI_precision": 0.8029556650246306, "test_seqeval-PI_recall": 0.8274111675126904, "test_seqeval-PI_f1": 0.8150000000000001, "test_seqeval-ISG_precision": 0.6623376623376623, "test_seqeval-ISG_recall": 0.68, "test_seqeval-ISG_f1": 0.6710526315789473, "test_seqeval-ORG_precision": 0.7239819004524887, "test_seqeval-ORG_recall": 0.8556149732620321, "test_seqeval-ORG_f1": 0.7843137254901961, "test_spanlevel-macro_precision_spanwise": 0.825033526497255, "test_spanlevel-macro_recall_spanwise": 0.8224160085203496, "test_spanlevel-macro_f1_spanwise": 0.8183377689316533, "test_spanlevel-macro_precision_seqavg": 0.8195109778816339, "test_spanlevel-macro_recall_seqavg": 0.820365233544314, "test_spanlevel-macro_f1_seqavg": 0.8156820098324535, "test_spanlevel-micro_precision_spanwise": 0.8930077678454301, "test_spanlevel-micro_recall_spanwise": 0.8935891849852889, "test_spanlevel-micro_f1_spanwise": 0.8881597474367114, "test_spanlevel-micro_precision_seqavg": 0.8958816130169381, "test_spanlevel-micro_recall_seqavg": 0.897852172237058, "test_spanlevel-micro_f1_seqavg": 0.8915660590281985, "test_spanlevel-PG_precision_spanwise": 0.9287148594377509, "test_spanlevel-PG_recall_spanwise": 0.9392570281124497, "test_spanlevel-PG_f1_spanwise": 0.9297284375597628, "test_spanlevel-PG_precision_seqavg": 0.8818127261692287, "test_spanlevel-PG_recall_seqavg": 0.8969891433627156, "test_spanlevel-PG_f1_seqavg": 0.8861574909338427, "test_spanlevel-SG_precision_spanwise": 0.8659082832590296, "test_spanlevel-SG_recall_spanwise": 0.8759249208502939, "test_spanlevel-SG_f1_spanwise": 0.8656482739291811, "test_spanlevel-SG_precision_seqavg": 0.873500439710861, "test_spanlevel-SG_recall_seqavg": 0.8749184054754213, "test_spanlevel-SG_f1_seqavg": 0.8694892157987099, "test_spanlevel-PI_precision_spanwise": 0.859546165884194, "test_spanlevel-PI_recall_spanwise": 0.847926447574335, "test_spanlevel-PI_f1_spanwise": 0.8483232729711603, "test_spanlevel-PI_precision_seqavg": 0.8326794976559978, "test_spanlevel-PI_recall_seqavg": 0.832540094779945, "test_spanlevel-PI_f1_seqavg": 0.8285333313164038, "test_spanlevel-ISG_precision_spanwise": 0.6802325581395349, "test_spanlevel-ISG_recall_spanwise": 0.6531007751937984, "test_spanlevel-ISG_f1_spanwise": 0.6569767441860465, "test_spanlevel-ISG_precision_seqavg": 0.6910678375659021, "test_spanlevel-ISG_recall_seqavg": 0.6701549073126543, "test_spanlevel-ISG_f1_seqavg": 0.6738622449321816, "test_spanlevel-ORG_precision_spanwise": 0.7907657657657657, "test_spanlevel-ORG_recall_spanwise": 0.7958708708708709, "test_spanlevel-ORG_f1_spanwise": 0.7910121160121161, "test_spanlevel-ORG_precision_seqavg": 0.8184943883061796, "test_spanlevel-ORG_recall_seqavg": 0.8272236167908337, "test_spanlevel-ORG_f1_seqavg": 0.8203677661811305, "test_doclevel-micro_precision": 0.9626998223801065, "test_doclevel-micro_recall": 0.9890510948905109, "test_doclevel-micro_f1": 0.9756975697569757, "test_doclevel-PG_precision": 0.968944099378882, "test_doclevel-PG_recall": 0.9873417721518988, "test_doclevel-PG_f1": 0.9780564263322885, "test_doclevel-SG_precision": 0.937799043062201, "test_doclevel-SG_recall": 0.98, "test_doclevel-SG_f1": 0.9584352078239609, "test_doclevel-PI_precision": 0.9216867469879518, "test_doclevel-PI_recall": 0.9444444444444444, "test_doclevel-PI_f1": 0.9329268292682927, "test_doclevel-ISG_precision": 0.8695652173913043, "test_doclevel-ISG_recall": 0.8333333333333334, "test_doclevel-ISG_f1": 0.851063829787234, "test_doclevel-ORG_precision": 0.8647058823529412, "test_doclevel-ORG_recall": 0.98, "test_doclevel-ORG_f1": 0.9187500000000001, "test_wordlevel-macro_precision": 0.8986215908986365, "test_wordlevel-macro_recall": 0.9177005984029453, "test_wordlevel-macro_f1": 0.9073177653218525, "test_wordlevel-O_precision": 0.9933295885409352, "test_wordlevel-O_recall": 0.9864035699344582, "test_wordlevel-O_f1": 0.9898544640358242, "test_wordlevel-PG_precision": 0.9256505576208178, "test_wordlevel-PG_recall": 0.9688715953307393, "test_wordlevel-PG_f1": 0.9467680608365019, "test_wordlevel-SG_precision": 0.8980263157894737, "test_wordlevel-SG_recall": 0.9435483870967742, "test_wordlevel-SG_f1": 0.9202247191011236, "test_wordlevel-PI_precision": 0.9186991869918699, "test_wordlevel-PI_recall": 0.9186991869918699, "test_wordlevel-PI_f1": 0.91869918699187, "test_wordlevel-ISG_precision": 0.808695652173913, "test_wordlevel-ISG_recall": 0.744, "test_wordlevel-ISG_f1": 0.775, "test_wordlevel-ORG_precision": 0.8473282442748091, "test_wordlevel-ORG_recall": 0.9446808510638298, "test_wordlevel-ORG_f1": 0.8933601609657947, "test_runtime": 4.6547, "test_samples_per_second": 173.802, "test_steps_per_second": 2.793, "epoch": 4.0, "run_id": "rep03-fold02"}
