{"test_loss": 0.09840455651283264, "test_seqeval-macro_precision": 0.7698249533637014, "test_seqeval-macro_recall": 0.7898641000482824, "test_seqeval-macro_f1": 0.7792565200090886, "test_seqeval-micro_precision": 0.7685459940652819, "test_seqeval-micro_recall": 0.797741273100616, "test_seqeval-micro_f1": 0.7828715365239295, "test_seqeval-PG_precision": 0.8758620689655172, "test_seqeval-PG_recall": 0.8698630136986302, "test_seqeval-PG_f1": 0.8728522336769761, "test_seqeval-SG_precision": 0.7638376383763837, "test_seqeval-SG_recall": 0.7723880597014925, "test_seqeval-SG_f1": 0.7680890538033394, "test_seqeval-PI_precision": 0.7628865979381443, "test_seqeval-PI_recall": 0.844106463878327, "test_seqeval-PI_f1": 0.8014440433212997, "test_seqeval-ISG_precision": 0.7115384615384616, "test_seqeval-ISG_recall": 0.6851851851851852, "test_seqeval-ISG_f1": 0.6981132075471698, "test_seqeval-ORG_precision": 0.735, "test_seqeval-ORG_recall": 0.7777777777777778, "test_seqeval-ORG_f1": 0.7557840616966581, "test_spanlevel-macro_precision_spanwise": 0.794811477158294, "test_spanlevel-macro_recall_spanwise": 0.78462803226507, "test_spanlevel-macro_f1_spanwise": 0.7821459496798812, "test_spanlevel-macro_precision_seqavg": 0.8174019152288002, "test_spanlevel-macro_recall_seqavg": 0.8045195533252325, "test_spanlevel-macro_f1_seqavg": 0.8039738910254, "test_spanlevel-micro_precision_spanwise": 0.8616809018689443, "test_spanlevel-micro_recall_spanwise": 0.8482675633591739, "test_spanlevel-micro_f1_spanwise": 0.8452468696956177, "test_spanlevel-micro_precision_seqavg": 0.8554333077316948, "test_spanlevel-micro_recall_seqavg": 0.8449048666387377, "test_spanlevel-micro_f1_seqavg": 0.8407732140592488, "test_spanlevel-PG_precision_spanwise": 0.8986577181208052, "test_spanlevel-PG_recall_spanwise": 0.9145413870246086, "test_spanlevel-PG_f1_spanwise": 0.9015659955257271, "test_spanlevel-PG_precision_seqavg": 0.8965921488987957, "test_spanlevel-PG_recall_seqavg": 0.8988241818404205, "test_spanlevel-PG_f1_seqavg": 0.8914824022025164, "test_spanlevel-SG_precision_spanwise": 0.8240327380952381, "test_spanlevel-SG_recall_spanwise": 0.8230241402116403, "test_spanlevel-SG_f1_spanwise": 0.8151531072393711, "test_spanlevel-SG_precision_seqavg": 0.8600415979322679, "test_spanlevel-SG_recall_seqavg": 0.8455197718664684, "test_spanlevel-SG_f1_seqavg": 0.8422956162274422, "test_spanlevel-PI_precision_spanwise": 0.8146905294556301, "test_spanlevel-PI_recall_spanwise": 0.8077587960138295, "test_spanlevel-PI_f1_spanwise": 0.8042034751667598, "test_spanlevel-PI_precision_seqavg": 0.827399769959043, "test_spanlevel-PI_recall_seqavg": 0.8210502223210704, "test_spanlevel-PI_f1_seqavg": 0.8188105260008293, "test_spanlevel-ISG_precision_spanwise": 0.626984126984127, "test_spanlevel-ISG_recall_spanwise": 0.6058201058201059, "test_spanlevel-ISG_f1_spanwise": 0.6084656084656084, "test_spanlevel-ISG_precision_seqavg": 0.6860530348916762, "test_spanlevel-ISG_recall_seqavg": 0.6715488993914546, "test_spanlevel-ISG_f1_seqavg": 0.6745346379945995, "test_spanlevel-ORG_precision_spanwise": 0.8096922731356695, "test_spanlevel-ORG_recall_spanwise": 0.7719957322551663, "test_spanlevel-ORG_f1_spanwise": 0.7813415620019394, "test_spanlevel-ORG_precision_seqavg": 0.8169230244622184, "test_spanlevel-ORG_recall_seqavg": 0.7856546912067488, "test_spanlevel-ORG_f1_seqavg": 0.7927462727016132, "test_doclevel-micro_precision": 0.9584717607973422, "test_doclevel-micro_recall": 0.9697478991596639, "test_doclevel-micro_f1": 0.9640768588137009, "test_doclevel-PG_precision": 0.9851851851851852, "test_doclevel-PG_recall": 0.9568345323741008, "test_doclevel-PG_f1": 0.9708029197080292, "test_doclevel-SG_precision": 0.9333333333333333, "test_doclevel-SG_recall": 0.9116279069767442, "test_doclevel-SG_f1": 0.9223529411764705, "test_doclevel-PI_precision": 0.9055793991416309, "test_doclevel-PI_recall": 0.9590909090909091, "test_doclevel-PI_f1": 0.9315673289183223, "test_doclevel-ISG_precision": 0.8260869565217391, "test_doclevel-ISG_recall": 0.7916666666666666, "test_doclevel-ISG_f1": 0.8085106382978724, "test_doclevel-ORG_precision": 0.8717948717948718, "test_doclevel-ORG_recall": 0.9315068493150684, "test_doclevel-ORG_f1": 0.9006622516556291, "test_wordlevel-macro_precision": 0.8863065313938979, "test_wordlevel-macro_recall": 0.863270559323499, "test_wordlevel-macro_f1": 0.87421833738638, "test_wordlevel-O_precision": 0.9837538461538462, "test_wordlevel-O_recall": 0.9868510401876659, "test_wordlevel-O_f1": 0.9853000092452773, "test_wordlevel-PG_precision": 0.9368029739776952, "test_wordlevel-PG_recall": 0.9333333333333333, "test_wordlevel-PG_f1": 0.935064935064935, "test_wordlevel-SG_precision": 0.8672086720867209, "test_wordlevel-SG_recall": 0.8398950131233596, "test_wordlevel-SG_f1": 0.8533333333333333, "test_wordlevel-PI_precision": 0.8587301587301587, "test_wordlevel-PI_recall": 0.8725806451612903, "test_wordlevel-PI_f1": 0.8655999999999999, "test_wordlevel-ISG_precision": 0.7847222222222222, "test_wordlevel-ISG_recall": 0.6932515337423313, "test_wordlevel-ISG_f1": 0.7361563517915308, "test_wordlevel-ORG_precision": 0.8866213151927438, "test_wordlevel-ORG_recall": 0.8537117903930131, "test_wordlevel-ORG_f1": 0.8698553948832036, "test_runtime": 5.1353, "test_samples_per_second": 170.583, "test_steps_per_second": 2.726, "epoch": 5.0, "run_id": "rep02-fold05"}
