{"test_loss": 0.11018090695142746, "test_seqeval-macro_precision": 0.7790930473689497, "test_seqeval-macro_recall": 0.8161358519082702, "test_seqeval-macro_f1": 0.7952293939808623, "test_seqeval-micro_precision": 0.757168458781362, "test_seqeval-micro_recall": 0.8164251207729468, "test_seqeval-micro_f1": 0.7856810785681078, "test_seqeval-PG_precision": 0.9368421052631579, "test_seqeval-PG_recall": 0.9175257731958762, "test_seqeval-PG_f1": 0.9270833333333333, "test_seqeval-SG_precision": 0.7871853546910755, "test_seqeval-SG_recall": 0.8431372549019608, "test_seqeval-SG_f1": 0.8142011834319527, "test_seqeval-PI_precision": 0.7397260273972602, "test_seqeval-PI_recall": 0.7751196172248804, "test_seqeval-PI_f1": 0.7570093457943925, "test_seqeval-ISG_precision": 0.7982456140350878, "test_seqeval-ISG_recall": 0.7459016393442623, "test_seqeval-ISG_f1": 0.7711864406779662, "test_seqeval-ORG_precision": 0.6334661354581673, "test_seqeval-ORG_recall": 0.7989949748743719, "test_seqeval-ORG_f1": 0.7066666666666667, "test_spanlevel-macro_precision_spanwise": 0.803366643055274, "test_spanlevel-macro_recall_spanwise": 0.8045211930292906, "test_spanlevel-macro_f1_spanwise": 0.7982328483972255, "test_spanlevel-macro_precision_seqavg": 0.8090927703094591, "test_spanlevel-macro_recall_seqavg": 0.8102043204485246, "test_spanlevel-macro_f1_seqavg": 0.8042570187555379, "test_spanlevel-micro_precision_spanwise": 0.8712970171417038, "test_spanlevel-micro_recall_spanwise": 0.8785115128172822, "test_spanlevel-micro_f1_spanwise": 0.8674763010194241, "test_spanlevel-micro_precision_seqavg": 0.8726196571818692, "test_spanlevel-micro_recall_seqavg": 0.877337786566899, "test_spanlevel-micro_f1_seqavg": 0.8669925822334326, "test_spanlevel-PG_precision_spanwise": 0.9200680272108842, "test_spanlevel-PG_recall_spanwise": 0.9268707482993197, "test_spanlevel-PG_f1_spanwise": 0.922562358276644, "test_spanlevel-PG_precision_seqavg": 0.9356853404230144, "test_spanlevel-PG_recall_seqavg": 0.9365406794728891, "test_spanlevel-PG_f1_seqavg": 0.9359772906356332, "test_spanlevel-SG_precision_spanwise": 0.8758332433502501, "test_spanlevel-SG_recall_spanwise": 0.8810386894755424, "test_spanlevel-SG_f1_spanwise": 0.8694619084437191, "test_spanlevel-SG_precision_seqavg": 0.871815677519268, "test_spanlevel-SG_recall_seqavg": 0.8770027373722018, "test_spanlevel-SG_f1_seqavg": 0.8677015281734994, "test_spanlevel-PI_precision_spanwise": 0.8335575485799701, "test_spanlevel-PI_recall_spanwise": 0.8177192326856004, "test_spanlevel-PI_f1_spanwise": 0.8163352635523566, "test_spanlevel-PI_precision_seqavg": 0.8118066880498132, "test_spanlevel-PI_recall_seqavg": 0.7937378424189195, "test_spanlevel-PI_f1_seqavg": 0.7919733419866151, "test_spanlevel-ISG_precision_spanwise": 0.6956521739130435, "test_spanlevel-ISG_recall_spanwise": 0.6787439613526569, "test_spanlevel-ISG_f1_spanwise": 0.6842995169082126, "test_spanlevel-ISG_precision_seqavg": 0.7119225277969454, "test_spanlevel-ISG_recall_seqavg": 0.7011202621682412, "test_spanlevel-ISG_f1_seqavg": 0.7047705305241226, "test_spanlevel-ORG_precision_spanwise": 0.6917222222222221, "test_spanlevel-ORG_recall_spanwise": 0.7182333333333334, "test_spanlevel-ORG_f1_spanwise": 0.6985051948051948, "test_spanlevel-ORG_precision_seqavg": 0.7142336177582546, "test_spanlevel-ORG_recall_seqavg": 0.7426200808103711, "test_spanlevel-ORG_f1_seqavg": 0.7208624024578193, "test_spanlevel-macro_precision_relaxed": 0.8654287574404764, "test_spanlevel-macro_recall_relaxed": 0.9121572807314495, "test_spanlevel-macro_f1_relaxed": 0.9137237845147983, "test_spanlevel-micro_precision_relaxed": 0.86479724702381, "test_spanlevel-micro_recall_relaxed": 0.9122456043491849, "test_spanlevel-micro_f1_relaxed": 0.9136481055509101, "test_spanlevel-PG_precision_relaxed": 0.9657407407407407, "test_spanlevel-PG_recall_relaxed": 0.9468085106382979, "test_spanlevel-PG_f1_relaxed": 0.9835205992509363, "test_spanlevel-SG_precision_relaxed": 0.8935711758163988, "test_spanlevel-SG_recall_relaxed": 0.9448913805618498, "test_spanlevel-SG_f1_relaxed": 0.9457002862488392, "test_spanlevel-PI_precision_relaxed": 0.8785310734463276, "test_spanlevel-PI_recall_relaxed": 0.888519588953115, "test_spanlevel-PI_f1_relaxed": 0.9337462095140302, "test_spanlevel-ISG_precision_relaxed": 0.8820754716981132, "test_spanlevel-ISG_recall_relaxed": 0.7729885057471265, "test_spanlevel-ISG_f1_relaxed": 0.9656028368794326, "test_spanlevel-ORG_precision_relaxed": 0.7315848843767625, "test_spanlevel-ORG_recall_relaxed": 0.9389880952380952, "test_spanlevel-ORG_f1_relaxed": 0.9157806996316313, "test_doclevel-micro_precision": 0.965625, "test_doclevel-micro_recall": 0.9825119236883942, "test_doclevel-micro_f1": 0.9739952718676124, "test_doclevel-PG_precision": 0.9888888888888889, "test_doclevel-PG_recall": 0.9468085106382979, "test_doclevel-PG_f1": 0.9673913043478262, "test_doclevel-SG_precision": 0.9394904458598726, "test_doclevel-SG_recall": 0.9735973597359736, "test_doclevel-SG_f1": 0.9562398703403566, "test_doclevel-PI_precision": 0.9265536723163842, "test_doclevel-PI_recall": 0.9479768786127167, "test_doclevel-PI_f1": 0.9371428571428572, "test_doclevel-ISG_precision": 0.8867924528301887, "test_doclevel-ISG_recall": 0.8103448275862069, "test_doclevel-ISG_f1": 0.8468468468468469, "test_doclevel-ORG_precision": 0.817258883248731, "test_doclevel-ORG_recall": 0.9583333333333334, "test_doclevel-ORG_f1": 0.8821917808219178, "test_wordlevel-macro_precision": 0.8925956134471488, "test_wordlevel-macro_recall": 0.9004824806426903, "test_wordlevel-macro_f1": 0.8929159870277105, "test_wordlevel-O_precision": 0.989327315972434, "test_wordlevel-O_recall": 0.9835687867580185, "test_wordlevel-O_f1": 0.9864396473092124, "test_wordlevel-PG_precision": 0.9593023255813954, "test_wordlevel-PG_recall": 0.9649122807017544, "test_wordlevel-PG_f1": 0.9620991253644315, "test_wordlevel-SG_precision": 0.9067734887108522, "test_wordlevel-SG_recall": 0.918141592920354, "test_wordlevel-SG_f1": 0.9124221326493221, "test_wordlevel-PI_precision": 0.8967032967032967, "test_wordlevel-PI_recall": 0.8571428571428571, "test_wordlevel-PI_f1": 0.8764769065520944, "test_wordlevel-ISG_precision": 0.8860759493670886, "test_wordlevel-ISG_recall": 0.7407407407407407, "test_wordlevel-ISG_f1": 0.8069164265129681, "test_wordlevel-ORG_precision": 0.717391304347826, "test_wordlevel-ORG_recall": 0.9383886255924171, "test_wordlevel-ORG_f1": 0.813141683778234, "test_runtime": 5.3837, "test_samples_per_second": 163.269, "test_steps_per_second": 2.6, "epoch": 5.0, "run_id": "rep05-fold03"}
