{"test_loss": 0.07411076128482819, "test_seqeval-macro_precision": 0.8121475030337484, "test_seqeval-macro_recall": 0.879181408081001, "test_seqeval-macro_f1": 0.8438486422144097, "test_seqeval-micro_precision": 0.8152380952380952, "test_seqeval-micro_recall": 0.8788501026694046, "test_seqeval-micro_f1": 0.8458498023715415, "test_seqeval-PG_precision": 0.9066666666666666, "test_seqeval-PG_recall": 0.9315068493150684, "test_seqeval-PG_f1": 0.918918918918919, "test_seqeval-SG_precision": 0.7972508591065293, "test_seqeval-SG_recall": 0.8656716417910447, "test_seqeval-SG_f1": 0.8300536672629695, "test_seqeval-PI_precision": 0.8478260869565217, "test_seqeval-PI_recall": 0.8897338403041825, "test_seqeval-PI_f1": 0.8682745825602968, "test_seqeval-ISG_precision": 0.71875, "test_seqeval-ISG_recall": 0.8518518518518519, "test_seqeval-ISG_f1": 0.7796610169491525, "test_seqeval-ORG_precision": 0.7902439024390244, "test_seqeval-ORG_recall": 0.8571428571428571, "test_seqeval-ORG_f1": 0.8223350253807108, "test_spanlevel-macro_precision_spanwise": 0.8531240816724072, "test_spanlevel-macro_recall_spanwise": 0.846275729760908, "test_spanlevel-macro_f1_spanwise": 0.8461964685666763, "test_spanlevel-macro_precision_seqavg": 0.8694166094221318, "test_spanlevel-macro_recall_seqavg": 0.8587828972756201, "test_spanlevel-macro_f1_seqavg": 0.8607074778589692, "test_spanlevel-micro_precision_spanwise": 0.8815865800865801, "test_spanlevel-micro_recall_spanwise": 0.8744659863945577, "test_spanlevel-micro_f1_spanwise": 0.8734888282567264, "test_spanlevel-micro_precision_seqavg": 0.877610236985237, "test_spanlevel-micro_recall_seqavg": 0.8706808671652422, "test_spanlevel-micro_f1_seqavg": 0.8691938719422512, "test_spanlevel-PG_precision_spanwise": 0.9621315192743765, "test_spanlevel-PG_recall_spanwise": 0.9579365079365079, "test_spanlevel-PG_f1_spanwise": 0.9579786200194361, "test_spanlevel-PG_precision_seqavg": 0.9553258808400291, "test_spanlevel-PG_recall_seqavg": 0.9468584760718362, "test_spanlevel-PG_f1_seqavg": 0.9483623451834583, "test_spanlevel-SG_precision_spanwise": 0.8835564521058744, "test_spanlevel-SG_recall_spanwise": 0.8729674796747968, "test_spanlevel-SG_f1_spanwise": 0.873933290854172, "test_spanlevel-SG_precision_seqavg": 0.9118273456684471, "test_spanlevel-SG_recall_seqavg": 0.894540879274691, "test_spanlevel-SG_f1_seqavg": 0.897092238539852, "test_spanlevel-PI_precision_spanwise": 0.8797449584816133, "test_spanlevel-PI_recall_spanwise": 0.8843416370106761, "test_spanlevel-PI_f1_spanwise": 0.8786561599728859, "test_spanlevel-PI_precision_seqavg": 0.8784176756558787, "test_spanlevel-PI_recall_seqavg": 0.8774407197997911, "test_spanlevel-PI_f1_seqavg": 0.8754233862107171, "test_spanlevel-ISG_precision_spanwise": 0.6887254901960783, "test_spanlevel-ISG_recall_spanwise": 0.6887254901960783, "test_spanlevel-ISG_f1_spanwise": 0.686029411764706, "test_spanlevel-ISG_precision_seqavg": 0.7001667985681145, "test_spanlevel-ISG_recall_seqavg": 0.7014519556109513, "test_spanlevel-ISG_f1_seqavg": 0.6999792696857711, "test_spanlevel-ORG_precision_spanwise": 0.8514619883040937, "test_spanlevel-ORG_recall_spanwise": 0.8274075339864814, "test_spanlevel-ORG_f1_spanwise": 0.834384860222181, "test_spanlevel-ORG_precision_seqavg": 0.901345346378189, "test_spanlevel-ORG_recall_seqavg": 0.8736224556208312, "test_spanlevel-ORG_f1_seqavg": 0.8826801496750476, "test_doclevel-micro_precision": 0.9526143790849673, "test_doclevel-micro_recall": 0.9798319327731092, "test_doclevel-micro_f1": 0.9660314830157416, "test_doclevel-PG_precision": 0.9927007299270073, "test_doclevel-PG_recall": 0.9784172661870504, "test_doclevel-PG_f1": 0.9855072463768116, "test_doclevel-SG_precision": 0.9447004608294931, "test_doclevel-SG_recall": 0.9534883720930233, "test_doclevel-SG_f1": 0.9490740740740741, "test_doclevel-PI_precision": 0.9508928571428571, "test_doclevel-PI_recall": 0.9681818181818181, "test_doclevel-PI_f1": 0.9594594594594594, "test_doclevel-ISG_precision": 0.7807017543859649, "test_doclevel-ISG_recall": 0.9270833333333334, "test_doclevel-ISG_f1": 0.8476190476190476, "test_doclevel-ORG_precision": 0.9, "test_doclevel-ORG_recall": 0.9863013698630136, "test_doclevel-ORG_f1": 0.9411764705882354, "test_wordlevel-macro_precision": 0.9143394458834554, "test_wordlevel-macro_recall": 0.9329588188705976, "test_wordlevel-macro_f1": 0.9230503958713311, "test_wordlevel-O_precision": 0.991151537652373, "test_wordlevel-O_recall": 0.9888264707698006, "test_wordlevel-O_f1": 0.9899876390605684, "test_wordlevel-PG_precision": 0.9772727272727273, "test_wordlevel-PG_recall": 0.9555555555555556, "test_wordlevel-PG_f1": 0.9662921348314608, "test_wordlevel-SG_precision": 0.9178807947019868, "test_wordlevel-SG_recall": 0.9094488188976378, "test_wordlevel-SG_f1": 0.9136453526697429, "test_wordlevel-PI_precision": 0.9182098765432098, "test_wordlevel-PI_recall": 0.9596774193548387, "test_wordlevel-PI_f1": 0.9384858044164037, "test_wordlevel-ISG_precision": 0.7663043478260869, "test_wordlevel-ISG_recall": 0.8650306748466258, "test_wordlevel-ISG_f1": 0.8126801152737753, "test_wordlevel-ORG_precision": 0.9152173913043479, "test_wordlevel-ORG_recall": 0.9192139737991266, "test_wordlevel-ORG_f1": 0.917211328976035, "test_runtime": 5.1422, "test_samples_per_second": 170.354, "test_steps_per_second": 2.723, "epoch": 4.0, "run_id": "rep02-fold03"}
