{"test_loss": 0.07800120115280151, "test_seqeval-macro_precision": 0.8045399463662996, "test_seqeval-macro_recall": 0.8364320234329103, "test_seqeval-macro_f1": 0.8191173434344083, "test_seqeval-micro_precision": 0.808695652173913, "test_seqeval-micro_recall": 0.8571428571428571, "test_seqeval-micro_f1": 0.8322147651006712, "test_seqeval-PG_precision": 0.9554140127388535, "test_seqeval-PG_recall": 0.9375, "test_seqeval-PG_f1": 0.9463722397476341, "test_seqeval-SG_precision": 0.8365019011406845, "test_seqeval-SG_recall": 0.8835341365461847, "test_seqeval-SG_f1": 0.859375, "test_seqeval-PI_precision": 0.7522123893805309, "test_seqeval-PI_recall": 0.8629441624365483, "test_seqeval-PI_f1": 0.8037825059101654, "test_seqeval-ISG_precision": 0.7285714285714285, "test_seqeval-ISG_recall": 0.68, "test_seqeval-ISG_f1": 0.7034482758620689, "test_seqeval-ORG_precision": 0.75, "test_seqeval-ORG_recall": 0.8181818181818182, "test_seqeval-ORG_f1": 0.7826086956521738, "test_spanlevel-macro_precision_spanwise": 0.8468771451840647, "test_spanlevel-macro_recall_spanwise": 0.8403330160738662, "test_spanlevel-macro_f1_spanwise": 0.8384452202797906, "test_spanlevel-macro_precision_seqavg": 0.8460118435146871, "test_spanlevel-macro_recall_seqavg": 0.8397944576724914, "test_spanlevel-macro_f1_seqavg": 0.8375313722892418, "test_spanlevel-micro_precision_spanwise": 0.9040027743895147, "test_spanlevel-micro_recall_spanwise": 0.9098429440418391, "test_spanlevel-micro_f1_spanwise": 0.9020336155072998, "test_spanlevel-micro_precision_seqavg": 0.905339041489484, "test_spanlevel-micro_recall_seqavg": 0.9097070579371462, "test_spanlevel-micro_f1_seqavg": 0.9028190031604097, "test_spanlevel-PG_precision_spanwise": 0.9495884773662551, "test_spanlevel-PG_recall_spanwise": 0.9516460905349794, "test_spanlevel-PG_f1_spanwise": 0.948971193415638, "test_spanlevel-PG_precision_seqavg": 0.9191899868316789, "test_spanlevel-PG_recall_seqavg": 0.9262540429656764, "test_spanlevel-PG_f1_seqavg": 0.9214098201998905, "test_spanlevel-SG_precision_spanwise": 0.8973787302684642, "test_spanlevel-SG_recall_spanwise": 0.9029208434151399, "test_spanlevel-SG_f1_spanwise": 0.8947324960632944, "test_spanlevel-SG_precision_seqavg": 0.8932340863180626, "test_spanlevel-SG_recall_seqavg": 0.8966930003284439, "test_spanlevel-SG_f1_seqavg": 0.8908182847454339, "test_spanlevel-PI_precision_spanwise": 0.8214000996512207, "test_spanlevel-PI_recall_spanwise": 0.8424015944195317, "test_spanlevel-PI_f1_spanwise": 0.8275250907537903, "test_spanlevel-PI_precision_seqavg": 0.7998984743845363, "test_spanlevel-PI_recall_seqavg": 0.8274028868310149, "test_spanlevel-PI_f1_seqavg": 0.8097697579928759, "test_spanlevel-ISG_precision_spanwise": 0.742798353909465, "test_spanlevel-ISG_recall_spanwise": 0.6954732510288065, "test_spanlevel-ISG_f1_spanwise": 0.7090534979423869, "test_spanlevel-ISG_precision_seqavg": 0.7626960995244861, "test_spanlevel-ISG_recall_seqavg": 0.7017187281882694, "test_spanlevel-ISG_f1_seqavg": 0.7201845639903262, "test_spanlevel-ORG_precision_spanwise": 0.823220064724919, "test_spanlevel-ORG_recall_spanwise": 0.8092233009708737, "test_spanlevel-ORG_f1_spanwise": 0.8119438232238438, "test_spanlevel-ORG_precision_seqavg": 0.8550405705146713, "test_spanlevel-ORG_recall_seqavg": 0.8469036300490521, "test_spanlevel-ORG_f1_seqavg": 0.8454744345176823, "test_spanlevel-macro_precision_relaxed": 0.9040781815423393, "test_spanlevel-macro_recall_relaxed": 0.9364977328024774, "test_spanlevel-macro_f1_relaxed": 0.9419262365690091, "test_spanlevel-micro_precision_relaxed": 0.9034802065716047, "test_spanlevel-micro_recall_relaxed": 0.9365889736783899, "test_spanlevel-micro_f1_relaxed": 0.941656323119617, "test_spanlevel-PG_precision_relaxed": 0.9795698924731182, "test_spanlevel-PG_recall_relaxed": 0.9630801687763713, "test_spanlevel-PG_f1_relaxed": 0.9917211328976036, "test_spanlevel-SG_precision_relaxed": 0.9173881673881674, "test_spanlevel-SG_recall_relaxed": 0.9670075757575757, "test_spanlevel-SG_f1_relaxed": 0.9651164640469453, "test_spanlevel-PI_precision_relaxed": 0.827915899324739, "test_spanlevel-PI_recall_relaxed": 0.9724279835390947, "test_spanlevel-PI_f1_relaxed": 0.9578013886384703, "test_spanlevel-ISG_precision_relaxed": 0.8939393939393939, "test_spanlevel-ISG_recall_relaxed": 0.7627314814814815, "test_spanlevel-ISG_f1_relaxed": 0.9326190476190475, "test_spanlevel-ORG_precision_relaxed": 0.8648732220160791, "test_spanlevel-ORG_recall_relaxed": 0.8994444444444444, "test_spanlevel-ORG_f1_relaxed": 0.954529084025487, "test_doclevel-micro_precision": 0.9695340501792115, "test_doclevel-micro_recall": 0.9872262773722628, "test_doclevel-micro_f1": 0.9783001808318263, "test_doclevel-PG_precision": 0.9870967741935484, "test_doclevel-PG_recall": 0.9683544303797469, "test_doclevel-PG_f1": 0.9776357827476039, "test_doclevel-SG_precision": 0.9428571428571428, "test_doclevel-SG_recall": 0.99, "test_doclevel-SG_f1": 0.9658536585365853, "test_doclevel-PI_precision": 0.8784530386740331, "test_doclevel-PI_recall": 0.9814814814814815, "test_doclevel-PI_f1": 0.9271137026239067, "test_doclevel-ISG_precision": 0.9090909090909091, "test_doclevel-ISG_recall": 0.8333333333333334, "test_doclevel-ISG_f1": 0.8695652173913043, "test_doclevel-ORG_precision": 0.9090909090909091, "test_doclevel-ORG_recall": 0.9333333333333333, "test_doclevel-ORG_f1": 0.9210526315789475, "test_wordlevel-macro_precision": 0.9226972812296252, "test_wordlevel-macro_recall": 0.9178913607535617, "test_wordlevel-macro_f1": 0.9183450429200478, "test_wordlevel-O_precision": 0.9931343701835506, "test_wordlevel-O_recall": 0.9884256031236927, "test_wordlevel-O_f1": 0.9907743919485603, "test_wordlevel-PG_precision": 0.9718875502008032, "test_wordlevel-PG_recall": 0.9416342412451362, "test_wordlevel-PG_f1": 0.9565217391304348, "test_wordlevel-SG_precision": 0.9268018018018018, "test_wordlevel-SG_recall": 0.9481566820276498, "test_wordlevel-SG_f1": 0.937357630979499, "test_wordlevel-PI_precision": 0.8423817863397548, "test_wordlevel-PI_recall": 0.9776422764227642, "test_wordlevel-PI_f1": 0.9049858889934148, "test_wordlevel-ISG_precision": 0.9047619047619048, "test_wordlevel-ISG_recall": 0.76, "test_wordlevel-ISG_f1": 0.8260869565217391, "test_wordlevel-ORG_precision": 0.8972162740899358, "test_wordlevel-ORG_recall": 0.8914893617021277, "test_wordlevel-ORG_f1": 0.8943436499466383, "test_runtime": 4.6125, "test_samples_per_second": 175.395, "test_steps_per_second": 2.818, "epoch": 7.0, "run_id": "rep03-fold03"}
