{"test_loss": 0.07486200332641602, "test_seqeval-macro_precision": 0.8333969631300006, "test_seqeval-macro_recall": 0.8262605315729197, "test_seqeval-macro_f1": 0.8291667612083596, "test_seqeval-micro_precision": 0.8294177732379979, "test_seqeval-micro_recall": 0.8336755646817249, "test_seqeval-micro_f1": 0.8315412186379929, "test_seqeval-PG_precision": 0.916083916083916, "test_seqeval-PG_recall": 0.8972602739726028, "test_seqeval-PG_f1": 0.9065743944636678, "test_seqeval-SG_precision": 0.8028169014084507, "test_seqeval-SG_recall": 0.8507462686567164, "test_seqeval-SG_f1": 0.8260869565217391, "test_seqeval-PI_precision": 0.8378378378378378, "test_seqeval-PI_recall": 0.8250950570342205, "test_seqeval-PI_f1": 0.8314176245210727, "test_seqeval-ISG_precision": 0.8041237113402062, "test_seqeval-ISG_recall": 0.7222222222222222, "test_seqeval-ISG_f1": 0.7609756097560977, "test_seqeval-ORG_precision": 0.8061224489795918, "test_seqeval-ORG_recall": 0.8359788359788359, "test_seqeval-ORG_f1": 0.8207792207792207, "test_spanlevel-macro_precision_spanwise": 0.8378329864978744, "test_spanlevel-macro_recall_spanwise": 0.833253340210262, "test_spanlevel-macro_f1_spanwise": 0.8314560482976063, "test_spanlevel-macro_precision_seqavg": 0.8464189526029606, "test_spanlevel-macro_recall_seqavg": 0.8455041041129482, "test_spanlevel-macro_f1_seqavg": 0.843195599735562, "test_spanlevel-micro_precision_spanwise": 0.9063571033720287, "test_spanlevel-micro_recall_spanwise": 0.8990722792961598, "test_spanlevel-micro_f1_spanwise": 0.8979155836551128, "test_spanlevel-micro_precision_seqavg": 0.9006476920270023, "test_spanlevel-micro_recall_seqavg": 0.8955065254942103, "test_spanlevel-micro_f1_seqavg": 0.893037590356018, "test_spanlevel-PG_precision_spanwise": 0.9259572072072071, "test_spanlevel-PG_recall_spanwise": 0.9352477477477477, "test_spanlevel-PG_f1_spanwise": 0.9280578655578655, "test_spanlevel-PG_precision_seqavg": 0.9269750007088651, "test_spanlevel-PG_recall_seqavg": 0.936659403235832, "test_spanlevel-PG_f1_seqavg": 0.9300919217194845, "test_spanlevel-SG_precision_spanwise": 0.8920009092224083, "test_spanlevel-SG_recall_spanwise": 0.8932567726737338, "test_spanlevel-SG_f1_spanwise": 0.8884568222339405, "test_spanlevel-SG_precision_seqavg": 0.9120611107021653, "test_spanlevel-SG_recall_seqavg": 0.9154903626516617, "test_spanlevel-SG_f1_seqavg": 0.9089499645631816, "test_spanlevel-PI_precision_spanwise": 0.8688725490196078, "test_spanlevel-PI_recall_spanwise": 0.8577715176979882, "test_spanlevel-PI_f1_spanwise": 0.8577492360580595, "test_spanlevel-PI_precision_seqavg": 0.8846372651146411, "test_spanlevel-PI_recall_seqavg": 0.8788223726203341, "test_spanlevel-PI_f1_seqavg": 0.8777997095729918, "test_spanlevel-ISG_precision_spanwise": 0.6848739495798319, "test_spanlevel-ISG_recall_spanwise": 0.6750700280112045, "test_spanlevel-ISG_f1_spanwise": 0.6764705882352942, "test_spanlevel-ISG_precision_seqavg": 0.6975364283812042, "test_spanlevel-ISG_recall_seqavg": 0.6984164211703335, "test_spanlevel-ISG_f1_seqavg": 0.6971600352031654, "test_spanlevel-ORG_precision_spanwise": 0.8174603174603176, "test_spanlevel-ORG_recall_spanwise": 0.8049206349206349, "test_spanlevel-ORG_f1_spanwise": 0.8065457294028723, "test_spanlevel-ORG_precision_seqavg": 0.8108849581079282, "test_spanlevel-ORG_recall_seqavg": 0.7981319608865792, "test_spanlevel-ORG_f1_seqavg": 0.8019763676189869, "test_doclevel-micro_precision": 0.9763113367174281, "test_doclevel-micro_recall": 0.9697478991596639, "test_doclevel-micro_f1": 0.9730185497470489, "test_doclevel-PG_precision": 0.9854014598540146, "test_doclevel-PG_recall": 0.9712230215827338, "test_doclevel-PG_f1": 0.9782608695652174, "test_doclevel-SG_precision": 0.9490740740740741, "test_doclevel-SG_recall": 0.9534883720930233, "test_doclevel-SG_f1": 0.951276102088167, "test_doclevel-PI_precision": 0.9669811320754716, "test_doclevel-PI_recall": 0.9318181818181818, "test_doclevel-PI_f1": 0.949074074074074, "test_doclevel-ISG_precision": 0.8837209302325582, "test_doclevel-ISG_recall": 0.7916666666666666, "test_doclevel-ISG_f1": 0.8351648351648352, "test_doclevel-ORG_precision": 0.8831168831168831, "test_doclevel-ORG_recall": 0.9315068493150684, "test_doclevel-ORG_f1": 0.9066666666666665, "test_wordlevel-macro_precision": 0.9268234069624578, "test_wordlevel-macro_recall": 0.8998943309165458, "test_wordlevel-macro_f1": 0.9123977257082281, "test_wordlevel-O_precision": 0.990213577891303, "test_wordlevel-O_recall": 0.9931477251682203, "test_wordlevel-O_f1": 0.9916784811687112, "test_wordlevel-PG_precision": 0.9518518518518518, "test_wordlevel-PG_recall": 0.9518518518518518, "test_wordlevel-PG_f1": 0.9518518518518518, "test_wordlevel-SG_precision": 0.913154533844189, "test_wordlevel-SG_recall": 0.9383202099737533, "test_wordlevel-SG_f1": 0.9255663430420711, "test_wordlevel-PI_precision": 0.9564459930313589, "test_wordlevel-PI_recall": 0.885483870967742, "test_wordlevel-PI_f1": 0.9195979899497488, "test_wordlevel-ISG_precision": 0.8652482269503546, "test_wordlevel-ISG_recall": 0.7484662576687117, "test_wordlevel-ISG_f1": 0.8026315789473684, "test_wordlevel-ORG_precision": 0.8840262582056893, "test_wordlevel-ORG_recall": 0.8820960698689956, "test_wordlevel-ORG_f1": 0.8830601092896174, "test_runtime": 5.027, "test_samples_per_second": 174.259, "test_steps_per_second": 2.785, "epoch": 4.0, "run_id": "rep02-fold04"}
