{"test_loss": 0.07823358476161957, "test_seqeval-macro_precision": 0.7840969772000411, "test_seqeval-macro_recall": 0.8692449833924385, "test_seqeval-macro_f1": 0.8230721976789306, "test_seqeval-micro_precision": 0.7913669064748201, "test_seqeval-micro_recall": 0.8622620380739082, "test_seqeval-micro_f1": 0.82529474812433, "test_seqeval-PG_precision": 0.8761904761904762, "test_seqeval-PG_recall": 0.9019607843137255, "test_seqeval-PG_f1": 0.888888888888889, "test_seqeval-SG_precision": 0.841225626740947, "test_seqeval-SG_recall": 0.8435754189944135, "test_seqeval-SG_f1": 0.8423988842398883, "test_seqeval-PI_precision": 0.72, "test_seqeval-PI_recall": 0.8780487804878049, "test_seqeval-PI_f1": 0.7912087912087912, "test_seqeval-ISG_precision": 0.7, "test_seqeval-ISG_recall": 0.8571428571428571, "test_seqeval-ISG_f1": 0.7706422018348624, "test_seqeval-ORG_precision": 0.783068783068783, "test_seqeval-ORG_recall": 0.8654970760233918, "test_seqeval-ORG_f1": 0.8222222222222222, "test_spanlevel-macro_precision_spanwise": 0.8189626823275388, "test_spanlevel-macro_recall_spanwise": 0.82318682469692, "test_spanlevel-macro_f1_spanwise": 0.8167101608137426, "test_spanlevel-macro_precision_seqavg": 0.8589480088304697, "test_spanlevel-macro_recall_seqavg": 0.8601380081305541, "test_spanlevel-macro_f1_seqavg": 0.8557001493653003, "test_spanlevel-micro_precision_spanwise": 0.8929312865497075, "test_spanlevel-micro_recall_spanwise": 0.8939962942114644, "test_spanlevel-micro_f1_spanwise": 0.8872808564258479, "test_spanlevel-micro_precision_seqavg": 0.8857140137670566, "test_spanlevel-micro_recall_seqavg": 0.8847597160375313, "test_spanlevel-micro_f1_seqavg": 0.8786153556570843, "test_spanlevel-PG_precision_spanwise": 0.9396825396825397, "test_spanlevel-PG_recall_spanwise": 0.9571428571428572, "test_spanlevel-PG_f1_spanwise": 0.9453968253968253, "test_spanlevel-PG_precision_seqavg": 0.9506335181922874, "test_spanlevel-PG_recall_seqavg": 0.9531818996940006, "test_spanlevel-PG_f1_seqavg": 0.9492290716814599, "test_spanlevel-SG_precision_spanwise": 0.9044837031517359, "test_spanlevel-SG_recall_spanwise": 0.9010480893798154, "test_spanlevel-SG_f1_spanwise": 0.8946818963560548, "test_spanlevel-SG_precision_seqavg": 0.9162627612298233, "test_spanlevel-SG_recall_seqavg": 0.9124749616322049, "test_spanlevel-SG_f1_seqavg": 0.9088178725317354, "test_spanlevel-PI_precision_spanwise": 0.7680416666666667, "test_spanlevel-PI_recall_spanwise": 0.7663636363636362, "test_spanlevel-PI_f1_spanwise": 0.7627261904761906, "test_spanlevel-PI_precision_seqavg": 0.8416428636004946, "test_spanlevel-PI_recall_seqavg": 0.841249635074097, "test_spanlevel-PI_f1_seqavg": 0.8363537020390088, "test_spanlevel-ISG_precision_spanwise": 0.6576923076923077, "test_spanlevel-ISG_recall_spanwise": 0.6628205128205128, "test_spanlevel-ISG_f1_spanwise": 0.6587179487179488, "test_spanlevel-ISG_precision_seqavg": 0.7453472399073594, "test_spanlevel-ISG_recall_seqavg": 0.7447597076131869, "test_spanlevel-ISG_f1_seqavg": 0.743749108487537, "test_spanlevel-ORG_precision_spanwise": 0.8249131944444444, "test_spanlevel-ORG_recall_spanwise": 0.8285590277777777, "test_spanlevel-ORG_f1_spanwise": 0.822027943121693, "test_spanlevel-ORG_precision_seqavg": 0.8408536612223835, "test_spanlevel-ORG_recall_seqavg": 0.8490238366392812, "test_spanlevel-ORG_f1_seqavg": 0.8403509920867601, "test_spanlevel-macro_precision_relaxed": 0.8677923785793388, "test_spanlevel-macro_recall_relaxed": 0.92818310241352, "test_spanlevel-macro_f1_relaxed": 0.9407996969047974, "test_spanlevel-micro_precision_relaxed": 0.8683830024257765, "test_spanlevel-micro_recall_relaxed": 0.9282242242162998, "test_spanlevel-micro_f1_relaxed": 0.9412347409840037, "test_spanlevel-PG_precision_relaxed": 0.9461805555555557, "test_spanlevel-PG_recall_relaxed": 0.9840425531914894, "test_spanlevel-PG_f1_relaxed": 0.9825350276963178, "test_spanlevel-SG_precision_relaxed": 0.9491254362265, "test_spanlevel-SG_recall_relaxed": 0.9161385982964614, "test_spanlevel-SG_f1_relaxed": 0.9630680901116434, "test_spanlevel-PI_precision_relaxed": 0.7691191983122363, "test_spanlevel-PI_recall_relaxed": 0.9394055944055945, "test_spanlevel-PI_f1_relaxed": 0.9565844975983225, "test_spanlevel-ISG_precision_relaxed": 0.7280701754385965, "test_spanlevel-ISG_recall_relaxed": 0.8859649122807016, "test_spanlevel-ISG_f1_relaxed": 0.9780392156862746, "test_spanlevel-ORG_precision_relaxed": 0.854059829059829, "test_spanlevel-ORG_recall_relaxed": 0.9363425925925924, "test_spanlevel-ORG_f1_relaxed": 0.9630040186104261, "test_doclevel-micro_precision": 0.9518272425249169, "test_doclevel-micro_recall": 0.9896373056994818, "test_doclevel-micro_f1": 0.9703640982218459, "test_doclevel-PG_precision": 0.96875, "test_doclevel-PG_recall": 0.9893617021276596, "test_doclevel-PG_f1": 0.9789473684210526, "test_doclevel-SG_precision": 0.9822695035460993, "test_doclevel-SG_recall": 0.9421768707482994, "test_doclevel-SG_f1": 0.9618055555555556, "test_doclevel-PI_precision": 0.7974683544303798, "test_doclevel-PI_recall": 0.9692307692307692, "test_doclevel-PI_f1": 0.8750000000000001, "test_doclevel-ISG_precision": 0.7456140350877193, "test_doclevel-ISG_recall": 0.8947368421052632, "test_doclevel-ISG_f1": 0.8133971291866028, "test_doclevel-ORG_precision": 0.8846153846153846, "test_doclevel-ORG_recall": 0.9583333333333334, "test_doclevel-ORG_f1": 0.9199999999999999, "test_wordlevel-macro_precision": 0.8879228158255543, "test_wordlevel-macro_recall": 0.9318090397490466, "test_wordlevel-macro_f1": 0.9085734277187113, "test_wordlevel-O_precision": 0.9923467612885271, "test_wordlevel-O_recall": 0.9887009566061278, "test_wordlevel-O_f1": 0.990520504184173, "test_wordlevel-PG_precision": 0.9392265193370166, "test_wordlevel-PG_recall": 0.9770114942528736, "test_wordlevel-PG_f1": 0.9577464788732395, "test_wordlevel-SG_precision": 0.9458483754512635, "test_wordlevel-SG_recall": 0.9201053555750659, "test_wordlevel-SG_f1": 0.932799287939475, "test_wordlevel-PI_precision": 0.8333333333333334, "test_wordlevel-PI_recall": 0.8977900552486188, "test_wordlevel-PI_f1": 0.8643617021276596, "test_wordlevel-ISG_precision": 0.7515527950310559, "test_wordlevel-ISG_recall": 0.8768115942028986, "test_wordlevel-ISG_f1": 0.8093645484949833, "test_wordlevel-ORG_precision": 0.8652291105121294, "test_wordlevel-ORG_recall": 0.9304347826086956, "test_wordlevel-ORG_f1": 0.8966480446927373, "test_runtime": 4.8556, "test_samples_per_second": 166.818, "test_steps_per_second": 2.677, "epoch": 4.0, "run_id": "rep01-fold01"}
