{"test_loss": 0.08344161510467529, "test_seqeval-macro_precision": 0.7792264393727081, "test_seqeval-macro_recall": 0.8279312968642124, "test_seqeval-macro_f1": 0.801849385334433, "test_seqeval-micro_precision": 0.7935483870967742, "test_seqeval-micro_recall": 0.8502304147465438, "test_seqeval-micro_f1": 0.8209121245828699, "test_seqeval-PG_precision": 0.8963414634146342, "test_seqeval-PG_recall": 0.91875, "test_seqeval-PG_f1": 0.9074074074074074, "test_seqeval-SG_precision": 0.852589641434263, "test_seqeval-SG_recall": 0.8594377510040161, "test_seqeval-SG_f1": 0.856, "test_seqeval-PI_precision": 0.7934272300469484, "test_seqeval-PI_recall": 0.8578680203045685, "test_seqeval-PI_f1": 0.824390243902439, "test_seqeval-ISG_precision": 0.6533333333333333, "test_seqeval-ISG_recall": 0.6533333333333333, "test_seqeval-ISG_f1": 0.6533333333333333, "test_seqeval-ORG_precision": 0.7004405286343612, "test_seqeval-ORG_recall": 0.8502673796791443, "test_seqeval-ORG_f1": 0.7681159420289855, "test_spanlevel-macro_precision_spanwise": 0.8240328849171334, "test_spanlevel-macro_recall_spanwise": 0.8227600280054197, "test_spanlevel-macro_f1_spanwise": 0.8191955660612502, "test_spanlevel-macro_precision_seqavg": 0.8238745097346157, "test_spanlevel-macro_recall_seqavg": 0.8260442714424171, "test_spanlevel-macro_f1_seqavg": 0.8207125530815074, "test_spanlevel-micro_precision_spanwise": 0.8819792282915927, "test_spanlevel-micro_recall_spanwise": 0.8811373731113428, "test_spanlevel-micro_f1_spanwise": 0.876922646526768, "test_spanlevel-micro_precision_seqavg": 0.8791285663654086, "test_spanlevel-micro_recall_seqavg": 0.8801489202804993, "test_spanlevel-micro_f1_seqavg": 0.8746536382720594, "test_spanlevel-PG_precision_spanwise": 0.9516460905349795, "test_spanlevel-PG_recall_spanwise": 0.9645061728395061, "test_spanlevel-PG_f1_spanwise": 0.9545365471291399, "test_spanlevel-PG_precision_seqavg": 0.9397597719967993, "test_spanlevel-PG_recall_seqavg": 0.9446670057255571, "test_spanlevel-PG_f1_seqavg": 0.9357383743963958, "test_spanlevel-SG_precision_spanwise": 0.8761508211889891, "test_spanlevel-SG_recall_spanwise": 0.8708585307821949, "test_spanlevel-SG_f1_spanwise": 0.8700567562208784, "test_spanlevel-SG_precision_seqavg": 0.8768364328166656, "test_spanlevel-SG_recall_seqavg": 0.873468500899643, "test_spanlevel-SG_f1_seqavg": 0.8722274204865985, "test_spanlevel-PI_precision_spanwise": 0.8581018518518518, "test_spanlevel-PI_recall_spanwise": 0.8613811728395062, "test_spanlevel-PI_f1_spanwise": 0.8551236572069906, "test_spanlevel-PI_precision_seqavg": 0.8351827876317115, "test_spanlevel-PI_recall_seqavg": 0.8436921722119703, "test_spanlevel-PI_f1_seqavg": 0.8351619201581317, "test_spanlevel-ISG_precision_spanwise": 0.6414728682170542, "test_spanlevel-ISG_recall_spanwise": 0.633720930232558, "test_spanlevel-ISG_f1_spanwise": 0.6329457364341086, "test_spanlevel-ISG_precision_seqavg": 0.6311476879419079, "test_spanlevel-ISG_recall_seqavg": 0.6349737403122651, "test_spanlevel-ISG_f1_seqavg": 0.630765137326094, "test_spanlevel-ORG_precision_spanwise": 0.7927927927927928, "test_spanlevel-ORG_recall_spanwise": 0.7833333333333332, "test_spanlevel-ORG_f1_spanwise": 0.7833151333151334, "test_spanlevel-ORG_precision_seqavg": 0.8364458682859941, "test_spanlevel-ORG_recall_seqavg": 0.8334199380626502, "test_spanlevel-ORG_f1_seqavg": 0.8296699130403169, "test_spanlevel-macro_precision_relaxed": 0.8889369649432259, "test_spanlevel-macro_recall_relaxed": 0.9264506706796853, "test_spanlevel-macro_f1_relaxed": 0.9411484651405697, "test_spanlevel-micro_precision_relaxed": 0.8874911562299757, "test_spanlevel-micro_recall_relaxed": 0.9262986025531648, "test_spanlevel-micro_f1_relaxed": 0.9401622583094127, "test_spanlevel-PG_precision_relaxed": 0.9625527426160336, "test_spanlevel-PG_recall_relaxed": 0.9815400843881855, "test_spanlevel-PG_f1_relaxed": 0.9792124542124543, "test_spanlevel-SG_precision_relaxed": 0.936136911521527, "test_spanlevel-SG_recall_relaxed": 0.9151699134199134, "test_spanlevel-SG_f1_relaxed": 0.9709140681065814, "test_spanlevel-PI_precision_relaxed": 0.8868701550387598, "test_spanlevel-PI_recall_relaxed": 0.9483024691358025, "test_spanlevel-PI_f1_relaxed": 0.9612033536084168, "test_spanlevel-ISG_precision_relaxed": 0.7985074626865671, "test_spanlevel-ISG_recall_relaxed": 0.744212962962963, "test_spanlevel-ISG_f1_relaxed": 0.942687074829932, "test_spanlevel-ORG_precision_relaxed": 0.8004930966469428, "test_spanlevel-ORG_recall_relaxed": 0.9420000000000001, "test_spanlevel-ORG_f1_relaxed": 0.9395177607568471, "test_doclevel-micro_precision": 0.960644007155635, "test_doclevel-micro_recall": 0.9799270072992701, "test_doclevel-micro_f1": 0.9701897018970189, "test_doclevel-PG_precision": 0.9873417721518988, "test_doclevel-PG_recall": 0.9873417721518988, "test_doclevel-PG_f1": 0.9873417721518988, "test_doclevel-SG_precision": 0.958974358974359, "test_doclevel-SG_recall": 0.935, "test_doclevel-SG_f1": 0.9468354430379747, "test_doclevel-PI_precision": 0.9186046511627907, "test_doclevel-PI_recall": 0.9753086419753086, "test_doclevel-PI_f1": 0.9461077844311376, "test_doclevel-ISG_precision": 0.8507462686567164, "test_doclevel-ISG_recall": 0.7916666666666666, "test_doclevel-ISG_f1": 0.8201438848920863, "test_doclevel-ORG_precision": 0.8579881656804734, "test_doclevel-ORG_recall": 0.9666666666666667, "test_doclevel-ORG_f1": 0.9090909090909091, "test_wordlevel-macro_precision": 0.9056767334923181, "test_wordlevel-macro_recall": 0.9208046036930572, "test_wordlevel-macro_f1": 0.9122727979043527, "test_wordlevel-O_precision": 0.9914649503288093, "test_wordlevel-O_recall": 0.9881467019941431, "test_wordlevel-O_f1": 0.9898030451180333, "test_wordlevel-PG_precision": 0.9473684210526315, "test_wordlevel-PG_recall": 0.980544747081712, "test_wordlevel-PG_f1": 0.9636711281070744, "test_wordlevel-SG_precision": 0.9541062801932367, "test_wordlevel-SG_recall": 0.9101382488479263, "test_wordlevel-SG_f1": 0.9316037735849056, "test_wordlevel-PI_precision": 0.9163424124513618, "test_wordlevel-PI_recall": 0.9573170731707317, "test_wordlevel-PI_f1": 0.9363817097415507, "test_wordlevel-ISG_precision": 0.7948717948717948, "test_wordlevel-ISG_recall": 0.744, "test_wordlevel-ISG_f1": 0.768595041322314, "test_wordlevel-ORG_precision": 0.8299065420560747, "test_wordlevel-ORG_recall": 0.9446808510638298, "test_wordlevel-ORG_f1": 0.8835820895522388, "test_runtime": 4.6476, "test_samples_per_second": 174.07, "test_steps_per_second": 2.797, "epoch": 4.0, "run_id": "rep03-fold01"}
