{"test_loss": 0.10932401567697525, "test_seqeval-macro_precision": 0.7897484037878436, "test_seqeval-macro_recall": 0.8339128693982616, "test_seqeval-macro_f1": 0.8107160242323648, "test_seqeval-micro_precision": 0.7779783393501805, "test_seqeval-micro_recall": 0.8328502415458937, "test_seqeval-micro_f1": 0.8044797013532431, "test_seqeval-PG_precision": 0.9368421052631579, "test_seqeval-PG_recall": 0.9175257731958762, "test_seqeval-PG_f1": 0.9270833333333333, "test_seqeval-SG_precision": 0.7926267281105991, "test_seqeval-SG_recall": 0.8431372549019608, "test_seqeval-SG_f1": 0.817102137767221, "test_seqeval-PI_precision": 0.7733333333333333, "test_seqeval-PI_recall": 0.8325358851674641, "test_seqeval-PI_f1": 0.8018433179723502, "test_seqeval-ISG_precision": 0.7322834645669292, "test_seqeval-ISG_recall": 0.7622950819672131, "test_seqeval-ISG_f1": 0.746987951807229, "test_seqeval-ORG_precision": 0.7136563876651982, "test_seqeval-ORG_recall": 0.8140703517587939, "test_seqeval-ORG_f1": 0.7605633802816901, "test_spanlevel-macro_precision_spanwise": 0.8153436121713874, "test_spanlevel-macro_recall_spanwise": 0.8082991650045871, "test_spanlevel-macro_f1_spanwise": 0.8055199627372616, "test_spanlevel-macro_precision_seqavg": 0.8202108302509181, "test_spanlevel-macro_recall_seqavg": 0.8148317598712055, "test_spanlevel-macro_f1_seqavg": 0.8118730800414383, "test_spanlevel-micro_precision_spanwise": 0.872939102979975, "test_spanlevel-micro_recall_spanwise": 0.8701300137948639, "test_spanlevel-micro_f1_spanwise": 0.8631202672524618, "test_spanlevel-micro_precision_seqavg": 0.8741389868704682, "test_spanlevel-micro_recall_seqavg": 0.8721772504758615, "test_spanlevel-micro_f1_seqavg": 0.8645525159796352, "test_spanlevel-PG_precision_spanwise": 0.92, "test_spanlevel-PG_recall_spanwise": 0.9066666666666667, "test_spanlevel-PG_f1_spanwise": 0.9109999999999999, "test_spanlevel-PG_precision_seqavg": 0.8998239340505456, "test_spanlevel-PG_recall_seqavg": 0.8858275635886761, "test_spanlevel-PG_f1_seqavg": 0.8896424724690224, "test_spanlevel-SG_precision_spanwise": 0.8729084753167321, "test_spanlevel-SG_recall_spanwise": 0.8692852827600535, "test_spanlevel-SG_f1_spanwise": 0.8620032095395904, "test_spanlevel-SG_precision_seqavg": 0.8753903478294301, "test_spanlevel-SG_recall_seqavg": 0.8726657432804127, "test_spanlevel-SG_f1_seqavg": 0.8675701066240801, "test_spanlevel-PI_precision_spanwise": 0.8412280701754387, "test_spanlevel-PI_recall_spanwise": 0.8364583333333333, "test_spanlevel-PI_f1_spanwise": 0.8300295934343869, "test_spanlevel-PI_precision_seqavg": 0.8134195227557375, "test_spanlevel-PI_recall_seqavg": 0.8116519741516834, "test_spanlevel-PI_f1_seqavg": 0.8064785943277322, "test_spanlevel-ISG_precision_spanwise": 0.6836734693877551, "test_spanlevel-ISG_recall_spanwise": 0.6621315192743764, "test_spanlevel-ISG_f1_spanwise": 0.6678004535147393, "test_spanlevel-ISG_precision_seqavg": 0.7431405898590655, "test_spanlevel-ISG_recall_seqavg": 0.7147233019248177, "test_spanlevel-ISG_f1_seqavg": 0.7237513840317478, "test_spanlevel-ORG_precision_spanwise": 0.7589080459770114, "test_spanlevel-ORG_recall_spanwise": 0.7669540229885058, "test_spanlevel-ORG_f1_spanwise": 0.7567665571975917, "test_spanlevel-ORG_precision_seqavg": 0.7692797567598121, "test_spanlevel-ORG_recall_seqavg": 0.7892902164104373, "test_spanlevel-ORG_f1_seqavg": 0.7719228427546094, "test_spanlevel-macro_precision_relaxed": 0.8705761432054536, "test_spanlevel-macro_recall_relaxed": 0.9089740347093291, "test_spanlevel-macro_f1_relaxed": 0.9145356330489376, "test_spanlevel-micro_precision_relaxed": 0.8718648927700652, "test_spanlevel-micro_recall_relaxed": 0.9092875835522897, "test_spanlevel-micro_f1_relaxed": 0.9159583926749995, "test_spanlevel-PG_precision_relaxed": 0.967391304347826, "test_spanlevel-PG_recall_relaxed": 0.9326241134751774, "test_spanlevel-PG_f1_relaxed": 0.9898876404494381, "test_spanlevel-SG_precision_relaxed": 0.8875012718762718, "test_spanlevel-SG_recall_relaxed": 0.9226013306458851, "test_spanlevel-SG_f1_relaxed": 0.949255035118525, "test_spanlevel-PI_precision_relaxed": 0.8600368324125232, "test_spanlevel-PI_recall_relaxed": 0.9161849710982659, "test_spanlevel-PI_f1_relaxed": 0.9447457667353577, "test_spanlevel-ISG_precision_relaxed": 0.8067226890756303, "test_spanlevel-ISG_recall_relaxed": 0.8045977011494252, "test_spanlevel-ISG_f1_relaxed": 0.9427609427609426, "test_spanlevel-ORG_precision_relaxed": 0.8230602110490379, "test_spanlevel-ORG_recall_relaxed": 0.914186507936508, "test_spanlevel-ORG_f1_relaxed": 0.9360701183485993, "test_doclevel-micro_precision": 0.9702194357366771, "test_doclevel-micro_recall": 0.9841017488076311, "test_doclevel-micro_f1": 0.9771112865035517, "test_doclevel-PG_precision": 0.967391304347826, "test_doclevel-PG_recall": 0.9468085106382979, "test_doclevel-PG_f1": 0.956989247311828, "test_doclevel-SG_precision": 0.9294871794871795, "test_doclevel-SG_recall": 0.9570957095709571, "test_doclevel-SG_f1": 0.943089430894309, "test_doclevel-PI_precision": 0.9060773480662984, "test_doclevel-PI_recall": 0.9479768786127167, "test_doclevel-PI_f1": 0.9265536723163841, "test_doclevel-ISG_precision": 0.8403361344537815, "test_doclevel-ISG_recall": 0.8620689655172413, "test_doclevel-ISG_f1": 0.851063829787234, "test_doclevel-ORG_precision": 0.88268156424581, "test_doclevel-ORG_recall": 0.9404761904761905, "test_doclevel-ORG_f1": 0.9106628242074927, "test_wordlevel-macro_precision": 0.8984382068273344, "test_wordlevel-macro_recall": 0.90620926766924, "test_wordlevel-macro_f1": 0.9017258977695137, "test_wordlevel-O_precision": 0.9871226386442326, "test_wordlevel-O_recall": 0.9853271084702601, "test_wordlevel-O_f1": 0.9862240563175142, "test_wordlevel-PG_precision": 0.9817073170731707, "test_wordlevel-PG_recall": 0.9415204678362573, "test_wordlevel-PG_f1": 0.9611940298507463, "test_wordlevel-SG_precision": 0.9130434782608695, "test_wordlevel-SG_recall": 0.8982300884955752, "test_wordlevel-SG_f1": 0.9055762081784385, "test_wordlevel-PI_precision": 0.893223819301848, "test_wordlevel-PI_recall": 0.9138655462184874, "test_wordlevel-PI_f1": 0.9034267912772587, "test_wordlevel-ISG_precision": 0.8054054054054054, "test_wordlevel-ISG_recall": 0.7883597883597884, "test_wordlevel-ISG_f1": 0.7967914438502673, "test_wordlevel-ORG_precision": 0.810126582278481, "test_wordlevel-ORG_recall": 0.909952606635071, "test_wordlevel-ORG_f1": 0.8571428571428572, "test_runtime": 5.393, "test_samples_per_second": 162.988, "test_steps_per_second": 2.596, "epoch": 4.0, "run_id": "rep05-fold02"}
