{"test_loss": 0.09571770578622818, "test_seqeval-macro_precision": 0.7783649932937106, "test_seqeval-macro_recall": 0.8279232771318428, "test_seqeval-macro_f1": 0.8013837595820362, "test_seqeval-micro_precision": 0.7780104712041885, "test_seqeval-micro_recall": 0.832026875699888, "test_seqeval-micro_f1": 0.8041125541125542, "test_seqeval-PG_precision": 0.8557692307692307, "test_seqeval-PG_recall": 0.8725490196078431, "test_seqeval-PG_f1": 0.8640776699029126, "test_seqeval-SG_precision": 0.8118279569892473, "test_seqeval-SG_recall": 0.8435754189944135, "test_seqeval-SG_f1": 0.8273972602739725, "test_seqeval-PI_precision": 0.6732673267326733, "test_seqeval-PI_recall": 0.8292682926829268, "test_seqeval-PI_f1": 0.7431693989071039, "test_seqeval-ISG_precision": 0.76, "test_seqeval-ISG_recall": 0.7755102040816326, "test_seqeval-ISG_f1": 0.7676767676767676, "test_seqeval-ORG_precision": 0.7909604519774012, "test_seqeval-ORG_recall": 0.8187134502923976, "test_seqeval-ORG_f1": 0.8045977011494252, "test_spanlevel-macro_precision_spanwise": 0.8225903217412404, "test_spanlevel-macro_recall_spanwise": 0.8170326620846364, "test_spanlevel-macro_f1_spanwise": 0.8139872173505369, "test_spanlevel-macro_precision_seqavg": 0.8604293858828935, "test_spanlevel-macro_recall_seqavg": 0.8532417073889083, "test_spanlevel-macro_f1_seqavg": 0.8507671895144405, "test_spanlevel-micro_precision_spanwise": 0.8937297631446567, "test_spanlevel-micro_recall_spanwise": 0.8851995404123064, "test_spanlevel-micro_f1_spanwise": 0.882446104628299, "test_spanlevel-micro_precision_seqavg": 0.8916165573195524, "test_spanlevel-micro_recall_seqavg": 0.8776133115359405, "test_spanlevel-micro_f1_seqavg": 0.876863644889915, "test_spanlevel-PG_precision_spanwise": 0.9503205128205128, "test_spanlevel-PG_recall_spanwise": 0.9532051282051281, "test_spanlevel-PG_f1_spanwise": 0.947008547008547, "test_spanlevel-PG_precision_seqavg": 0.9784235773794789, "test_spanlevel-PG_recall_seqavg": 0.9722356723896067, "test_spanlevel-PG_f1_seqavg": 0.969627225446331, "test_spanlevel-SG_precision_spanwise": 0.9118726543726543, "test_spanlevel-SG_recall_spanwise": 0.8917463617463617, "test_spanlevel-SG_f1_spanwise": 0.8951422671655945, "test_spanlevel-SG_precision_seqavg": 0.9278490287302646, "test_spanlevel-SG_recall_seqavg": 0.9165932773724494, "test_spanlevel-SG_f1_seqavg": 0.9189200761326811, "test_spanlevel-PI_precision_spanwise": 0.7381360877684406, "test_spanlevel-PI_recall_spanwise": 0.7445558526440879, "test_spanlevel-PI_f1_spanwise": 0.7355347947259712, "test_spanlevel-PI_precision_seqavg": 0.8103258162518825, "test_spanlevel-PI_recall_seqavg": 0.812846034747035, "test_spanlevel-PI_f1_seqavg": 0.8036408547903983, "test_spanlevel-ISG_precision_spanwise": 0.7086956521739131, "test_spanlevel-ISG_recall_spanwise": 0.7028985507246377, "test_spanlevel-ISG_f1_spanwise": 0.7, "test_spanlevel-ISG_precision_seqavg": 0.8046297181434451, "test_spanlevel-ISG_recall_seqavg": 0.7818065956733286, "test_spanlevel-ISG_f1_seqavg": 0.7853266873771071, "test_spanlevel-ORG_precision_spanwise": 0.8039267015706807, "test_spanlevel-ORG_recall_spanwise": 0.7927574171029668, "test_spanlevel-ORG_f1_spanwise": 0.7922504778525721, "test_spanlevel-ORG_precision_seqavg": 0.7809187889093971, "test_spanlevel-ORG_recall_seqavg": 0.7827269567621211, "test_spanlevel-ORG_f1_seqavg": 0.7763211038256848, "test_doclevel-micro_precision": 0.9627118644067797, "test_doclevel-micro_recall": 0.9810017271157168, "test_doclevel-micro_f1": 0.971770744225834, "test_doclevel-PG_precision": 0.9789473684210527, "test_doclevel-PG_recall": 0.9893617021276596, "test_doclevel-PG_f1": 0.9841269841269842, "test_doclevel-SG_precision": 0.9690721649484536, "test_doclevel-SG_recall": 0.9591836734693877, "test_doclevel-SG_f1": 0.964102564102564, "test_doclevel-PI_precision": 0.7804878048780488, "test_doclevel-PI_recall": 0.9846153846153847, "test_doclevel-PI_f1": 0.870748299319728, "test_doclevel-ISG_precision": 0.8367346938775511, "test_doclevel-ISG_recall": 0.8631578947368421, "test_doclevel-ISG_f1": 0.8497409326424872, "test_doclevel-ORG_precision": 0.8933333333333333, "test_doclevel-ORG_recall": 0.9305555555555556, "test_doclevel-ORG_f1": 0.9115646258503401, "test_wordlevel-macro_precision": 0.8913725965416203, "test_wordlevel-macro_recall": 0.9062016520217381, "test_wordlevel-macro_f1": 0.8975378126871263, "test_wordlevel-O_precision": 0.9888349514563107, "test_wordlevel-O_recall": 0.9884236794676279, "test_wordlevel-O_f1": 0.9886292726894543, "test_wordlevel-PG_precision": 0.9540229885057471, "test_wordlevel-PG_recall": 0.9540229885057471, "test_wordlevel-PG_f1": 0.9540229885057472, "test_wordlevel-SG_precision": 0.9598506069094305, "test_wordlevel-SG_recall": 0.9025460930640913, "test_wordlevel-SG_f1": 0.930316742081448, "test_wordlevel-PI_precision": 0.7767441860465116, "test_wordlevel-PI_recall": 0.9226519337016574, "test_wordlevel-PI_f1": 0.8434343434343434, "test_wordlevel-ISG_precision": 0.8208955223880597, "test_wordlevel-ISG_recall": 0.7971014492753623, "test_wordlevel-ISG_f1": 0.8088235294117647, "test_wordlevel-ORG_precision": 0.847887323943662, "test_wordlevel-ORG_recall": 0.8724637681159421, "test_wordlevel-ORG_f1": 0.86, "test_runtime": 4.8143, "test_samples_per_second": 168.25, "test_steps_per_second": 2.7, "epoch": 6.0, "run_id": "rep01-fold04"}
