{"test_loss": 0.07560640573501587, "test_seqeval-macro_precision": 0.8170548270362528, "test_seqeval-macro_recall": 0.8673354019715473, "test_seqeval-macro_f1": 0.8410888843736061, "test_seqeval-micro_precision": 0.8310454065469906, "test_seqeval-micro_recall": 0.8812989921612542, "test_seqeval-micro_f1": 0.8554347826086957, "test_seqeval-PG_precision": 0.8557692307692307, "test_seqeval-PG_recall": 0.8725490196078431, "test_seqeval-PG_f1": 0.8640776699029126, "test_seqeval-SG_precision": 0.8888888888888888, "test_seqeval-SG_recall": 0.9162011173184358, "test_seqeval-SG_f1": 0.9023383768913342, "test_seqeval-PI_precision": 0.7606382978723404, "test_seqeval-PI_recall": 0.8719512195121951, "test_seqeval-PI_f1": 0.8125, "test_seqeval-ISG_precision": 0.7766990291262136, "test_seqeval-ISG_recall": 0.8163265306122449, "test_seqeval-ISG_f1": 0.7960199004975125, "test_seqeval-ORG_precision": 0.8032786885245902, "test_seqeval-ORG_recall": 0.8596491228070176, "test_seqeval-ORG_f1": 0.8305084745762712, "test_spanlevel-macro_precision_spanwise": 0.8378193006779517, "test_spanlevel-macro_recall_spanwise": 0.8429187453335423, "test_spanlevel-macro_f1_spanwise": 0.8361073502854073, "test_spanlevel-macro_precision_seqavg": 0.8674212297781366, "test_spanlevel-macro_recall_seqavg": 0.8704978056020682, "test_spanlevel-macro_f1_seqavg": 0.8660603692423854, "test_spanlevel-micro_precision_spanwise": 0.8954946247580883, "test_spanlevel-micro_recall_spanwise": 0.9023633529441344, "test_spanlevel-micro_f1_spanwise": 0.8944805927122196, "test_spanlevel-micro_precision_seqavg": 0.8920155151187491, "test_spanlevel-micro_recall_seqavg": 0.899390613072205, "test_spanlevel-micro_f1_seqavg": 0.8914096456451013, "test_spanlevel-PG_precision_spanwise": 0.9457928802588997, "test_spanlevel-PG_recall_spanwise": 0.9632686084142394, "test_spanlevel-PG_f1_spanwise": 0.9485436893203884, "test_spanlevel-PG_precision_seqavg": 0.9492378328073062, "test_spanlevel-PG_recall_seqavg": 0.9602378381582507, "test_spanlevel-PG_f1_seqavg": 0.9521782389621395, "test_spanlevel-SG_precision_spanwise": 0.9315591176363535, "test_spanlevel-SG_recall_spanwise": 0.9404374758033294, "test_spanlevel-SG_f1_spanwise": 0.9314532200043056, "test_spanlevel-SG_precision_seqavg": 0.9449466607299669, "test_spanlevel-SG_recall_seqavg": 0.941360338316451, "test_spanlevel-SG_f1_seqavg": 0.9414483305449923, "test_spanlevel-PI_precision_spanwise": 0.7751526251526251, "test_spanlevel-PI_recall_spanwise": 0.7781196581196582, "test_spanlevel-PI_f1_spanwise": 0.7726447626447628, "test_spanlevel-PI_precision_seqavg": 0.8275349847748901, "test_spanlevel-PI_recall_seqavg": 0.8374846009048097, "test_spanlevel-PI_f1_seqavg": 0.828956182797532, "test_spanlevel-ISG_precision_spanwise": 0.7136752136752137, "test_spanlevel-ISG_recall_spanwise": 0.7065527065527065, "test_spanlevel-ISG_f1_spanwise": 0.7076923076923076, "test_spanlevel-ISG_precision_seqavg": 0.7871310003800165, "test_spanlevel-ISG_recall_seqavg": 0.7775793423173052, "test_spanlevel-ISG_f1_seqavg": 0.7796168991408453, "test_spanlevel-ORG_precision_spanwise": 0.8229166666666666, "test_spanlevel-ORG_recall_spanwise": 0.8262152777777777, "test_spanlevel-ORG_f1_spanwise": 0.8202027717652718, "test_spanlevel-ORG_precision_seqavg": 0.8282556701985031, "test_spanlevel-ORG_recall_seqavg": 0.8358269083135237, "test_spanlevel-ORG_f1_seqavg": 0.8281021947664172, "test_spanlevel-macro_precision_relaxed": 0.894704357615403, "test_spanlevel-macro_recall_relaxed": 0.9445212051429671, "test_spanlevel-macro_f1_relaxed": 0.9484032141322077, "test_spanlevel-micro_precision_relaxed": 0.8952326002178448, "test_spanlevel-micro_recall_relaxed": 0.9445116100556518, "test_spanlevel-micro_f1_relaxed": 0.9486389085615692, "test_spanlevel-PG_precision_relaxed": 0.9560931899641577, "test_spanlevel-PG_recall_relaxed": 0.9739361702127659, "test_spanlevel-PG_f1_relaxed": 0.9621049201694363, "test_spanlevel-SG_precision_relaxed": 0.9444718347496125, "test_spanlevel-SG_recall_relaxed": 0.9749244142101285, "test_spanlevel-SG_f1_relaxed": 0.9740028686469199, "test_spanlevel-PI_precision_relaxed": 0.7902752009894867, "test_spanlevel-PI_recall_relaxed": 0.9383333333333334, "test_spanlevel-PI_f1_relaxed": 0.9570765428115325, "test_spanlevel-ISG_precision_relaxed": 0.8088235294117647, "test_spanlevel-ISG_recall_relaxed": 0.8596491228070174, "test_spanlevel-ISG_f1_relaxed": 0.9855421686746989, "test_spanlevel-ORG_precision_relaxed": 0.8842063492063492, "test_spanlevel-ORG_recall_relaxed": 0.9297453703703703, "test_spanlevel-ORG_f1_relaxed": 0.9660030966600309, "test_doclevel-micro_precision": 0.9595278246205734, "test_doclevel-micro_recall": 0.9827288428324698, "test_doclevel-micro_f1": 0.9709897610921503, "test_doclevel-PG_precision": 1.0, "test_doclevel-PG_recall": 0.9893617021276596, "test_doclevel-PG_f1": 0.9946524064171123, "test_doclevel-SG_precision": 0.9730639730639731, "test_doclevel-SG_recall": 0.9829931972789115, "test_doclevel-SG_f1": 0.9780033840947546, "test_doclevel-PI_precision": 0.8181818181818182, "test_doclevel-PI_recall": 0.9692307692307692, "test_doclevel-PI_f1": 0.8873239436619719, "test_doclevel-ISG_precision": 0.8137254901960784, "test_doclevel-ISG_recall": 0.8736842105263158, "test_doclevel-ISG_f1": 0.8426395939086295, "test_doclevel-ORG_precision": 0.9133333333333333, "test_doclevel-ORG_recall": 0.9513888888888888, "test_doclevel-ORG_f1": 0.9319727891156462, "test_wordlevel-macro_precision": 0.8977022028748803, "test_wordlevel-macro_recall": 0.9304662561394866, "test_wordlevel-macro_f1": 0.9135457217975528, "test_wordlevel-O_precision": 0.9949040139616055, "test_wordlevel-O_recall": 0.987938444475253, "test_wordlevel-O_f1": 0.9914089944697576, "test_wordlevel-PG_precision": 0.9269662921348315, "test_wordlevel-PG_recall": 0.9482758620689655, "test_wordlevel-PG_f1": 0.9375000000000001, "test_wordlevel-SG_precision": 0.9480851063829787, "test_wordlevel-SG_recall": 0.9780509218612818, "test_wordlevel-SG_f1": 0.9628349178910978, "test_wordlevel-PI_precision": 0.8278481012658228, "test_wordlevel-PI_recall": 0.9033149171270718, "test_wordlevel-PI_f1": 0.8639365918097754, "test_wordlevel-ISG_precision": 0.8285714285714286, "test_wordlevel-ISG_recall": 0.8405797101449275, "test_wordlevel-ISG_f1": 0.8345323741007195, "test_wordlevel-ORG_precision": 0.8598382749326146, "test_wordlevel-ORG_recall": 0.9246376811594202, "test_wordlevel-ORG_f1": 0.8910614525139664, "test_runtime": 4.8342, "test_samples_per_second": 167.557, "test_steps_per_second": 2.689, "epoch": 5.0, "run_id": "rep01-fold03"}
