{"test_loss": 0.08651228994131088, "test_seqeval-macro_precision": 0.7670149547422274, "test_seqeval-macro_recall": 0.8393751134953804, "test_seqeval-macro_f1": 0.8000034326895828, "test_seqeval-micro_precision": 0.7718993928881179, "test_seqeval-micro_recall": 0.8348968105065666, "test_seqeval-micro_f1": 0.8021631365479945, "test_seqeval-PG_precision": 0.8848484848484849, "test_seqeval-PG_recall": 0.906832298136646, "test_seqeval-PG_f1": 0.8957055214723927, "test_seqeval-SG_precision": 0.8126721763085399, "test_seqeval-SG_recall": 0.8263305322128851, "test_seqeval-SG_f1": 0.8194444444444444, "test_seqeval-PI_precision": 0.6916666666666667, "test_seqeval-PI_recall": 0.83, "test_seqeval-PI_f1": 0.7545454545454545, "test_seqeval-ISG_precision": 0.6623376623376623, "test_seqeval-ISG_recall": 0.8292682926829268, "test_seqeval-ISG_f1": 0.7364620938628158, "test_seqeval-ORG_precision": 0.7835497835497836, "test_seqeval-ORG_recall": 0.8044444444444444, "test_seqeval-ORG_f1": 0.7938596491228069, "test_spanlevel-macro_precision_spanwise": 0.8071967866457627, "test_spanlevel-macro_recall_spanwise": 0.8067506672905946, "test_spanlevel-macro_f1_spanwise": 0.8015930064658949, "test_spanlevel-macro_precision_seqavg": 0.8295436660495976, "test_spanlevel-macro_recall_seqavg": 0.8305440320240061, "test_spanlevel-macro_f1_seqavg": 0.8258837756028286, "test_spanlevel-micro_precision_spanwise": 0.8845411025587236, "test_spanlevel-micro_recall_spanwise": 0.8830457525831975, "test_spanlevel-micro_f1_spanwise": 0.8777246688700433, "test_spanlevel-micro_precision_seqavg": 0.873983262108262, "test_spanlevel-micro_recall_seqavg": 0.8724525983275984, "test_spanlevel-micro_f1_seqavg": 0.8674114563887291, "test_spanlevel-PG_precision_spanwise": 0.927710843373494, "test_spanlevel-PG_recall_spanwise": 0.9487951807228916, "test_spanlevel-PG_f1_spanwise": 0.9335341365461848, "test_spanlevel-PG_precision_seqavg": 0.948119525765684, "test_spanlevel-PG_recall_seqavg": 0.960852820619795, "test_spanlevel-PG_f1_seqavg": 0.9506326970599923, "test_spanlevel-SG_precision_spanwise": 0.8609737082032597, "test_spanlevel-SG_recall_spanwise": 0.8483307882384399, "test_spanlevel-SG_f1_spanwise": 0.8463521819722347, "test_spanlevel-SG_precision_seqavg": 0.8835615206361089, "test_spanlevel-SG_recall_seqavg": 0.884407061437423, "test_spanlevel-SG_f1_seqavg": 0.8788214942343372, "test_spanlevel-PI_precision_spanwise": 0.7625523012552301, "test_spanlevel-PI_recall_spanwise": 0.7563458856345885, "test_spanlevel-PI_f1_spanwise": 0.753169471161103, "test_spanlevel-PI_precision_seqavg": 0.7771487717221596, "test_spanlevel-PI_recall_seqavg": 0.7794067465284069, "test_spanlevel-PI_f1_seqavg": 0.7740408986731147, "test_spanlevel-ISG_precision_spanwise": 0.6431492842535788, "test_spanlevel-ISG_recall_spanwise": 0.6554192229038855, "test_spanlevel-ISG_f1_spanwise": 0.6462167689161554, "test_spanlevel-ISG_precision_seqavg": 0.6794166116495557, "test_spanlevel-ISG_recall_seqavg": 0.6925308344801896, "test_spanlevel-ISG_f1_seqavg": 0.6834981198737952, "test_spanlevel-ORG_precision_spanwise": 0.8415977961432507, "test_spanlevel-ORG_recall_spanwise": 0.8248622589531681, "test_spanlevel-ORG_f1_spanwise": 0.8286924737337961, "test_spanlevel-ORG_precision_seqavg": 0.8594719004744803, "test_spanlevel-ORG_recall_seqavg": 0.8355226970542164, "test_spanlevel-ORG_f1_seqavg": 0.8424256681729034, "test_spanlevel-macro_precision_relaxed": 0.8610938731701444, "test_spanlevel-macro_recall_relaxed": 0.9158664021164018, "test_spanlevel-macro_f1_relaxed": 0.9210316415087175, "test_spanlevel-micro_precision_relaxed": 0.8618181253774473, "test_spanlevel-micro_recall_relaxed": 0.9163518518518516, "test_spanlevel-micro_f1_relaxed": 0.922001766089146, "test_spanlevel-PG_precision_relaxed": 0.9382911392405063, "test_spanlevel-PG_recall_relaxed": 0.9822580645161291, "test_spanlevel-PG_f1_relaxed": 0.977217553688142, "test_spanlevel-SG_precision_relaxed": 0.9236161018955695, "test_spanlevel-SG_recall_relaxed": 0.9024968789013733, "test_spanlevel-SG_f1_relaxed": 0.9454045139033435, "test_spanlevel-PI_precision_relaxed": 0.7854381443298969, "test_spanlevel-PI_recall_relaxed": 0.9382864792503347, "test_spanlevel-PI_f1_relaxed": 0.9366570571363599, "test_spanlevel-ISG_precision_relaxed": 0.6952736318407959, "test_spanlevel-ISG_recall_relaxed": 0.875, "test_spanlevel-ISG_f1_relaxed": 0.9689739813451155, "test_spanlevel-ORG_precision_relaxed": 0.890151515151515, "test_spanlevel-ORG_recall_relaxed": 0.8610757254069354, "test_spanlevel-ORG_f1_relaxed": 0.9574459201418358, "test_doclevel-micro_precision": 0.9537750385208013, "test_doclevel-micro_recall": 0.9825396825396825, "test_doclevel-micro_f1": 0.9679437060203284, "test_doclevel-PG_precision": 0.9683544303797469, "test_doclevel-PG_recall": 0.9870967741935484, "test_doclevel-PG_f1": 0.9776357827476039, "test_doclevel-SG_precision": 0.9581749049429658, "test_doclevel-SG_recall": 0.9438202247191011, "test_doclevel-SG_f1": 0.9509433962264152, "test_doclevel-PI_precision": 0.8350515463917526, "test_doclevel-PI_recall": 0.9759036144578314, "test_doclevel-PI_f1": 0.9, "test_doclevel-ISG_precision": 0.7313432835820896, "test_doclevel-ISG_recall": 0.8909090909090909, "test_doclevel-ISG_f1": 0.8032786885245902, "test_doclevel-ORG_precision": 0.9155844155844156, "test_doclevel-ORG_recall": 0.8980891719745223, "test_doclevel-ORG_f1": 0.9067524115755626, "test_wordlevel-macro_precision": 0.8758728461126698, "test_wordlevel-macro_recall": 0.9215682851607422, "test_wordlevel-macro_f1": 0.896136398274933, "test_wordlevel-O_precision": 0.9906207061353725, "test_wordlevel-O_recall": 0.9863192957411373, "test_wordlevel-O_f1": 0.9884653214509255, "test_wordlevel-PG_precision": 0.932258064516129, "test_wordlevel-PG_recall": 0.9829931972789115, "test_wordlevel-PG_f1": 0.956953642384106, "test_wordlevel-SG_precision": 0.9217777777777778, "test_wordlevel-SG_recall": 0.8962834917891098, "test_wordlevel-SG_f1": 0.9088518843120071, "test_wordlevel-PI_precision": 0.8111753371868978, "test_wordlevel-PI_recall": 0.9293598233995585, "test_wordlevel-PI_f1": 0.8662551440329218, "test_wordlevel-ISG_precision": 0.684931506849315, "test_wordlevel-ISG_recall": 0.8620689655172413, "test_wordlevel-ISG_f1": 0.7633587786259542, "test_wordlevel-ORG_precision": 0.9144736842105263, "test_wordlevel-ORG_recall": 0.8723849372384938, "test_wordlevel-ORG_f1": 0.8929336188436832, "test_runtime": 5.4963, "test_samples_per_second": 163.02, "test_steps_per_second": 2.547, "epoch": 6.0, "run_id": "rep04-fold01"}
