{"test_loss": 0.07632438093423843, "test_seqeval-macro_precision": 0.8207799580978812, "test_seqeval-macro_recall": 0.8675318277187156, "test_seqeval-macro_f1": 0.8433264178144361, "test_seqeval-micro_precision": 0.8258928571428571, "test_seqeval-micro_recall": 0.8677298311444653, "test_seqeval-micro_f1": 0.8462946020128088, "test_seqeval-PG_precision": 0.8816568047337278, "test_seqeval-PG_recall": 0.9254658385093167, "test_seqeval-PG_f1": 0.903030303030303, "test_seqeval-SG_precision": 0.8480662983425414, "test_seqeval-SG_recall": 0.8599439775910365, "test_seqeval-SG_f1": 0.8539638386648122, "test_seqeval-PI_precision": 0.8269230769230769, "test_seqeval-PI_recall": 0.86, "test_seqeval-PI_f1": 0.8431372549019608, "test_seqeval-ISG_precision": 0.753731343283582, "test_seqeval-ISG_recall": 0.8211382113821138, "test_seqeval-ISG_f1": 0.7859922178988328, "test_seqeval-ORG_precision": 0.7935222672064778, "test_seqeval-ORG_recall": 0.8711111111111111, "test_seqeval-ORG_f1": 0.8305084745762712, "test_spanlevel-macro_precision_spanwise": 0.8491404717836781, "test_spanlevel-macro_recall_spanwise": 0.8449899144187268, "test_spanlevel-macro_f1_spanwise": 0.8431071616036228, "test_spanlevel-macro_precision_seqavg": 0.8666618413999029, "test_spanlevel-macro_recall_seqavg": 0.8607699214744986, "test_spanlevel-macro_f1_seqavg": 0.860839492849253, "test_spanlevel-micro_precision_spanwise": 0.9123056642217547, "test_spanlevel-micro_recall_spanwise": 0.9105853291163265, "test_spanlevel-micro_f1_spanwise": 0.905796532995179, "test_spanlevel-micro_precision_seqavg": 0.9060390713866971, "test_spanlevel-micro_recall_seqavg": 0.9035437872419438, "test_spanlevel-micro_f1_seqavg": 0.89937914136178, "test_spanlevel-PG_precision_spanwise": 0.9186507936507937, "test_spanlevel-PG_recall_spanwise": 0.9280753968253967, "test_spanlevel-PG_f1_spanwise": 0.9209750566893423, "test_spanlevel-PG_precision_seqavg": 0.9427148478471981, "test_spanlevel-PG_recall_seqavg": 0.9357036158677715, "test_spanlevel-PG_f1_seqavg": 0.9369778561692256, "test_spanlevel-SG_precision_spanwise": 0.8855899415243734, "test_spanlevel-SG_recall_spanwise": 0.8846692137014717, "test_spanlevel-SG_f1_spanwise": 0.8791027251970613, "test_spanlevel-SG_precision_seqavg": 0.8985329272386056, "test_spanlevel-SG_recall_seqavg": 0.8931742890431823, "test_spanlevel-SG_f1_seqavg": 0.8916600417362427, "test_spanlevel-PI_precision_spanwise": 0.8428899082568807, "test_spanlevel-PI_recall_spanwise": 0.8331804281345565, "test_spanlevel-PI_f1_spanwise": 0.8360982035293962, "test_spanlevel-PI_precision_seqavg": 0.8581731118303072, "test_spanlevel-PI_recall_seqavg": 0.8528948447666257, "test_spanlevel-PI_f1_seqavg": 0.854828912395281, "test_spanlevel-ISG_precision_spanwise": 0.7379310344827587, "test_spanlevel-ISG_recall_spanwise": 0.7172413793103448, "test_spanlevel-ISG_f1_spanwise": 0.7229885057471264, "test_spanlevel-ISG_precision_seqavg": 0.7551726298996625, "test_spanlevel-ISG_recall_seqavg": 0.7343374337127857, "test_spanlevel-ISG_f1_seqavg": 0.7412695594833059, "test_spanlevel-ORG_precision_spanwise": 0.8606406810035842, "test_spanlevel-ORG_recall_spanwise": 0.8617831541218638, "test_spanlevel-ORG_f1_spanwise": 0.8563713168551879, "test_spanlevel-ORG_precision_seqavg": 0.878715690183741, "test_spanlevel-ORG_recall_seqavg": 0.8877394239821284, "test_spanlevel-ORG_f1_seqavg": 0.8794610944622097, "test_spanlevel-macro_precision_relaxed": 0.9009493938778272, "test_spanlevel-macro_recall_relaxed": 0.9304636897494037, "test_spanlevel-macro_f1_relaxed": 0.9426125485979073, "test_spanlevel-micro_precision_relaxed": 0.9007125039505168, "test_spanlevel-micro_recall_relaxed": 0.9307745363102504, "test_spanlevel-micro_f1_relaxed": 0.9425840620755255, "test_spanlevel-PG_precision_relaxed": 0.9393459915611816, "test_spanlevel-PG_recall_relaxed": 0.978225806451613, "test_spanlevel-PG_f1_relaxed": 0.9836466165413535, "test_spanlevel-SG_precision_relaxed": 0.941718064313899, "test_spanlevel-SG_recall_relaxed": 0.924013595642809, "test_spanlevel-SG_f1_relaxed": 0.9622898421229829, "test_spanlevel-PI_precision_relaxed": 0.8983622350674373, "test_spanlevel-PI_recall_relaxed": 0.9179718875502008, "test_spanlevel-PI_f1_relaxed": 0.9753574835269656, "test_spanlevel-ISG_precision_relaxed": 0.8081232492997198, "test_spanlevel-ISG_recall_relaxed": 0.8545454545454545, "test_spanlevel-ISG_f1_relaxed": 0.9597667638483965, "test_spanlevel-ORG_precision_relaxed": 0.8571393762183236, "test_spanlevel-ORG_recall_relaxed": 0.9567940552016984, "test_spanlevel-ORG_f1_relaxed": 0.9525708938285836, "test_doclevel-micro_precision": 0.9672897196261683, "test_doclevel-micro_recall": 0.9857142857142858, "test_doclevel-micro_f1": 0.9764150943396227, "test_doclevel-PG_precision": 0.9620253164556962, "test_doclevel-PG_recall": 0.9806451612903225, "test_doclevel-PG_f1": 0.9712460063897763, "test_doclevel-SG_precision": 0.9694656488549618, "test_doclevel-SG_recall": 0.951310861423221, "test_doclevel-SG_f1": 0.9603024574669187, "test_doclevel-PI_precision": 0.9075144508670521, "test_doclevel-PI_recall": 0.9457831325301205, "test_doclevel-PI_f1": 0.9262536873156342, "test_doclevel-ISG_precision": 0.8235294117647058, "test_doclevel-ISG_recall": 0.8909090909090909, "test_doclevel-ISG_f1": 0.8558951965065502, "test_doclevel-ORG_precision": 0.9005847953216374, "test_doclevel-ORG_recall": 0.9808917197452229, "test_doclevel-ORG_f1": 0.9390243902439024, "test_wordlevel-macro_precision": 0.9102227657140464, "test_wordlevel-macro_recall": 0.9308900734171252, "test_wordlevel-macro_f1": 0.9201900061607455, "test_wordlevel-O_precision": 0.9924825487739395, "test_wordlevel-O_recall": 0.9894718058529621, "test_wordlevel-O_f1": 0.9909748905370387, "test_wordlevel-PG_precision": 0.935064935064935, "test_wordlevel-PG_recall": 0.9795918367346939, "test_wordlevel-PG_f1": 0.9568106312292358, "test_wordlevel-SG_precision": 0.9177489177489178, "test_wordlevel-SG_recall": 0.916162489196197, "test_wordlevel-SG_f1": 0.9169550173010381, "test_wordlevel-PI_precision": 0.9351230425055929, "test_wordlevel-PI_recall": 0.9227373068432672, "test_wordlevel-PI_f1": 0.9288888888888889, "test_wordlevel-ISG_precision": 0.8044692737430168, "test_wordlevel-ISG_recall": 0.8275862068965517, "test_wordlevel-ISG_f1": 0.8158640226628896, "test_wordlevel-ORG_precision": 0.8764478764478765, "test_wordlevel-ORG_recall": 0.9497907949790795, "test_wordlevel-ORG_f1": 0.9116465863453815, "test_runtime": 5.4044, "test_samples_per_second": 165.791, "test_steps_per_second": 2.59, "epoch": 5.0, "run_id": "rep04-fold03"}
