{"test_loss": 0.09576138108968735, "test_seqeval-macro_precision": 0.7589558304543912, "test_seqeval-macro_recall": 0.8061221660809957, "test_seqeval-macro_f1": 0.7806181594448013, "test_seqeval-micro_precision": 0.7536988685813751, "test_seqeval-micro_recall": 0.8123827392120075, "test_seqeval-micro_f1": 0.781941309255079, "test_seqeval-PG_precision": 0.8802395209580839, "test_seqeval-PG_recall": 0.9130434782608695, "test_seqeval-PG_f1": 0.8963414634146342, "test_seqeval-SG_precision": 0.7331670822942643, "test_seqeval-SG_recall": 0.8235294117647058, "test_seqeval-SG_f1": 0.775725593667546, "test_seqeval-PI_precision": 0.7166666666666667, "test_seqeval-PI_recall": 0.86, "test_seqeval-PI_f1": 0.7818181818181817, "test_seqeval-ISG_precision": 0.7, "test_seqeval-ISG_recall": 0.6829268292682927, "test_seqeval-ISG_f1": 0.6913580246913581, "test_seqeval-ORG_precision": 0.7647058823529411, "test_seqeval-ORG_recall": 0.7511111111111111, "test_seqeval-ORG_f1": 0.7578475336322869, "test_spanlevel-macro_precision_spanwise": 0.7849885949807163, "test_spanlevel-macro_recall_spanwise": 0.781550767021092, "test_spanlevel-macro_f1_spanwise": 0.777923000263524, "test_spanlevel-macro_precision_seqavg": 0.7896165265437877, "test_spanlevel-macro_recall_seqavg": 0.7927451521165374, "test_spanlevel-macro_f1_seqavg": 0.787231068493256, "test_spanlevel-micro_precision_spanwise": 0.8706459056326781, "test_spanlevel-micro_recall_spanwise": 0.8718525326329559, "test_spanlevel-micro_f1_spanwise": 0.8646545041342041, "test_spanlevel-micro_precision_seqavg": 0.8643749797080578, "test_spanlevel-micro_recall_seqavg": 0.8648255139449629, "test_spanlevel-micro_f1_seqavg": 0.8580813741740528, "test_spanlevel-PG_precision_spanwise": 0.9132149901380671, "test_spanlevel-PG_recall_spanwise": 0.925542406311637, "test_spanlevel-PG_f1_spanwise": 0.9151967690429229, "test_spanlevel-PG_precision_seqavg": 0.9274496786048061, "test_spanlevel-PG_recall_seqavg": 0.9240612356717274, "test_spanlevel-PG_f1_seqavg": 0.9229047524349558, "test_spanlevel-SG_precision_spanwise": 0.8254697871572872, "test_spanlevel-SG_recall_spanwise": 0.8202058080808081, "test_spanlevel-SG_f1_spanwise": 0.8140967682165704, "test_spanlevel-SG_precision_seqavg": 0.7932076934667387, "test_spanlevel-SG_recall_seqavg": 0.8057127556424654, "test_spanlevel-SG_f1_seqavg": 0.7932601636127258, "test_spanlevel-PI_precision_spanwise": 0.7797222222222222, "test_spanlevel-PI_recall_spanwise": 0.7710416666666666, "test_spanlevel-PI_f1_spanwise": 0.7715903078403078, "test_spanlevel-PI_precision_seqavg": 0.7886450225214725, "test_spanlevel-PI_recall_seqavg": 0.7891201156938318, "test_spanlevel-PI_f1_seqavg": 0.7869068421140353, "test_spanlevel-ISG_precision_spanwise": 0.6020408163265306, "test_spanlevel-ISG_recall_spanwise": 0.6020408163265306, "test_spanlevel-ISG_f1_spanwise": 0.5975056689342404, "test_spanlevel-ISG_precision_seqavg": 0.6155738158981916, "test_spanlevel-ISG_recall_seqavg": 0.6366247692291737, "test_spanlevel-ISG_f1_seqavg": 0.621729840293442, "test_spanlevel-ORG_precision_spanwise": 0.8044951590594743, "test_spanlevel-ORG_recall_spanwise": 0.7889231377198183, "test_spanlevel-ORG_f1_spanwise": 0.7912254872835787, "test_spanlevel-ORG_precision_seqavg": 0.8232064222277296, "test_spanlevel-ORG_recall_seqavg": 0.808206884345489, "test_spanlevel-ORG_f1_seqavg": 0.8113537440111207, "test_spanlevel-macro_precision_relaxed": 0.8602638298982641, "test_spanlevel-macro_recall_relaxed": 0.8903531917817632, "test_spanlevel-macro_f1_relaxed": 0.9206377212645566, "test_spanlevel-micro_precision_relaxed": 0.859908184495449, "test_spanlevel-micro_recall_relaxed": 0.8910536201012391, "test_spanlevel-micro_f1_relaxed": 0.9210571331937794, "test_spanlevel-PG_precision_relaxed": 0.9308176100628931, "test_spanlevel-PG_recall_relaxed": 0.975, "test_spanlevel-PG_f1_relaxed": 0.9786027568922308, "test_spanlevel-SG_precision_relaxed": 0.8636053060788977, "test_spanlevel-SG_recall_relaxed": 0.9232810988428966, "test_spanlevel-SG_f1_relaxed": 0.935103590227533, "test_spanlevel-PI_precision_relaxed": 0.8057155322862128, "test_spanlevel-PI_recall_relaxed": 0.9400602409638555, "test_spanlevel-PI_f1_relaxed": 0.951910583790141, "test_spanlevel-ISG_precision_relaxed": 0.7404761904761905, "test_spanlevel-ISG_recall_relaxed": 0.7234848484848484, "test_spanlevel-ISG_f1_relaxed": 0.9630164074608519, "test_spanlevel-ORG_precision_relaxed": 0.9008561643835619, "test_spanlevel-ORG_recall_relaxed": 0.8273809523809523, "test_spanlevel-ORG_f1_relaxed": 0.942578653634901, "test_doclevel-micro_precision": 0.9638364779874213, "test_doclevel-micro_recall": 0.973015873015873, "test_doclevel-micro_f1": 0.9684044233807266, "test_doclevel-PG_precision": 0.9559748427672956, "test_doclevel-PG_recall": 0.9806451612903225, "test_doclevel-PG_f1": 0.9681528662420381, "test_doclevel-SG_precision": 0.9119718309859155, "test_doclevel-SG_recall": 0.9700374531835206, "test_doclevel-SG_f1": 0.9401088929219602, "test_doclevel-PI_precision": 0.8429319371727748, "test_doclevel-PI_recall": 0.9698795180722891, "test_doclevel-PI_f1": 0.9019607843137255, "test_doclevel-ISG_precision": 0.780952380952381, "test_doclevel-ISG_recall": 0.7454545454545455, "test_doclevel-ISG_f1": 0.7627906976744186, "test_doclevel-ORG_precision": 0.9383561643835616, "test_doclevel-ORG_recall": 0.8726114649681529, "test_doclevel-ORG_f1": 0.9042904290429042, "test_wordlevel-macro_precision": 0.8777052604006755, "test_wordlevel-macro_recall": 0.8892898311590508, "test_wordlevel-macro_f1": 0.8825539575331459, "test_wordlevel-O_precision": 0.9891271880040624, "test_wordlevel-O_recall": 0.9848322626695217, "test_wordlevel-O_f1": 0.9869750529045334, "test_wordlevel-PG_precision": 0.9228295819935691, "test_wordlevel-PG_recall": 0.9761904761904762, "test_wordlevel-PG_f1": 0.9487603305785123, "test_wordlevel-SG_precision": 0.8665568369028006, "test_wordlevel-SG_recall": 0.909248055315471, "test_wordlevel-SG_f1": 0.8873892872205821, "test_wordlevel-PI_precision": 0.844311377245509, "test_wordlevel-PI_recall": 0.9337748344370861, "test_wordlevel-PI_f1": 0.8867924528301886, "test_wordlevel-ISG_precision": 0.7349397590361446, "test_wordlevel-ISG_recall": 0.7011494252873564, "test_wordlevel-ISG_f1": 0.7176470588235295, "test_wordlevel-ORG_precision": 0.9084668192219679, "test_wordlevel-ORG_recall": 0.8305439330543933, "test_wordlevel-ORG_f1": 0.8677595628415302, "test_runtime": 5.495, "test_samples_per_second": 163.056, "test_steps_per_second": 2.548, "epoch": 5.0, "run_id": "rep04-fold02"}
