{"test_loss": 0.1329229176044464, "test_seqeval-macro_precision": 0.6757429562963451, "test_seqeval-macro_recall": 0.6923664842872671, "test_seqeval-macro_f1": 0.6789171478572925, "test_seqeval-micro_precision": 0.6829004329004329, "test_seqeval-micro_recall": 0.7269585253456221, "test_seqeval-micro_f1": 0.7042410714285715, "test_seqeval-PG_precision": 0.815028901734104, "test_seqeval-PG_recall": 0.88125, "test_seqeval-PG_f1": 0.8468468468468469, "test_seqeval-SG_precision": 0.6992481203007519, "test_seqeval-SG_recall": 0.7469879518072289, "test_seqeval-SG_f1": 0.7223300970873786, "test_seqeval-PI_precision": 0.6460176991150443, "test_seqeval-PI_recall": 0.7411167512690355, "test_seqeval-PI_f1": 0.6903073286052008, "test_seqeval-ISG_precision": 0.6078431372549019, "test_seqeval-ISG_recall": 0.41333333333333333, "test_seqeval-ISG_f1": 0.4920634920634921, "test_seqeval-ORG_precision": 0.6105769230769231, "test_seqeval-ORG_recall": 0.679144385026738, "test_seqeval-ORG_f1": 0.6430379746835444, "test_spanlevel-macro_precision_spanwise": 0.7083915437406608, "test_spanlevel-macro_recall_spanwise": 0.6948781024735075, "test_spanlevel-macro_f1_spanwise": 0.6937763084716503, "test_spanlevel-macro_precision_seqavg": 0.6970785649018787, "test_spanlevel-macro_recall_seqavg": 0.6791154453457857, "test_spanlevel-macro_f1_seqavg": 0.6800619093366695, "test_spanlevel-micro_precision_spanwise": 0.8386818748831736, "test_spanlevel-micro_recall_spanwise": 0.8297900542218725, "test_spanlevel-micro_f1_spanwise": 0.8263894747159896, "test_spanlevel-micro_precision_seqavg": 0.8366874806454491, "test_spanlevel-micro_recall_seqavg": 0.8288866112968565, "test_spanlevel-micro_f1_seqavg": 0.8246431588227661, "test_spanlevel-PG_precision_spanwise": 0.9112426035502958, "test_spanlevel-PG_recall_spanwise": 0.9018737672583826, "test_spanlevel-PG_f1_spanwise": 0.899098337559876, "test_spanlevel-PG_precision_seqavg": 0.8658842440879041, "test_spanlevel-PG_recall_seqavg": 0.8392805222509543, "test_spanlevel-PG_f1_seqavg": 0.8411768539448744, "test_spanlevel-SG_precision_spanwise": 0.7797547017763624, "test_spanlevel-SG_recall_spanwise": 0.7795965065820661, "test_spanlevel-SG_f1_spanwise": 0.7719565147900027, "test_spanlevel-SG_precision_seqavg": 0.7840892604094686, "test_spanlevel-SG_recall_seqavg": 0.7747112624184438, "test_spanlevel-SG_f1_seqavg": 0.7733673600700047, "test_spanlevel-PI_precision_spanwise": 0.7208860759493672, "test_spanlevel-PI_recall_spanwise": 0.7009142053445852, "test_spanlevel-PI_f1_spanwise": 0.7036479928884993, "test_spanlevel-PI_precision_seqavg": 0.6692205916537866, "test_spanlevel-PI_recall_seqavg": 0.6618766377167211, "test_spanlevel-PI_f1_seqavg": 0.6603515160243959, "test_spanlevel-ISG_precision_spanwise": 0.43452380952380953, "test_spanlevel-ISG_recall_spanwise": 0.4166666666666667, "test_spanlevel-ISG_f1_spanwise": 0.4166666666666667, "test_spanlevel-ISG_precision_seqavg": 0.43115891985585514, "test_spanlevel-ISG_recall_seqavg": 0.40619669268864605, "test_spanlevel-ISG_f1_seqavg": 0.41059523714400487, "test_spanlevel-ORG_precision_spanwise": 0.695550527903469, "test_spanlevel-ORG_recall_spanwise": 0.6753393665158371, "test_spanlevel-ORG_f1_spanwise": 0.677512030453207, "test_spanlevel-ORG_precision_seqavg": 0.735039808502379, "test_spanlevel-ORG_recall_seqavg": 0.7135121116541634, "test_spanlevel-ORG_f1_seqavg": 0.714818579500068, "test_spanlevel-macro_precision_relaxed": 0.8491854726863955, "test_spanlevel-macro_recall_relaxed": 0.8382782794051044, "test_spanlevel-macro_f1_relaxed": 0.902182137354354, "test_spanlevel-micro_precision_relaxed": 0.8475311793577479, "test_spanlevel-micro_recall_relaxed": 0.8376575155886291, "test_spanlevel-micro_f1_relaxed": 0.9008150263104833, "test_spanlevel-PG_precision_relaxed": 0.9314928425357872, "test_spanlevel-PG_recall_relaxed": 0.9599156118143459, "test_spanlevel-PG_f1_relaxed": 0.9626984126984127, "test_spanlevel-SG_precision_relaxed": 0.851438195950391, "test_spanlevel-SG_recall_relaxed": 0.8777054473304474, "test_spanlevel-SG_f1_relaxed": 0.938882295083465, "test_spanlevel-PI_precision_relaxed": 0.8032407407407407, "test_spanlevel-PI_recall_relaxed": 0.8539609053497943, "test_spanlevel-PI_f1_relaxed": 0.9271353651781278, "test_spanlevel-ISG_precision_relaxed": 0.7659574468085106, "test_spanlevel-ISG_recall_relaxed": 0.4791666666666667, "test_spanlevel-ISG_f1_relaxed": 0.8991228070175438, "test_spanlevel-ORG_precision_relaxed": 0.8017151379567486, "test_spanlevel-ORG_recall_relaxed": 0.7917777777777778, "test_spanlevel-ORG_f1_relaxed": 0.9191043404381112, "test_doclevel-micro_precision": 0.9575645756457565, "test_doclevel-micro_recall": 0.9470802919708029, "test_doclevel-micro_f1": 0.9522935779816515, "test_doclevel-PG_precision": 0.9570552147239264, "test_doclevel-PG_recall": 0.9873417721518988, "test_doclevel-PG_f1": 0.9719626168224299, "test_doclevel-SG_precision": 0.9024390243902439, "test_doclevel-SG_recall": 0.925, "test_doclevel-SG_f1": 0.9135802469135802, "test_doclevel-PI_precision": 0.8448275862068966, "test_doclevel-PI_recall": 0.9074074074074074, "test_doclevel-PI_f1": 0.875, "test_doclevel-ISG_precision": 0.851063829787234, "test_doclevel-ISG_recall": 0.5555555555555556, "test_doclevel-ISG_f1": 0.6722689075630252, "test_doclevel-ORG_precision": 0.8590604026845637, "test_doclevel-ORG_recall": 0.8533333333333334, "test_doclevel-ORG_f1": 0.8561872909698997, "test_wordlevel-macro_precision": 0.8642400439015817, "test_wordlevel-macro_recall": 0.8159247834570919, "test_wordlevel-macro_f1": 0.8333285453143731, "test_wordlevel-O_precision": 0.9825561192577663, "test_wordlevel-O_recall": 0.9857760423929717, "test_wordlevel-O_f1": 0.9841634471476802, "test_wordlevel-PG_precision": 0.9125475285171103, "test_wordlevel-PG_recall": 0.933852140077821, "test_wordlevel-PG_f1": 0.923076923076923, "test_wordlevel-SG_precision": 0.8842105263157894, "test_wordlevel-SG_recall": 0.8709677419354839, "test_wordlevel-SG_f1": 0.877539175856065, "test_wordlevel-PI_precision": 0.7946257197696737, "test_wordlevel-PI_recall": 0.8414634146341463, "test_wordlevel-PI_f1": 0.8173741362290227, "test_wordlevel-ISG_precision": 0.7866666666666666, "test_wordlevel-ISG_recall": 0.472, "test_wordlevel-ISG_f1": 0.59, "test_wordlevel-ORG_precision": 0.8248337028824834, "test_wordlevel-ORG_recall": 0.7914893617021277, "test_wordlevel-ORG_f1": 0.8078175895765473, "test_runtime": 4.7169, "test_samples_per_second": 171.513, "test_steps_per_second": 2.756, "epoch": 4.0, "run_id": "rep03-fold05"}
