{"test_loss": 0.26322412490844727, "test_seqeval-macro_precision": 0.7247260066696968, "test_seqeval-macro_recall": 0.77647242338917, "test_seqeval-macro_f1": 0.7493733441622658, "test_seqeval-micro_precision": 0.7183246073298429, "test_seqeval-micro_recall": 0.7681970884658454, "test_seqeval-micro_f1": 0.7424242424242423, "test_seqeval-ISG_precision": 0.6666666666666666, "test_seqeval-ISG_recall": 0.7755102040816326, "test_seqeval-ISG_f1": 0.7169811320754716, "test_seqeval-SG_precision": 0.7194805194805195, "test_seqeval-SG_recall": 0.7737430167597765, "test_seqeval-SG_f1": 0.7456258411843876, "test_seqeval-PG_precision": 0.8490566037735849, "test_seqeval-PG_recall": 0.8823529411764706, "test_seqeval-PG_f1": 0.8653846153846154, "test_seqeval-PI_precision": 0.6878612716763006, "test_seqeval-PI_recall": 0.725609756097561, "test_seqeval-PI_f1": 0.7062314540059348, "test_seqeval-ORG_precision": 0.7005649717514124, "test_seqeval-ORG_recall": 0.7251461988304093, "test_seqeval-ORG_f1": 0.7126436781609194, "test_spanlevel-macro_precision_spanwise": 0.7567003266094174, "test_spanlevel-macro_recall_spanwise": 0.7411717180008497, "test_spanlevel-macro_f1_spanwise": 0.7412232198771072, "test_spanlevel-macro_precision_seqavg": 0.7628875148847327, "test_spanlevel-macro_recall_seqavg": 0.7480495495984772, "test_spanlevel-macro_f1_seqavg": 0.7490016942853652, "test_spanlevel-micro_precision_spanwise": 0.8480205241997695, "test_spanlevel-micro_recall_spanwise": 0.8295827523075026, "test_spanlevel-micro_f1_spanwise": 0.8283198417582678, "test_spanlevel-micro_precision_seqavg": 0.850337494630973, "test_spanlevel-micro_recall_seqavg": 0.8264148678938174, "test_spanlevel-micro_f1_seqavg": 0.8263229106233742, "test_spanlevel-ISG_precision_spanwise": 0.6230769230769231, "test_spanlevel-ISG_recall_spanwise": 0.6141025641025641, "test_spanlevel-ISG_f1_spanwise": 0.6138461538461538, "test_spanlevel-ISG_precision_seqavg": 0.6707050286069203, "test_spanlevel-ISG_recall_seqavg": 0.6618445020258125, "test_spanlevel-ISG_f1_seqavg": 0.6630093434745983, "test_spanlevel-SG_precision_spanwise": 0.8491086186540733, "test_spanlevel-SG_recall_spanwise": 0.817818605297597, "test_spanlevel-SG_f1_spanwise": 0.819490765238834, "test_spanlevel-SG_precision_seqavg": 0.8635077633069033, "test_spanlevel-SG_recall_seqavg": 0.834857535379236, "test_spanlevel-SG_f1_seqavg": 0.8387872348534922, "test_spanlevel-PG_precision_spanwise": 0.9055555555555556, "test_spanlevel-PG_recall_spanwise": 0.9151234567901234, "test_spanlevel-PG_f1_spanwise": 0.9069958847736627, "test_spanlevel-PG_precision_seqavg": 0.8987106003818471, "test_spanlevel-PG_recall_seqavg": 0.9007449183676063, "test_spanlevel-PG_f1_seqavg": 0.8967966825462174, "test_spanlevel-PI_precision_spanwise": 0.6944810744810744, "test_spanlevel-PI_recall_spanwise": 0.6802786102786101, "test_spanlevel-PI_f1_spanwise": 0.6796842094277992, "test_spanlevel-PI_precision_seqavg": 0.695249464782086, "test_spanlevel-PI_recall_seqavg": 0.6884430217809582, "test_spanlevel-PI_f1_seqavg": 0.6866360196739622, "test_spanlevel-ORG_precision_spanwise": 0.7112794612794612, "test_spanlevel-ORG_recall_spanwise": 0.6785353535353537, "test_spanlevel-ORG_f1_spanwise": 0.6860990860990861, "test_spanlevel-ORG_precision_seqavg": 0.6862647173459067, "test_spanlevel-ORG_recall_seqavg": 0.6543577704387731, "test_spanlevel-ORG_f1_seqavg": 0.6597791908785561, "test_doclevel-micro_precision": 0.9668411867364747, "test_doclevel-micro_recall": 0.9568221070811744, "test_doclevel-micro_f1": 0.9618055555555555, "test_doclevel-ISG_precision": 0.7596153846153846, "test_doclevel-ISG_recall": 0.8315789473684211, "test_doclevel-ISG_f1": 0.7939698492462313, "test_doclevel-SG_precision": 0.9551724137931035, "test_doclevel-SG_recall": 0.9421768707482994, "test_doclevel-SG_f1": 0.9486301369863014, "test_doclevel-PG_precision": 0.968421052631579, "test_doclevel-PG_recall": 0.9787234042553191, "test_doclevel-PG_f1": 0.9735449735449735, "test_doclevel-PI_precision": 0.8098591549295775, "test_doclevel-PI_recall": 0.8846153846153846, "test_doclevel-PI_f1": 0.8455882352941176, "test_doclevel-ORG_precision": 0.8611111111111112, "test_doclevel-ORG_recall": 0.8611111111111112, "test_doclevel-ORG_f1": 0.8611111111111112, "test_wordlevel-macro_precision": 0.8515344366944531, "test_wordlevel-macro_recall": 0.8419037451926243, "test_wordlevel-macro_f1": 0.8461347740473678, "test_wordlevel-O_precision": 0.9779123374389321, "test_wordlevel-O_recall": 0.9851656730902537, "test_wordlevel-O_f1": 0.9815256051659242, "test_wordlevel-ISG_precision": 0.7210884353741497, "test_wordlevel-ISG_recall": 0.7681159420289855, "test_wordlevel-ISG_f1": 0.743859649122807, "test_wordlevel-SG_precision": 0.884871550903901, "test_wordlevel-SG_recall": 0.8165057067603161, "test_wordlevel-SG_f1": 0.8493150684931507, "test_wordlevel-PG_precision": 0.9060773480662984, "test_wordlevel-PG_recall": 0.9425287356321839, "test_wordlevel-PG_f1": 0.923943661971831, "test_wordlevel-PI_precision": 0.8052325581395349, "test_wordlevel-PI_recall": 0.7651933701657458, "test_wordlevel-PI_f1": 0.7847025495750708, "test_wordlevel-ORG_precision": 0.8140243902439024, "test_wordlevel-ORG_recall": 0.7739130434782608, "test_wordlevel-ORG_f1": 0.7934621099554234, "test_runtime": 4.6927, "test_samples_per_second": 172.609, "test_steps_per_second": 2.77, "epoch": 7.0, "run_id": "rep01-step01"}
