{"test_loss": 0.06531400978565216, "test_seqeval-macro_precision": 0.8823711633956289, "test_seqeval-macro_recall": 0.8955532907165458, "test_seqeval-macro_f1": 0.8883494700484047, "test_seqeval-micro_precision": 0.88268156424581, "test_seqeval-micro_recall": 0.9101382488479263, "test_seqeval-micro_f1": 0.8961996596710153, "test_seqeval-ISG_precision": 0.855072463768116, "test_seqeval-ISG_recall": 0.7866666666666666, "test_seqeval-ISG_f1": 0.8194444444444444, "test_seqeval-SG_precision": 0.8754716981132076, "test_seqeval-SG_recall": 0.9317269076305221, "test_seqeval-SG_f1": 0.9027237354085603, "test_seqeval-PG_precision": 0.9565217391304348, "test_seqeval-PG_recall": 0.9625, "test_seqeval-PG_f1": 0.9595015576323987, "test_seqeval-PI_precision": 0.8676470588235294, "test_seqeval-PI_recall": 0.8984771573604061, "test_seqeval-PI_f1": 0.8827930174563591, "test_seqeval-ORG_precision": 0.8571428571428571, "test_seqeval-ORG_recall": 0.8983957219251337, "test_seqeval-ORG_f1": 0.877284595300261, "test_spanlevel-macro_precision_spanwise": 0.894529692697339, "test_spanlevel-macro_recall_spanwise": 0.893793234715646, "test_spanlevel-macro_f1_spanwise": 0.8912503429035082, "test_spanlevel-macro_precision_seqavg": 0.9200039691661687, "test_spanlevel-macro_recall_seqavg": 0.9153843473093272, "test_spanlevel-macro_f1_seqavg": 0.9151883761708257, "test_spanlevel-micro_precision_spanwise": 0.9349556216595324, "test_spanlevel-micro_recall_spanwise": 0.9370100848871799, "test_spanlevel-micro_f1_spanwise": 0.9327495223584609, "test_spanlevel-micro_precision_seqavg": 0.9319009669144077, "test_spanlevel-micro_recall_seqavg": 0.9368209747242006, "test_spanlevel-micro_f1_seqavg": 0.931034745819692, "test_spanlevel-ISG_precision_spanwise": 0.7777777777777778, "test_spanlevel-ISG_recall_spanwise": 0.7777777777777778, "test_spanlevel-ISG_f1_spanwise": 0.7756410256410257, "test_spanlevel-ISG_precision_seqavg": 0.8531226990249448, "test_spanlevel-ISG_recall_seqavg": 0.8247860977489881, "test_spanlevel-ISG_f1_seqavg": 0.8324884144074262, "test_spanlevel-SG_precision_spanwise": 0.9237971316215591, "test_spanlevel-SG_recall_spanwise": 0.9262549155678927, "test_spanlevel-SG_f1_spanwise": 0.9220183336595551, "test_spanlevel-SG_precision_seqavg": 0.9398175683715994, "test_spanlevel-SG_recall_seqavg": 0.935904388147906, "test_spanlevel-SG_f1_seqavg": 0.9367761892023985, "test_spanlevel-PG_precision_spanwise": 0.9601226993865031, "test_spanlevel-PG_recall_spanwise": 0.9693251533742331, "test_spanlevel-PG_f1_spanwise": 0.96359918200409, "test_spanlevel-PG_precision_seqavg": 0.9540447470012179, "test_spanlevel-PG_recall_seqavg": 0.9667922463115067, "test_spanlevel-PG_f1_seqavg": 0.9591212875366039, "test_spanlevel-PI_precision_spanwise": 0.9165064102564102, "test_spanlevel-PI_recall_spanwise": 0.9052884615384615, "test_spanlevel-PI_f1_spanwise": 0.9054410866910867, "test_spanlevel-PI_precision_seqavg": 0.9298978852615596, "test_spanlevel-PI_recall_seqavg": 0.9317790305687318, "test_spanlevel-PI_f1_seqavg": 0.9285308039586179, "test_spanlevel-ORG_precision_spanwise": 0.8944444444444446, "test_spanlevel-ORG_recall_spanwise": 0.8903198653198653, "test_spanlevel-ORG_f1_spanwise": 0.8895520865217835, "test_spanlevel-ORG_precision_seqavg": 0.9231369461715215, "test_spanlevel-ORG_recall_seqavg": 0.9176599737695029, "test_spanlevel-ORG_f1_seqavg": 0.9190251857490827, "test_doclevel-micro_precision": 0.9818511796733213, "test_doclevel-micro_recall": 0.9872262773722628, "test_doclevel-micro_f1": 0.9845313921747042, "test_doclevel-ISG_precision": 0.96875, "test_doclevel-ISG_recall": 0.8611111111111112, "test_doclevel-ISG_f1": 0.911764705882353, "test_doclevel-SG_precision": 0.9704433497536946, "test_doclevel-SG_recall": 0.985, "test_doclevel-SG_f1": 0.977667493796526, "test_doclevel-PG_precision": 0.9811320754716981, "test_doclevel-PG_recall": 0.9873417721518988, "test_doclevel-PG_f1": 0.9842271293375394, "test_doclevel-PI_precision": 0.9467455621301775, "test_doclevel-PI_recall": 0.9876543209876543, "test_doclevel-PI_f1": 0.9667673716012084, "test_doclevel-ORG_precision": 0.9419354838709677, "test_doclevel-ORG_recall": 0.9733333333333334, "test_doclevel-ORG_f1": 0.9573770491803278, "test_wordlevel-macro_precision": 0.946058899682623, "test_wordlevel-macro_recall": 0.9451026069526415, "test_wordlevel-macro_f1": 0.9451165422378369, "test_wordlevel-O_precision": 0.9946183953033269, "test_wordlevel-O_recall": 0.9922604936549994, "test_wordlevel-O_f1": 0.9934380453752183, "test_wordlevel-ISG_precision": 0.911504424778761, "test_wordlevel-ISG_recall": 0.824, "test_wordlevel-ISG_f1": 0.8655462184873949, "test_wordlevel-SG_precision": 0.9392575928008999, "test_wordlevel-SG_recall": 0.9619815668202765, "test_wordlevel-SG_f1": 0.9504837791690381, "test_wordlevel-PG_precision": 0.9659090909090909, "test_wordlevel-PG_recall": 0.9922178988326849, "test_wordlevel-PG_f1": 0.9788867562380039, "test_wordlevel-PI_precision": 0.9473684210526315, "test_wordlevel-PI_recall": 0.9512195121951219, "test_wordlevel-PI_f1": 0.949290060851927, "test_wordlevel-ORG_precision": 0.9176954732510288, "test_wordlevel-ORG_recall": 0.948936170212766, "test_wordlevel-ORG_f1": 0.9330543933054394, "test_runtime": 4.3044, "test_samples_per_second": 187.947, "test_steps_per_second": 3.02, "epoch": 7.0, "run_id": "rep03-step06"}
