{"test_loss": 0.12852220237255096, "test_seqeval-macro_precision": 0.7481646875602027, "test_seqeval-macro_recall": 0.8009369525116515, "test_seqeval-macro_f1": 0.7715478981796972, "test_seqeval-micro_precision": 0.7463203463203463, "test_seqeval-micro_recall": 0.8086303939962477, "test_seqeval-micro_f1": 0.7762269248086446, "test_seqeval-ISG_precision": 0.7521367521367521, "test_seqeval-ISG_recall": 0.7154471544715447, "test_seqeval-ISG_f1": 0.7333333333333334, "test_seqeval-SG_precision": 0.8093922651933702, "test_seqeval-SG_recall": 0.8207282913165266, "test_seqeval-SG_f1": 0.8150208623087623, "test_seqeval-PG_precision": 0.8333333333333334, "test_seqeval-PG_recall": 0.8385093167701864, "test_seqeval-PG_f1": 0.8359133126934984, "test_seqeval-PI_precision": 0.6509803921568628, "test_seqeval-PI_recall": 0.83, "test_seqeval-PI_f1": 0.7296703296703296, "test_seqeval-ORG_precision": 0.694980694980695, "test_seqeval-ORG_recall": 0.8, "test_seqeval-ORG_f1": 0.7438016528925621, "test_spanlevel-macro_precision_spanwise": 0.7738161453422121, "test_spanlevel-macro_recall_spanwise": 0.7669522253907078, "test_spanlevel-macro_f1_spanwise": 0.7650852011140483, "test_spanlevel-macro_precision_seqavg": 0.7563186977598979, "test_spanlevel-macro_recall_seqavg": 0.7518034107180473, "test_spanlevel-macro_f1_seqavg": 0.7500016494507618, "test_spanlevel-micro_precision_spanwise": 0.872085608670216, "test_spanlevel-micro_recall_spanwise": 0.8739288733782125, "test_spanlevel-micro_f1_spanwise": 0.8666276194683982, "test_spanlevel-micro_precision_seqavg": 0.8667524593034158, "test_spanlevel-micro_recall_seqavg": 0.867635018223924, "test_spanlevel-micro_f1_seqavg": 0.860951843074615, "test_spanlevel-ISG_precision_spanwise": 0.6301369863013698, "test_spanlevel-ISG_recall_spanwise": 0.6198630136986302, "test_spanlevel-ISG_f1_spanwise": 0.6232876712328768, "test_spanlevel-ISG_precision_seqavg": 0.6692637689109042, "test_spanlevel-ISG_recall_seqavg": 0.6673586591707281, "test_spanlevel-ISG_f1_seqavg": 0.6679936957507867, "test_spanlevel-SG_precision_spanwise": 0.8566833099287461, "test_spanlevel-SG_recall_spanwise": 0.8668943125839678, "test_spanlevel-SG_f1_spanwise": 0.8531910806560246, "test_spanlevel-SG_precision_seqavg": 0.8543336553226482, "test_spanlevel-SG_recall_seqavg": 0.8641732817789579, "test_spanlevel-SG_f1_seqavg": 0.8516207769452331, "test_spanlevel-PG_precision_spanwise": 0.863905325443787, "test_spanlevel-PG_recall_spanwise": 0.8678500986193294, "test_spanlevel-PG_f1_spanwise": 0.8611439842209074, "test_spanlevel-PG_precision_seqavg": 0.7972139928510088, "test_spanlevel-PG_recall_seqavg": 0.7921834393616366, "test_spanlevel-PG_f1_seqavg": 0.7914697218579216, "test_spanlevel-PI_precision_spanwise": 0.7288276465441819, "test_spanlevel-PI_recall_spanwise": 0.702193475815523, "test_spanlevel-PI_f1_spanwise": 0.7093709440166133, "test_spanlevel-PI_precision_seqavg": 0.6553091931860714, "test_spanlevel-PI_recall_seqavg": 0.6378073274638408, "test_spanlevel-PI_f1_seqavg": 0.6415918930765988, "test_spanlevel-ORG_precision_spanwise": 0.7895274584929757, "test_spanlevel-ORG_recall_spanwise": 0.7779602262360883, "test_spanlevel-ORG_f1_spanwise": 0.7784323254438196, "test_spanlevel-ORG_precision_seqavg": 0.8054728785288573, "test_spanlevel-ORG_recall_seqavg": 0.7974943458150733, "test_spanlevel-ORG_f1_seqavg": 0.7973321596232685, "test_doclevel-micro_precision": 0.9565217391304348, "test_doclevel-micro_recall": 0.9777777777777777, "test_doclevel-micro_f1": 0.967032967032967, "test_doclevel-ISG_precision": 0.7850467289719626, "test_doclevel-ISG_recall": 0.7636363636363637, "test_doclevel-ISG_f1": 0.7741935483870966, "test_doclevel-SG_precision": 0.9365671641791045, "test_doclevel-SG_recall": 0.9400749063670412, "test_doclevel-SG_f1": 0.9383177570093457, "test_doclevel-PG_precision": 0.954248366013072, "test_doclevel-PG_recall": 0.9419354838709677, "test_doclevel-PG_f1": 0.948051948051948, "test_doclevel-PI_precision": 0.7853658536585366, "test_doclevel-PI_recall": 0.9698795180722891, "test_doclevel-PI_f1": 0.8679245283018868, "test_doclevel-ORG_precision": 0.8662790697674418, "test_doclevel-ORG_recall": 0.9490445859872612, "test_doclevel-ORG_f1": 0.9057750759878419, "test_wordlevel-macro_precision": 0.8676841000556438, "test_wordlevel-macro_recall": 0.8705417698245516, "test_wordlevel-macro_f1": 0.8674477089658624, "test_wordlevel-O_precision": 0.9880696731090431, "test_wordlevel-O_recall": 0.9852486319295741, "test_wordlevel-O_f1": 0.9866571360495592, "test_wordlevel-ISG_precision": 0.7880794701986755, "test_wordlevel-ISG_recall": 0.6839080459770115, "test_wordlevel-ISG_f1": 0.7323076923076923, "test_wordlevel-SG_precision": 0.9038800705467372, "test_wordlevel-SG_recall": 0.8859118409680208, "test_wordlevel-SG_f1": 0.894805761676124, "test_wordlevel-PG_precision": 0.9217081850533808, "test_wordlevel-PG_recall": 0.8809523809523809, "test_wordlevel-PG_f1": 0.9008695652173913, "test_wordlevel-PI_precision": 0.7651515151515151, "test_wordlevel-PI_recall": 0.891832229580574, "test_wordlevel-PI_f1": 0.8236493374108053, "test_wordlevel-ORG_precision": 0.8392156862745098, "test_wordlevel-ORG_recall": 0.895397489539749, "test_wordlevel-ORG_f1": 0.8663967611336033, "test_runtime": 5.3236, "test_samples_per_second": 168.306, "test_steps_per_second": 2.63, "epoch": 6.0, "run_id": "rep04-step04"}
