{"test_loss": 0.05499666556715965, "test_seqeval-macro_precision": 0.863977320842228, "test_seqeval-macro_recall": 0.905061677582751, "test_seqeval-macro_f1": 0.8838732636282762, "test_seqeval-micro_precision": 0.8655544651619235, "test_seqeval-micro_recall": 0.9055441478439425, "test_seqeval-micro_f1": 0.88509784244857, "test_seqeval-ISG_precision": 0.8275862068965517, "test_seqeval-ISG_recall": 0.8888888888888888, "test_seqeval-ISG_f1": 0.8571428571428572, "test_seqeval-SG_precision": 0.8851851851851852, "test_seqeval-SG_recall": 0.8917910447761194, "test_seqeval-SG_f1": 0.8884758364312267, "test_seqeval-PG_precision": 0.9271523178807947, "test_seqeval-PG_recall": 0.958904109589041, "test_seqeval-PG_f1": 0.9427609427609427, "test_seqeval-PI_precision": 0.8636363636363636, "test_seqeval-PI_recall": 0.9391634980988594, "test_seqeval-PI_f1": 0.8998178506375228, "test_seqeval-ORG_precision": 0.8163265306122449, "test_seqeval-ORG_recall": 0.8465608465608465, "test_seqeval-ORG_f1": 0.8311688311688311, "test_spanlevel-macro_precision_spanwise": 0.8815039026136751, "test_spanlevel-macro_recall_spanwise": 0.8757856419995708, "test_spanlevel-macro_f1_spanwise": 0.8757787903935581, "test_spanlevel-macro_precision_seqavg": 0.8864743797031982, "test_spanlevel-macro_recall_seqavg": 0.8797061235768113, "test_spanlevel-macro_f1_seqavg": 0.8811686314599273, "test_spanlevel-micro_precision_spanwise": 0.9151730329742083, "test_spanlevel-micro_recall_spanwise": 0.910969637610186, "test_spanlevel-micro_f1_spanwise": 0.9096300483005758, "test_spanlevel-micro_precision_seqavg": 0.9118867243867244, "test_spanlevel-micro_recall_seqavg": 0.9077380952380953, "test_spanlevel-micro_f1_seqavg": 0.9061204221777345, "test_spanlevel-ISG_precision_spanwise": 0.8140495867768595, "test_spanlevel-ISG_recall_spanwise": 0.7988980716253443, "test_spanlevel-ISG_f1_spanwise": 0.8041322314049588, "test_spanlevel-ISG_precision_seqavg": 0.797401297150384, "test_spanlevel-ISG_recall_seqavg": 0.7862444594764293, "test_spanlevel-ISG_f1_seqavg": 0.7899809459864137, "test_spanlevel-SG_precision_spanwise": 0.8988649940262844, "test_spanlevel-SG_recall_spanwise": 0.9051772202309836, "test_spanlevel-SG_f1_spanwise": 0.8959340955133381, "test_spanlevel-SG_precision_seqavg": 0.9292422923199325, "test_spanlevel-SG_recall_seqavg": 0.9275881680388861, "test_spanlevel-SG_f1_seqavg": 0.9250611578251735, "test_spanlevel-PG_precision_spanwise": 0.9483221476510068, "test_spanlevel-PG_recall_spanwise": 0.9539149888143176, "test_spanlevel-PG_f1_spanwise": 0.9498881431767338, "test_spanlevel-PG_precision_seqavg": 0.9507530077205386, "test_spanlevel-PG_recall_seqavg": 0.9503522107249115, "test_spanlevel-PG_f1_seqavg": 0.9496815826348062, "test_spanlevel-PI_precision_spanwise": 0.9041075650118204, "test_spanlevel-PI_recall_spanwise": 0.902630023640662, "test_spanlevel-PI_f1_spanwise": 0.9024484971293483, "test_spanlevel-PI_precision_seqavg": 0.8930847843741291, "test_spanlevel-PI_recall_seqavg": 0.8901747300829285, "test_spanlevel-PI_f1_seqavg": 0.8908333745107525, "test_spanlevel-ORG_precision_spanwise": 0.842175219602404, "test_spanlevel-ORG_recall_spanwise": 0.8183079056865465, "test_spanlevel-ORG_f1_spanwise": 0.826490984743412, "test_spanlevel-ORG_precision_seqavg": 0.8618905169510072, "test_spanlevel-ORG_recall_seqavg": 0.844171049560902, "test_spanlevel-ORG_f1_seqavg": 0.8502860963424905, "test_doclevel-micro_precision": 0.9654605263157895, "test_doclevel-micro_recall": 0.9865546218487395, "test_doclevel-micro_f1": 0.975893599334996, "test_doclevel-ISG_precision": 0.8725490196078431, "test_doclevel-ISG_recall": 0.9270833333333334, "test_doclevel-ISG_f1": 0.898989898989899, "test_doclevel-SG_precision": 0.9583333333333334, "test_doclevel-SG_recall": 0.9627906976744186, "test_doclevel-SG_f1": 0.9605568445475637, "test_doclevel-PG_precision": 0.9856115107913669, "test_doclevel-PG_recall": 0.9856115107913669, "test_doclevel-PG_f1": 0.9856115107913669, "test_doclevel-PI_precision": 0.9313304721030042, "test_doclevel-PI_recall": 0.9863636363636363, "test_doclevel-PI_f1": 0.9580573951434879, "test_doclevel-ORG_precision": 0.912751677852349, "test_doclevel-ORG_recall": 0.9315068493150684, "test_doclevel-ORG_f1": 0.9220338983050848, "test_wordlevel-macro_precision": 0.9382728590117311, "test_wordlevel-macro_recall": 0.9521936424639533, "test_wordlevel-macro_f1": 0.945083980743788, "test_wordlevel-O_precision": 0.9949229149897839, "test_wordlevel-O_recall": 0.9919748132600777, "test_wordlevel-O_f1": 0.9934466769706337, "test_wordlevel-ISG_precision": 0.8855421686746988, "test_wordlevel-ISG_recall": 0.901840490797546, "test_wordlevel-ISG_f1": 0.8936170212765958, "test_wordlevel-SG_precision": 0.9405684754521964, "test_wordlevel-SG_recall": 0.9553805774278216, "test_wordlevel-SG_f1": 0.9479166666666666, "test_wordlevel-PG_precision": 0.9635036496350365, "test_wordlevel-PG_recall": 0.9777777777777777, "test_wordlevel-PG_f1": 0.9705882352941176, "test_wordlevel-PI_precision": 0.9311926605504587, "test_wordlevel-PI_recall": 0.9822580645161291, "test_wordlevel-PI_f1": 0.9560439560439561, "test_wordlevel-ORG_precision": 0.9139072847682119, "test_wordlevel-ORG_recall": 0.9039301310043668, "test_wordlevel-ORG_f1": 0.9088913282107575, "test_runtime": 4.8445, "test_samples_per_second": 180.823, "test_steps_per_second": 2.89, "epoch": 5.0, "run_id": "rep02-step06"}
