{"test_loss": 0.13887880742549896, "test_seqeval-macro_precision": 0.7119515144066091, "test_seqeval-macro_recall": 0.7800879683299036, "test_seqeval-macro_f1": 0.7438910872883281, "test_seqeval-micro_precision": 0.7099080694586313, "test_seqeval-micro_recall": 0.7782754759238522, "test_seqeval-micro_f1": 0.7425213675213675, "test_seqeval-ISG_precision": 0.6574074074074074, "test_seqeval-ISG_recall": 0.7244897959183674, "test_seqeval-ISG_f1": 0.6893203883495146, "test_seqeval-SG_precision": 0.7420212765957447, "test_seqeval-SG_recall": 0.7793296089385475, "test_seqeval-SG_f1": 0.7602179836512263, "test_seqeval-PG_precision": 0.8461538461538461, "test_seqeval-PG_recall": 0.8627450980392157, "test_seqeval-PG_f1": 0.854368932038835, "test_seqeval-PI_precision": 0.6458333333333334, "test_seqeval-PI_recall": 0.7560975609756098, "test_seqeval-PI_f1": 0.6966292134831461, "test_seqeval-ORG_precision": 0.6683417085427136, "test_seqeval-ORG_recall": 0.7777777777777778, "test_seqeval-ORG_f1": 0.7189189189189189, "test_spanlevel-macro_precision_spanwise": 0.7530567869754142, "test_spanlevel-macro_recall_spanwise": 0.7450804726573119, "test_spanlevel-macro_f1_spanwise": 0.74154232554782, "test_spanlevel-macro_precision_seqavg": 0.7840220493093739, "test_spanlevel-macro_recall_seqavg": 0.774704664893881, "test_spanlevel-macro_f1_seqavg": 0.7732152957690399, "test_spanlevel-micro_precision_spanwise": 0.8325278118527606, "test_spanlevel-micro_recall_spanwise": 0.8258911539802951, "test_spanlevel-micro_f1_spanwise": 0.8202475162517399, "test_spanlevel-micro_precision_seqavg": 0.8371725553683682, "test_spanlevel-micro_recall_seqavg": 0.830033573459392, "test_spanlevel-micro_f1_seqavg": 0.8228957292817904, "test_spanlevel-ISG_precision_spanwise": 0.6639344262295082, "test_spanlevel-ISG_recall_spanwise": 0.6366120218579234, "test_spanlevel-ISG_f1_spanwise": 0.6418032786885246, "test_spanlevel-ISG_precision_seqavg": 0.7603596339780337, "test_spanlevel-ISG_recall_seqavg": 0.7075243589972373, "test_spanlevel-ISG_f1_seqavg": 0.7219414001057424, "test_spanlevel-SG_precision_spanwise": 0.8336574700649251, "test_spanlevel-SG_recall_spanwise": 0.8230076123075344, "test_spanlevel-SG_f1_spanwise": 0.8164316585996639, "test_spanlevel-SG_precision_seqavg": 0.8678804663367339, "test_spanlevel-SG_recall_seqavg": 0.8603496134096585, "test_spanlevel-SG_f1_seqavg": 0.8588746031985501, "test_spanlevel-PG_precision_spanwise": 0.9015576323987541, "test_spanlevel-PG_recall_spanwise": 0.9152647975077882, "test_spanlevel-PG_f1_spanwise": 0.905036344755971, "test_spanlevel-PG_precision_seqavg": 0.900714885552543, "test_spanlevel-PG_recall_seqavg": 0.907854995106822, "test_spanlevel-PG_f1_seqavg": 0.9021238703123384, "test_spanlevel-PI_precision_spanwise": 0.6846702317290553, "test_spanlevel-PI_recall_spanwise": 0.6780101434513198, "test_spanlevel-PI_f1_spanwise": 0.6732009153433606, "test_spanlevel-PI_precision_seqavg": 0.7246383488203467, "test_spanlevel-PI_recall_seqavg": 0.7273539140798803, "test_spanlevel-PI_f1_seqavg": 0.720798437491605, "test_spanlevel-ORG_precision_spanwise": 0.6814641744548285, "test_spanlevel-ORG_recall_spanwise": 0.6725077881619937, "test_spanlevel-ORG_f1_spanwise": 0.6712394303515798, "test_spanlevel-ORG_precision_seqavg": 0.6665169118592122, "test_spanlevel-ORG_recall_seqavg": 0.6704404428758068, "test_spanlevel-ORG_f1_seqavg": 0.6623381677369639, "test_doclevel-micro_precision": 0.949238578680203, "test_doclevel-micro_recall": 0.9689119170984456, "test_doclevel-micro_f1": 0.958974358974359, "test_doclevel-ISG_precision": 0.826530612244898, "test_doclevel-ISG_recall": 0.8526315789473684, "test_doclevel-ISG_f1": 0.839378238341969, "test_doclevel-SG_precision": 0.9419795221843004, "test_doclevel-SG_recall": 0.9387755102040817, "test_doclevel-SG_f1": 0.940374787052811, "test_doclevel-PG_precision": 0.978494623655914, "test_doclevel-PG_recall": 0.9680851063829787, "test_doclevel-PG_f1": 0.9732620320855615, "test_doclevel-PI_precision": 0.7677419354838709, "test_doclevel-PI_recall": 0.9153846153846154, "test_doclevel-PI_f1": 0.8350877192982457, "test_doclevel-ORG_precision": 0.8074534161490683, "test_doclevel-ORG_recall": 0.9027777777777778, "test_doclevel-ORG_f1": 0.8524590163934427, "test_wordlevel-macro_precision": 0.8446134699281317, "test_wordlevel-macro_recall": 0.8566662086209513, "test_wordlevel-macro_f1": 0.8499040598583703, "test_wordlevel-O_precision": 0.9825085028111334, "test_wordlevel-O_recall": 0.9812144738666297, "test_wordlevel-O_f1": 0.981861061977595, "test_wordlevel-ISG_precision": 0.7769230769230769, "test_wordlevel-ISG_recall": 0.7318840579710145, "test_wordlevel-ISG_f1": 0.753731343283582, "test_wordlevel-SG_precision": 0.8840579710144928, "test_wordlevel-SG_recall": 0.8568920105355575, "test_wordlevel-SG_f1": 0.8702630405706643, "test_wordlevel-PG_precision": 0.9044943820224719, "test_wordlevel-PG_recall": 0.9252873563218391, "test_wordlevel-PG_f1": 0.9147727272727272, "test_wordlevel-PI_precision": 0.774798927613941, "test_wordlevel-PI_recall": 0.7983425414364641, "test_wordlevel-PI_f1": 0.7863945578231293, "test_wordlevel-ORG_precision": 0.7448979591836735, "test_wordlevel-ORG_recall": 0.8463768115942029, "test_wordlevel-ORG_f1": 0.7924016282225237, "test_runtime": 4.778, "test_samples_per_second": 169.529, "test_steps_per_second": 2.721, "epoch": 6.0, "run_id": "rep01-step02"}
