{"test_loss": 0.17571280896663666, "test_seqeval-macro_precision": 0.6940777403585473, "test_seqeval-macro_recall": 0.7420598865229462, "test_seqeval-macro_f1": 0.7128818326994619, "test_seqeval-micro_precision": 0.678539626001781, "test_seqeval-micro_recall": 0.736231884057971, "test_seqeval-micro_f1": 0.706209453197405, "test_seqeval-ISG_precision": 0.73, "test_seqeval-ISG_recall": 0.5983606557377049, "test_seqeval-ISG_f1": 0.6576576576576576, "test_seqeval-SG_precision": 0.7177615571776156, "test_seqeval-SG_recall": 0.7230392156862745, "test_seqeval-SG_f1": 0.7203907203907204, "test_seqeval-PG_precision": 0.794392523364486, "test_seqeval-PG_recall": 0.8762886597938144, "test_seqeval-PG_f1": 0.8333333333333333, "test_seqeval-PI_precision": 0.594306049822064, "test_seqeval-PI_recall": 0.7990430622009569, "test_seqeval-PI_f1": 0.6816326530612246, "test_seqeval-ORG_precision": 0.6339285714285714, "test_seqeval-ORG_recall": 0.7135678391959799, "test_seqeval-ORG_f1": 0.6713947990543735, "test_spanlevel-macro_precision_spanwise": 0.733911822040918, "test_spanlevel-macro_recall_spanwise": 0.7222516708004575, "test_spanlevel-macro_f1_spanwise": 0.7200375493133285, "test_spanlevel-macro_precision_seqavg": 0.7289541253283552, "test_spanlevel-macro_recall_seqavg": 0.7145459697377976, "test_spanlevel-macro_f1_seqavg": 0.7148460576802833, "test_spanlevel-micro_precision_spanwise": 0.8238268501709363, "test_spanlevel-micro_recall_spanwise": 0.8135214386500034, "test_spanlevel-micro_f1_spanwise": 0.807709961666746, "test_spanlevel-micro_precision_seqavg": 0.8227216863773105, "test_spanlevel-micro_recall_seqavg": 0.8134999141639792, "test_spanlevel-micro_f1_seqavg": 0.8063261421210618, "test_spanlevel-ISG_precision_spanwise": 0.605072463768116, "test_spanlevel-ISG_recall_spanwise": 0.571256038647343, "test_spanlevel-ISG_f1_spanwise": 0.5806763285024154, "test_spanlevel-ISG_precision_seqavg": 0.602980840227064, "test_spanlevel-ISG_recall_seqavg": 0.5539046025368665, "test_spanlevel-ISG_f1_seqavg": 0.569707057872448, "test_spanlevel-SG_precision_spanwise": 0.8164292425920333, "test_spanlevel-SG_recall_spanwise": 0.8060587126613417, "test_spanlevel-SG_f1_spanwise": 0.7949943180346712, "test_spanlevel-SG_precision_seqavg": 0.8150521589206784, "test_spanlevel-SG_recall_seqavg": 0.8056323921911501, "test_spanlevel-SG_f1_seqavg": 0.7969739251825447, "test_spanlevel-PG_precision_spanwise": 0.8793650793650795, "test_spanlevel-PG_recall_spanwise": 0.8666666666666667, "test_spanlevel-PG_f1_spanwise": 0.8707936507936508, "test_spanlevel-PG_precision_seqavg": 0.8846382160245976, "test_spanlevel-PG_recall_seqavg": 0.881897886107639, "test_spanlevel-PG_f1_seqavg": 0.8827675211122027, "test_spanlevel-PI_precision_spanwise": 0.6945496632996633, "test_spanlevel-PI_recall_spanwise": 0.7080176767676767, "test_spanlevel-PI_f1_spanwise": 0.6929018291550261, "test_spanlevel-PI_precision_seqavg": 0.6641645677208503, "test_spanlevel-PI_recall_seqavg": 0.6634965029956129, "test_spanlevel-PI_f1_seqavg": 0.6567821823790715, "test_spanlevel-ORG_precision_spanwise": 0.6741426611796982, "test_spanlevel-ORG_recall_spanwise": 0.6592592592592592, "test_spanlevel-ORG_f1_spanwise": 0.6608216200808794, "test_spanlevel-ORG_precision_seqavg": 0.6779348437485856, "test_spanlevel-ORG_recall_seqavg": 0.667798464857719, "test_spanlevel-ORG_f1_seqavg": 0.66799960185515, "test_doclevel-micro_precision": 0.9676898222940227, "test_doclevel-micro_recall": 0.9523052464228935, "test_doclevel-micro_f1": 0.9599358974358974, "test_doclevel-ISG_precision": 0.8736842105263158, "test_doclevel-ISG_recall": 0.7155172413793104, "test_doclevel-ISG_f1": 0.7867298578199051, "test_doclevel-SG_precision": 0.9517241379310345, "test_doclevel-SG_recall": 0.9108910891089109, "test_doclevel-SG_f1": 0.9308600337268129, "test_doclevel-PG_precision": 0.9375, "test_doclevel-PG_recall": 0.9574468085106383, "test_doclevel-PG_f1": 0.9473684210526315, "test_doclevel-PI_precision": 0.82, "test_doclevel-PI_recall": 0.9479768786127167, "test_doclevel-PI_f1": 0.8793565683646112, "test_doclevel-ORG_precision": 0.8511904761904762, "test_doclevel-ORG_recall": 0.8511904761904762, "test_doclevel-ORG_f1": 0.8511904761904762, "test_wordlevel-macro_precision": 0.8554207195994848, "test_wordlevel-macro_recall": 0.8369458006929796, "test_wordlevel-macro_f1": 0.8399581930172902, "test_wordlevel-O_precision": 0.9756582514912333, "test_wordlevel-O_recall": 0.981810465045777, "test_wordlevel-O_f1": 0.9787246902387429, "test_wordlevel-ISG_precision": 0.8467153284671532, "test_wordlevel-ISG_recall": 0.6137566137566137, "test_wordlevel-ISG_f1": 0.7116564417177913, "test_wordlevel-SG_precision": 0.8784722222222222, "test_wordlevel-SG_recall": 0.7463126843657817, "test_wordlevel-SG_f1": 0.8070175438596492, "test_wordlevel-PG_precision": 0.9257142857142857, "test_wordlevel-PG_recall": 0.9473684210526315, "test_wordlevel-PG_f1": 0.9364161849710982, "test_wordlevel-PI_precision": 0.7166123778501629, "test_wordlevel-PI_recall": 0.9243697478991597, "test_wordlevel-PI_f1": 0.8073394495412843, "test_wordlevel-ORG_precision": 0.7893518518518519, "test_wordlevel-ORG_recall": 0.8080568720379147, "test_wordlevel-ORG_f1": 0.7985948477751756, "test_runtime": 5.2617, "test_samples_per_second": 167.057, "test_steps_per_second": 2.661, "epoch": 4.0, "run_id": "rep05-step04"}
