{"test_loss": 0.06995667517185211, "test_seqeval-macro_precision": 0.8782144010291951, "test_seqeval-macro_recall": 0.8889292749266551, "test_seqeval-macro_f1": 0.8833126344508141, "test_seqeval-micro_precision": 0.8812615955473099, "test_seqeval-micro_recall": 0.8911819887429644, "test_seqeval-micro_f1": 0.8861940298507462, "test_seqeval-ISG_precision": 0.8512396694214877, "test_seqeval-ISG_recall": 0.8373983739837398, "test_seqeval-ISG_f1": 0.8442622950819672, "test_seqeval-SG_precision": 0.9042253521126761, "test_seqeval-SG_recall": 0.8991596638655462, "test_seqeval-SG_f1": 0.901685393258427, "test_seqeval-PG_precision": 0.9329268292682927, "test_seqeval-PG_recall": 0.9503105590062112, "test_seqeval-PG_f1": 0.9415384615384615, "test_seqeval-PI_precision": 0.8372093023255814, "test_seqeval-PI_recall": 0.9, "test_seqeval-PI_f1": 0.8674698795180723, "test_seqeval-ORG_precision": 0.8654708520179372, "test_seqeval-ORG_recall": 0.8577777777777778, "test_seqeval-ORG_f1": 0.8616071428571428, "test_spanlevel-macro_precision_spanwise": 0.8877978176133741, "test_spanlevel-macro_recall_spanwise": 0.882963517800895, "test_spanlevel-macro_f1_spanwise": 0.8819294850788557, "test_spanlevel-macro_precision_seqavg": 0.8984714855471058, "test_spanlevel-macro_recall_seqavg": 0.897147520477222, "test_spanlevel-macro_f1_seqavg": 0.8955067874295531, "test_spanlevel-micro_precision_spanwise": 0.9400107021256549, "test_spanlevel-micro_recall_spanwise": 0.9362809699525567, "test_spanlevel-micro_f1_spanwise": 0.9340592269559059, "test_spanlevel-micro_precision_seqavg": 0.9333415286404417, "test_spanlevel-micro_recall_seqavg": 0.928053447420635, "test_spanlevel-micro_f1_seqavg": 0.9267729752886004, "test_spanlevel-ISG_precision_spanwise": 0.7720588235294118, "test_spanlevel-ISG_recall_spanwise": 0.7683823529411765, "test_spanlevel-ISG_f1_spanwise": 0.7683823529411765, "test_spanlevel-ISG_precision_seqavg": 0.7900175766122044, "test_spanlevel-ISG_recall_seqavg": 0.7999103865836753, "test_spanlevel-ISG_f1_seqavg": 0.7918338431794919, "test_spanlevel-SG_precision_spanwise": 0.9238597322592109, "test_spanlevel-SG_recall_spanwise": 0.9221778902296612, "test_spanlevel-SG_f1_spanwise": 0.9196488041174689, "test_spanlevel-SG_precision_seqavg": 0.9405031516857958, "test_spanlevel-SG_recall_seqavg": 0.9426538753860757, "test_spanlevel-SG_f1_seqavg": 0.9392648710961898, "test_spanlevel-PG_precision_spanwise": 0.9457831325301205, "test_spanlevel-PG_recall_spanwise": 0.9548192771084337, "test_spanlevel-PG_f1_spanwise": 0.9481927710843374, "test_spanlevel-PG_precision_seqavg": 0.9501376654026293, "test_spanlevel-PG_recall_seqavg": 0.9562943469084346, "test_spanlevel-PG_f1_seqavg": 0.9523757454617158, "test_spanlevel-PI_precision_spanwise": 0.9061526479750779, "test_spanlevel-PI_recall_spanwise": 0.8866822429906542, "test_spanlevel-PI_f1_spanwise": 0.8907877169559413, "test_spanlevel-PI_precision_seqavg": 0.9064702512475711, "test_spanlevel-PI_recall_seqavg": 0.89700724324278, "test_spanlevel-PI_f1_seqavg": 0.899658044495588, "test_spanlevel-ORG_precision_spanwise": 0.8911347517730496, "test_spanlevel-ORG_recall_spanwise": 0.8827558257345492, "test_spanlevel-ORG_f1_spanwise": 0.8826357802953547, "test_spanlevel-ORG_precision_seqavg": 0.9052287827873282, "test_spanlevel-ORG_recall_seqavg": 0.8898717502651449, "test_spanlevel-ORG_f1_seqavg": 0.894401432914781, "test_doclevel-micro_precision": 0.9841017488076311, "test_doclevel-micro_recall": 0.9825396825396825, "test_doclevel-micro_f1": 0.9833200953137411, "test_doclevel-ISG_precision": 0.8796296296296297, "test_doclevel-ISG_recall": 0.8636363636363636, "test_doclevel-ISG_f1": 0.8715596330275229, "test_doclevel-SG_precision": 0.973384030418251, "test_doclevel-SG_recall": 0.9588014981273408, "test_doclevel-SG_f1": 0.9660377358490566, "test_doclevel-PG_precision": 0.9683544303797469, "test_doclevel-PG_recall": 0.9870967741935484, "test_doclevel-PG_f1": 0.9776357827476039, "test_doclevel-PI_precision": 0.9425287356321839, "test_doclevel-PI_recall": 0.9879518072289156, "test_doclevel-PI_f1": 0.9647058823529412, "test_doclevel-ORG_precision": 0.9551282051282052, "test_doclevel-ORG_recall": 0.9490445859872612, "test_doclevel-ORG_f1": 0.952076677316294, "test_wordlevel-macro_precision": 0.9465202736712567, "test_wordlevel-macro_recall": 0.9346617822748414, "test_wordlevel-macro_f1": 0.9403855703720484, "test_wordlevel-O_precision": 0.9922305913053793, "test_wordlevel-O_recall": 0.9951225315251011, "test_wordlevel-O_f1": 0.9936744572803136, "test_wordlevel-ISG_precision": 0.8787878787878788, "test_wordlevel-ISG_recall": 0.8333333333333334, "test_wordlevel-ISG_f1": 0.8554572271386431, "test_wordlevel-SG_precision": 0.9643175735950045, "test_wordlevel-SG_recall": 0.9343128781331028, "test_wordlevel-SG_f1": 0.9490781387181739, "test_wordlevel-PG_precision": 0.9634551495016611, "test_wordlevel-PG_recall": 0.9863945578231292, "test_wordlevel-PG_f1": 0.9747899159663866, "test_wordlevel-PI_precision": 0.9321663019693655, "test_wordlevel-PI_recall": 0.9403973509933775, "test_wordlevel-PI_f1": 0.9362637362637363, "test_wordlevel-ORG_precision": 0.9481641468682506, "test_wordlevel-ORG_recall": 0.9184100418410042, "test_wordlevel-ORG_f1": 0.9330499468650372, "test_runtime": 5.0821, "test_samples_per_second": 176.306, "test_steps_per_second": 2.755, "epoch": 6.0, "run_id": "rep04-step06"}
