{"test_loss": 0.26108506321907043, "test_seqeval-macro_precision": 0.6971982595534583, "test_seqeval-macro_recall": 0.7580929059253491, "test_seqeval-macro_f1": 0.7260778532462624, "test_seqeval-micro_precision": 0.7023696682464455, "test_seqeval-micro_recall": 0.7607802874743327, "test_seqeval-micro_f1": 0.7304090685066535, "test_seqeval-ISG_precision": 0.5983606557377049, "test_seqeval-ISG_recall": 0.6759259259259259, "test_seqeval-ISG_f1": 0.6347826086956522, "test_seqeval-SG_precision": 0.6886446886446886, "test_seqeval-SG_recall": 0.7014925373134329, "test_seqeval-SG_f1": 0.6950092421441775, "test_seqeval-PG_precision": 0.8193548387096774, "test_seqeval-PG_recall": 0.8698630136986302, "test_seqeval-PG_f1": 0.8438538205980065, "test_seqeval-PI_precision": 0.7517241379310344, "test_seqeval-PI_recall": 0.8288973384030418, "test_seqeval-PI_f1": 0.7884267631103073, "test_seqeval-ORG_precision": 0.627906976744186, "test_seqeval-ORG_recall": 0.7142857142857143, "test_seqeval-ORG_f1": 0.6683168316831684, "test_spanlevel-macro_precision_spanwise": 0.7192585139466204, "test_spanlevel-macro_recall_spanwise": 0.711864662420385, "test_spanlevel-macro_f1_spanwise": 0.7094365869569323, "test_spanlevel-macro_precision_seqavg": 0.7139322297889908, "test_spanlevel-macro_recall_seqavg": 0.7024766529337247, "test_spanlevel-macro_f1_seqavg": 0.7020947370860536, "test_spanlevel-micro_precision_spanwise": 0.8163255751738898, "test_spanlevel-micro_recall_spanwise": 0.8056343599180678, "test_spanlevel-micro_f1_spanwise": 0.8016617750069143, "test_spanlevel-micro_precision_seqavg": 0.8095766987131341, "test_spanlevel-micro_recall_seqavg": 0.7977267321707385, "test_spanlevel-micro_f1_seqavg": 0.7936531451970006, "test_spanlevel-ISG_precision_spanwise": 0.5383693045563549, "test_spanlevel-ISG_recall_spanwise": 0.5443645083932854, "test_spanlevel-ISG_f1_spanwise": 0.5365307753796962, "test_spanlevel-ISG_precision_seqavg": 0.4698433682753975, "test_spanlevel-ISG_recall_seqavg": 0.4721700662060632, "test_spanlevel-ISG_f1_seqavg": 0.46913617369870053, "test_spanlevel-SG_precision_spanwise": 0.7215568382235049, "test_spanlevel-SG_recall_spanwise": 0.7189955106621773, "test_spanlevel-SG_f1_spanwise": 0.7119748206704729, "test_spanlevel-SG_precision_seqavg": 0.7074651983732833, "test_spanlevel-SG_recall_seqavg": 0.7023542497801644, "test_spanlevel-SG_f1_seqavg": 0.6944530590341097, "test_spanlevel-PG_precision_spanwise": 0.8874458874458876, "test_spanlevel-PG_recall_spanwise": 0.8911255411255412, "test_spanlevel-PG_f1_spanwise": 0.8849515563801279, "test_spanlevel-PG_precision_seqavg": 0.9047989012229274, "test_spanlevel-PG_recall_seqavg": 0.8977032874765292, "test_spanlevel-PG_f1_seqavg": 0.8971120591222811, "test_spanlevel-PI_precision_spanwise": 0.7849021779254337, "test_spanlevel-PI_recall_spanwise": 0.7689620457062317, "test_spanlevel-PI_f1_spanwise": 0.7702247918194761, "test_spanlevel-PI_precision_seqavg": 0.772157877704533, "test_spanlevel-PI_recall_seqavg": 0.7589329048781283, "test_spanlevel-PI_f1_seqavg": 0.7611741932107935, "test_spanlevel-ORG_precision_spanwise": 0.664018361581921, "test_spanlevel-ORG_recall_spanwise": 0.6358757062146893, "test_spanlevel-ORG_f1_spanwise": 0.643500990534889, "test_spanlevel-ORG_precision_seqavg": 0.7153958033688127, "test_spanlevel-ORG_recall_seqavg": 0.6812227563277389, "test_spanlevel-ORG_f1_seqavg": 0.6885982003643829, "test_doclevel-micro_precision": 0.9360655737704918, "test_doclevel-micro_recall": 0.9596638655462185, "test_doclevel-micro_f1": 0.9477178423236515, "test_doclevel-ISG_precision": 0.7307692307692307, "test_doclevel-ISG_recall": 0.7916666666666666, "test_doclevel-ISG_f1": 0.76, "test_doclevel-SG_precision": 0.905, "test_doclevel-SG_recall": 0.8418604651162791, "test_doclevel-SG_f1": 0.8722891566265061, "test_doclevel-PG_precision": 0.9645390070921985, "test_doclevel-PG_recall": 0.9784172661870504, "test_doclevel-PG_f1": 0.9714285714285714, "test_doclevel-PI_precision": 0.9, "test_doclevel-PI_recall": 0.9409090909090909, "test_doclevel-PI_f1": 0.92, "test_doclevel-ORG_precision": 0.8012048192771084, "test_doclevel-ORG_recall": 0.910958904109589, "test_doclevel-ORG_f1": 0.8525641025641025, "test_wordlevel-macro_precision": 0.8208525800615588, "test_wordlevel-macro_recall": 0.8303402690544117, "test_wordlevel-macro_f1": 0.8248819411659736, "test_wordlevel-O_precision": 0.9792270233618936, "test_wordlevel-O_recall": 0.980677819618495, "test_wordlevel-O_f1": 0.9799518845228549, "test_wordlevel-ISG_precision": 0.6611111111111111, "test_wordlevel-ISG_recall": 0.7300613496932515, "test_wordlevel-ISG_f1": 0.693877551020408, "test_wordlevel-SG_precision": 0.7947976878612717, "test_wordlevel-SG_recall": 0.7217847769028871, "test_wordlevel-SG_f1": 0.7565337001375515, "test_wordlevel-PG_precision": 0.8971631205673759, "test_wordlevel-PG_recall": 0.937037037037037, "test_wordlevel-PG_f1": 0.9166666666666666, "test_wordlevel-PI_precision": 0.8217054263565892, "test_wordlevel-PI_recall": 0.8548387096774194, "test_wordlevel-PI_f1": 0.8379446640316206, "test_wordlevel-ORG_precision": 0.7711111111111111, "test_wordlevel-ORG_recall": 0.75764192139738, "test_wordlevel-ORG_f1": 0.76431718061674, "test_runtime": 5.113, "test_samples_per_second": 171.327, "test_steps_per_second": 2.738, "epoch": 6.0, "run_id": "rep02-step01"}
