{
  "microsoft/deberta-v3-base": {
    "learning_rate": 4e-05,
    "per_device_train_batch_size": 32,
    "weight_decay": 0.3,
    "seqeval-SG_f1": 0.7561290322580646,
    "elapsed": 2300.0493078319705
  },
  "roberta-base": {
    "learning_rate": 9e-06,
    "per_device_train_batch_size": 16,
    "weight_decay": 0.01,
    "seqeval-SG_f1": 0.7374371859296482,
    "elapsed": 1354.3805441579898
  },
  "bert-base-cased": {
    "learning_rate": 9e-06,
    "per_device_train_batch_size": 16,
    "weight_decay": 0.01,
    "seqeval-SG_f1": 0.7170278637770897,
    "elapsed": 1317.567886525998
  },
  "distilbert-base-cased": {
    "learning_rate": 4e-05,
    "per_device_train_batch_size": 16,
    "weight_decay": 0.3,
    "seqeval-SG_f1": 0.6804770872567483,
    "elapsed": 806.8295820950298
  }
}