{"test_loss": 0.23379060626029968, "test_seqeval-macro_precision": 0.6614242086134982, "test_seqeval-macro_recall": 0.7133385186828913, "test_seqeval-macro_f1": 0.6848614111356757, "test_seqeval-micro_precision": 0.664576802507837, "test_seqeval-micro_recall": 0.7327188940092166, "test_seqeval-micro_f1": 0.6969863013698631, "test_seqeval-SG_precision": 0.7007575757575758, "test_seqeval-SG_recall": 0.7429718875502008, "test_seqeval-SG_f1": 0.7212475633528266, "test_seqeval-ORG_precision": 0.589041095890411, "test_seqeval-ORG_recall": 0.6898395721925134, "test_seqeval-ORG_f1": 0.6354679802955665, "test_seqeval-ISG_precision": 0.6119402985074627, "test_seqeval-ISG_recall": 0.5466666666666666, "test_seqeval-ISG_f1": 0.5774647887323943, "test_seqeval-PI_precision": 0.6180257510729614, "test_seqeval-PI_recall": 0.7309644670050761, "test_seqeval-PI_f1": 0.6697674418604651, "test_seqeval-PG_precision": 0.7873563218390804, "test_seqeval-PG_recall": 0.85625, "test_seqeval-PG_f1": 0.8203592814371257, "test_spanlevel-macro_precision_spanwise": 0.7082800397616091, "test_spanlevel-macro_recall_spanwise": 0.6998046609346863, "test_spanlevel-macro_f1_spanwise": 0.6953501228772624, "test_spanlevel-macro_precision_seqavg": 0.7138691923394086, "test_spanlevel-macro_recall_seqavg": 0.7016183827907773, "test_spanlevel-macro_f1_seqavg": 0.6988201181568396, "test_spanlevel-micro_precision_spanwise": 0.817458052288834, "test_spanlevel-micro_recall_spanwise": 0.8126019908554156, "test_spanlevel-micro_f1_spanwise": 0.8057408048004557, "test_spanlevel-micro_precision_seqavg": 0.8099018842956444, "test_spanlevel-micro_recall_seqavg": 0.8037059378026844, "test_spanlevel-micro_f1_seqavg": 0.797191655631389, "test_spanlevel-SG_precision_spanwise": 0.7831224963103521, "test_spanlevel-SG_recall_spanwise": 0.766880207606014, "test_spanlevel-SG_f1_spanwise": 0.7640117464180843, "test_spanlevel-SG_precision_seqavg": 0.8032106659224764, "test_spanlevel-SG_recall_seqavg": 0.7688505601339087, "test_spanlevel-SG_f1_seqavg": 0.7725301282036998, "test_spanlevel-ORG_precision_spanwise": 0.660807453416149, "test_spanlevel-ORG_recall_spanwise": 0.6356625258799172, "test_spanlevel-ORG_f1_spanwise": 0.6403508166551645, "test_spanlevel-ORG_precision_seqavg": 0.7088666168629723, "test_spanlevel-ORG_recall_seqavg": 0.6731571809320709, "test_spanlevel-ORG_f1_seqavg": 0.6808422774534727, "test_spanlevel-ISG_precision_spanwise": 0.5314814814814814, "test_spanlevel-ISG_recall_spanwise": 0.5277777777777778, "test_spanlevel-ISG_f1_spanwise": 0.5214814814814814, "test_spanlevel-ISG_precision_seqavg": 0.5315281568071825, "test_spanlevel-ISG_recall_seqavg": 0.5304754750598415, "test_spanlevel-ISG_f1_seqavg": 0.5239259334027363, "test_spanlevel-PI_precision_spanwise": 0.6968027210884353, "test_spanlevel-PI_recall_spanwise": 0.6970942662779398, "test_spanlevel-PI_f1_spanwise": 0.6875898477939295, "test_spanlevel-PI_precision_seqavg": 0.677457346615558, "test_spanlevel-PI_recall_seqavg": 0.6931681536375424, "test_spanlevel-PI_f1_seqavg": 0.6796099741245146, "test_spanlevel-PG_precision_spanwise": 0.8691860465116279, "test_spanlevel-PG_recall_spanwise": 0.8716085271317829, "test_spanlevel-PG_f1_spanwise": 0.8633167220376524, "test_spanlevel-PG_precision_seqavg": 0.8482831754888542, "test_spanlevel-PG_recall_seqavg": 0.8424405441905225, "test_spanlevel-PG_f1_seqavg": 0.8371922775997747, "test_spanlevel-macro_precision_relaxed": 0.8131644590460297, "test_spanlevel-macro_recall_relaxed": 0.8548128245436644, "test_spanlevel-macro_f1_relaxed": 0.8873680846834525, "test_spanlevel-micro_precision_relaxed": 0.8128569897226031, "test_spanlevel-micro_recall_relaxed": 0.8535270040516393, "test_spanlevel-micro_f1_relaxed": 0.8867559977076924, "test_spanlevel-SG_precision_relaxed": 0.8412181058320763, "test_spanlevel-SG_recall_relaxed": 0.8692224927849928, "test_spanlevel-SG_f1_relaxed": 0.922846436870917, "test_spanlevel-ORG_precision_relaxed": 0.7482638888888888, "test_spanlevel-ORG_recall_relaxed": 0.7918888888888889, "test_spanlevel-ORG_f1_relaxed": 0.9138133826520118, "test_spanlevel-ISG_precision_relaxed": 0.7275132275132274, "test_spanlevel-ISG_recall_relaxed": 0.6481481481481483, "test_spanlevel-ISG_f1_relaxed": 0.8986666666666667, "test_spanlevel-PI_precision_relaxed": 0.7542766563146998, "test_spanlevel-PI_recall_relaxed": 0.8843621399176954, "test_spanlevel-PI_f1_relaxed": 0.9218599609700332, "test_spanlevel-PG_precision_relaxed": 0.8939393939393939, "test_spanlevel-PG_recall_relaxed": 0.9520042194092828, "test_spanlevel-PG_f1_relaxed": 0.9566481137909709, "test_doclevel-micro_precision": 0.9361702127659575, "test_doclevel-micro_recall": 0.9635036496350365, "test_doclevel-micro_f1": 0.9496402877697842, "test_doclevel-SG_precision": 0.8942307692307693, "test_doclevel-SG_recall": 0.93, "test_doclevel-SG_f1": 0.911764705882353, "test_doclevel-ORG_precision": 0.80625, "test_doclevel-ORG_recall": 0.86, "test_doclevel-ORG_f1": 0.8322580645161289, "test_doclevel-ISG_precision": 0.7936507936507936, "test_doclevel-ISG_recall": 0.6944444444444444, "test_doclevel-ISG_f1": 0.7407407407407406, "test_doclevel-PI_precision": 0.8206521739130435, "test_doclevel-PI_recall": 0.9320987654320988, "test_doclevel-PI_f1": 0.8728323699421965, "test_doclevel-PG_precision": 0.9393939393939394, "test_doclevel-PG_recall": 0.9810126582278481, "test_doclevel-PG_f1": 0.9597523219814241, "test_wordlevel-macro_precision": 0.8226471967240047, "test_wordlevel-macro_recall": 0.8280055195716595, "test_wordlevel-macro_f1": 0.823609770110516, "test_wordlevel-O_precision": 0.9800376910727996, "test_wordlevel-O_recall": 0.9790126900013945, "test_wordlevel-O_f1": 0.9795249223900381, "test_wordlevel-SG_precision": 0.8745294855708908, "test_wordlevel-SG_recall": 0.8029953917050692, "test_wordlevel-SG_f1": 0.8372372372372373, "test_wordlevel-ORG_precision": 0.7787418655097614, "test_wordlevel-ORG_recall": 0.7638297872340426, "test_wordlevel-ORG_f1": 0.7712137486573577, "test_wordlevel-ISG_precision": 0.6964285714285714, "test_wordlevel-ISG_recall": 0.624, "test_wordlevel-ISG_f1": 0.6582278481012659, "test_wordlevel-PI_precision": 0.738013698630137, "test_wordlevel-PI_recall": 0.8760162601626016, "test_wordlevel-PI_f1": 0.8011152416356877, "test_wordlevel-PG_precision": 0.8681318681318682, "test_wordlevel-PG_recall": 0.9221789883268483, "test_wordlevel-PG_f1": 0.8943396226415095, "test_runtime": 7.7833, "test_samples_per_second": 103.941, "test_steps_per_second": 1.67, "epoch": 6.0}