{"test_loss": 0.18370744585990906, "test_seqeval-macro_precision": 0.6876398717171536, "test_seqeval-macro_recall": 0.7583361093059772, "test_seqeval-macro_f1": 0.7208359307667564, "test_seqeval-micro_precision": 0.6945304437564499, "test_seqeval-micro_recall": 0.7753456221198156, "test_seqeval-micro_f1": 0.7327163854109962, "test_seqeval-SG_precision": 0.6666666666666666, "test_seqeval-SG_recall": 0.7710843373493976, "test_seqeval-SG_f1": 0.7150837988826815, "test_seqeval-ORG_precision": 0.6171171171171171, "test_seqeval-ORG_recall": 0.732620320855615, "test_seqeval-ORG_f1": 0.6699266503667483, "test_seqeval-ISG_precision": 0.569620253164557, "test_seqeval-ISG_recall": 0.6, "test_seqeval-ISG_f1": 0.5844155844155844, "test_seqeval-PI_precision": 0.7368421052631579, "test_seqeval-PI_recall": 0.7817258883248731, "test_seqeval-PI_f1": 0.7586206896551724, "test_seqeval-PG_precision": 0.847953216374269, "test_seqeval-PG_recall": 0.90625, "test_seqeval-PG_f1": 0.8761329305135951, "test_spanlevel-macro_precision_spanwise": 0.7495323801212527, "test_spanlevel-macro_recall_spanwise": 0.742358579332666, "test_spanlevel-macro_f1_spanwise": 0.7388225682454139, "test_spanlevel-macro_precision_seqavg": 0.7512698804205142, "test_spanlevel-macro_recall_seqavg": 0.7426104158973421, "test_spanlevel-macro_f1_seqavg": 0.7399018419496665, "test_spanlevel-micro_precision_spanwise": 0.8365269948912554, "test_spanlevel-micro_recall_spanwise": 0.8328723998282358, "test_spanlevel-micro_f1_spanwise": 0.8259168918474912, "test_spanlevel-micro_precision_seqavg": 0.826309082435283, "test_spanlevel-micro_recall_seqavg": 0.8245018516064435, "test_spanlevel-micro_f1_seqavg": 0.8161750286750286, "test_spanlevel-SG_precision_spanwise": 0.7585656331498116, "test_spanlevel-SG_recall_spanwise": 0.7671254416082003, "test_spanlevel-SG_f1_spanwise": 0.7529789472001494, "test_spanlevel-SG_precision_seqavg": 0.7842232022254272, "test_spanlevel-SG_recall_seqavg": 0.7762230362801684, "test_spanlevel-SG_f1_seqavg": 0.7685949353275368, "test_spanlevel-ORG_precision_spanwise": 0.7121646912039925, "test_spanlevel-ORG_recall_spanwise": 0.6975150758993554, "test_spanlevel-ORG_f1_spanwise": 0.6985878265354248, "test_spanlevel-ORG_precision_seqavg": 0.7547822771924964, "test_spanlevel-ORG_recall_seqavg": 0.7472775140622477, "test_spanlevel-ORG_f1_seqavg": 0.7442019980165596, "test_spanlevel-ISG_precision_spanwise": 0.5483870967741935, "test_spanlevel-ISG_recall_spanwise": 0.5483870967741935, "test_spanlevel-ISG_f1_spanwise": 0.5412186379928315, "test_spanlevel-ISG_precision_seqavg": 0.5474201612762605, "test_spanlevel-ISG_recall_seqavg": 0.5304010366970372, "test_spanlevel-ISG_f1_seqavg": 0.5328260919446784, "test_spanlevel-PI_precision_spanwise": 0.8264976958525346, "test_spanlevel-PI_recall_spanwise": 0.7991551459293396, "test_spanlevel-PI_f1_spanwise": 0.8059083261848239, "test_spanlevel-PI_precision_seqavg": 0.7969194020721919, "test_spanlevel-PI_recall_seqavg": 0.7860127239374397, "test_spanlevel-PI_f1_seqavg": 0.7863792683640151, "test_spanlevel-PG_precision_spanwise": 0.902046783625731, "test_spanlevel-PG_recall_spanwise": 0.8996101364522416, "test_spanlevel-PG_f1_spanwise": 0.8954191033138402, "test_spanlevel-PG_precision_seqavg": 0.8730043593361952, "test_spanlevel-PG_recall_seqavg": 0.8731377685098177, "test_spanlevel-PG_f1_seqavg": 0.8675069160955423, "test_spanlevel-macro_precision_relaxed": 0.8271496255173496, "test_spanlevel-macro_recall_relaxed": 0.8913598313689555, "test_spanlevel-macro_f1_relaxed": 0.9027414706789687, "test_spanlevel-micro_precision_relaxed": 0.8276174362600296, "test_spanlevel-micro_recall_relaxed": 0.8902497340453545, "test_spanlevel-micro_f1_relaxed": 0.9027399042892675, "test_spanlevel-SG_precision_relaxed": 0.7982675261885576, "test_spanlevel-SG_recall_relaxed": 0.9025786435786435, "test_spanlevel-SG_f1_relaxed": 0.9293893260706019, "test_spanlevel-ORG_precision_relaxed": 0.7658163265306122, "test_spanlevel-ORG_recall_relaxed": 0.8544444444444446, "test_spanlevel-ORG_f1_relaxed": 0.9261037058797815, "test_spanlevel-ISG_precision_relaxed": 0.6928571428571428, "test_spanlevel-ISG_recall_relaxed": 0.7013888888888888, "test_spanlevel-ISG_f1_relaxed": 0.9119496855345912, "test_spanlevel-PI_precision_relaxed": 0.8700292397660817, "test_spanlevel-PI_recall_relaxed": 0.899125514403292, "test_spanlevel-PI_f1_relaxed": 0.9368340021788357, "test_spanlevel-PG_precision_relaxed": 0.9268916155419221, "test_spanlevel-PG_recall_relaxed": 0.9688818565400843, "test_spanlevel-PG_f1_relaxed": 0.9653846153846155, "test_doclevel-micro_precision": 0.9301919720767888, "test_doclevel-micro_recall": 0.9726277372262774, "test_doclevel-micro_f1": 0.9509366636931312, "test_doclevel-SG_precision": 0.863013698630137, "test_doclevel-SG_recall": 0.945, "test_doclevel-SG_f1": 0.9021479713603819, "test_doclevel-ORG_precision": 0.8154761904761905, "test_doclevel-ORG_recall": 0.9133333333333333, "test_doclevel-ORG_f1": 0.8616352201257862, "test_doclevel-ISG_precision": 0.7571428571428571, "test_doclevel-ISG_recall": 0.7361111111111112, "test_doclevel-ISG_f1": 0.7464788732394366, "test_doclevel-PI_precision": 0.9064327485380117, "test_doclevel-PI_recall": 0.9567901234567902, "test_doclevel-PI_f1": 0.9309309309309309, "test_doclevel-PG_precision": 0.9570552147239264, "test_doclevel-PG_recall": 0.9873417721518988, "test_doclevel-PG_f1": 0.9719626168224299, "test_wordlevel-macro_precision": 0.8388835774140633, "test_wordlevel-macro_recall": 0.8642559083310469, "test_wordlevel-macro_f1": 0.8510211427408269, "test_wordlevel-O_precision": 0.9848208011243851, "test_wordlevel-O_recall": 0.9771301073769348, "test_wordlevel-O_f1": 0.9809603807923841, "test_wordlevel-SG_precision": 0.8060344827586207, "test_wordlevel-SG_recall": 0.8617511520737328, "test_wordlevel-SG_f1": 0.8329621380846326, "test_wordlevel-ORG_precision": 0.7821011673151751, "test_wordlevel-ORG_recall": 0.8553191489361702, "test_wordlevel-ORG_f1": 0.8170731707317074, "test_wordlevel-ISG_precision": 0.6829268292682927, "test_wordlevel-ISG_recall": 0.672, "test_wordlevel-ISG_f1": 0.6774193548387097, "test_wordlevel-PI_precision": 0.8770491803278688, "test_wordlevel-PI_recall": 0.8699186991869918, "test_wordlevel-PI_f1": 0.873469387755102, "test_wordlevel-PG_precision": 0.9003690036900369, "test_wordlevel-PG_recall": 0.9494163424124513, "test_wordlevel-PG_f1": 0.9242424242424242, "test_runtime": 7.7608, "test_samples_per_second": 104.241, "test_steps_per_second": 1.675, "epoch": 7.0}