{"test_loss": 0.23696480691432953, "test_seqeval-macro_precision": 0.6791932498006721, "test_seqeval-macro_recall": 0.7454729556721947, "test_seqeval-macro_f1": 0.7087047719458285, "test_seqeval-micro_precision": 0.6717687074829932, "test_seqeval-micro_recall": 0.7410881801125704, "test_seqeval-micro_f1": 0.7047279214986619, "test_seqeval-SG_precision": 0.699468085106383, "test_seqeval-SG_recall": 0.7366946778711485, "test_seqeval-SG_f1": 0.7175989085948158, "test_seqeval-ORG_precision": 0.6419213973799127, "test_seqeval-ORG_recall": 0.6533333333333333, "test_seqeval-ORG_f1": 0.6475770925110133, "test_seqeval-ISG_precision": 0.5874125874125874, "test_seqeval-ISG_recall": 0.6829268292682927, "test_seqeval-ISG_f1": 0.631578947368421, "test_seqeval-PI_precision": 0.5671641791044776, "test_seqeval-PI_recall": 0.76, "test_seqeval-PI_f1": 0.6495726495726495, "test_seqeval-PG_precision": 0.9, "test_seqeval-PG_recall": 0.8944099378881988, "test_seqeval-PG_f1": 0.897196261682243, "test_spanlevel-macro_precision_spanwise": 0.7096100174152642, "test_spanlevel-macro_recall_spanwise": 0.7030380138236271, "test_spanlevel-macro_f1_spanwise": 0.6990355701963573, "test_spanlevel-macro_precision_seqavg": 0.71319020956196, "test_spanlevel-macro_recall_seqavg": 0.7098395008382005, "test_spanlevel-macro_f1_seqavg": 0.704626485692279, "test_spanlevel-micro_precision_spanwise": 0.8111803037080577, "test_spanlevel-micro_recall_spanwise": 0.8074135585450701, "test_spanlevel-micro_f1_spanwise": 0.7993679941993771, "test_spanlevel-micro_precision_seqavg": 0.80511790982643, "test_spanlevel-micro_recall_seqavg": 0.7986373989737219, "test_spanlevel-micro_f1_seqavg": 0.791119920630458, "test_spanlevel-SG_precision_spanwise": 0.7608906926406926, "test_spanlevel-SG_recall_spanwise": 0.7452457488849535, "test_spanlevel-SG_f1_spanwise": 0.7412714525812352, "test_spanlevel-SG_precision_seqavg": 0.7736634998009428, "test_spanlevel-SG_recall_seqavg": 0.7508167291893526, "test_spanlevel-SG_f1_seqavg": 0.7505768481409401, "test_spanlevel-ORG_precision_spanwise": 0.7092374727668845, "test_spanlevel-ORG_recall_spanwise": 0.6839620292561469, "test_spanlevel-ORG_f1_spanwise": 0.6872941742353508, "test_spanlevel-ORG_precision_seqavg": 0.6776474105398933, "test_spanlevel-ORG_recall_seqavg": 0.6544834310444303, "test_spanlevel-ORG_f1_seqavg": 0.6578660585913547, "test_spanlevel-ISG_precision_spanwise": 0.5215686274509803, "test_spanlevel-ISG_recall_spanwise": 0.5274509803921568, "test_spanlevel-ISG_f1_spanwise": 0.5215686274509803, "test_spanlevel-ISG_precision_seqavg": 0.5792171422237573, "test_spanlevel-ISG_recall_seqavg": 0.596174140330521, "test_spanlevel-ISG_f1_seqavg": 0.5845461870150392, "test_spanlevel-PI_precision_spanwise": 0.6517348203221809, "test_spanlevel-PI_recall_spanwise": 0.6398566117896973, "test_spanlevel-PI_f1_spanwise": 0.637212271413015, "test_spanlevel-PI_precision_seqavg": 0.6231418240990337, "test_spanlevel-PI_recall_seqavg": 0.6243859671614255, "test_spanlevel-PI_f1_seqavg": 0.6138641079554332, "test_spanlevel-PG_precision_spanwise": 0.9046184738955823, "test_spanlevel-PG_recall_spanwise": 0.9186746987951807, "test_spanlevel-PG_f1_spanwise": 0.9078313253012049, "test_spanlevel-PG_precision_seqavg": 0.9122811711461726, "test_spanlevel-PG_recall_seqavg": 0.9233372364652725, "test_spanlevel-PG_f1_seqavg": 0.9162792267586277, "test_spanlevel-macro_precision_relaxed": 0.7977822547822548, "test_spanlevel-macro_recall_relaxed": 0.8492856856547333, "test_spanlevel-macro_f1_relaxed": 0.868889603052315, "test_spanlevel-micro_precision_relaxed": 0.7978321123321124, "test_spanlevel-micro_recall_relaxed": 0.8491952976476786, "test_spanlevel-micro_f1_relaxed": 0.8687821863579512, "test_spanlevel-SG_precision_relaxed": 0.8415786490034611, "test_spanlevel-SG_recall_relaxed": 0.8300786084493951, "test_spanlevel-SG_f1_relaxed": 0.9097458695826285, "test_spanlevel-ORG_precision_relaxed": 0.7996399176954732, "test_spanlevel-ORG_recall_relaxed": 0.7979602669093114, "test_spanlevel-ORG_f1_relaxed": 0.895261736238459, "test_spanlevel-ISG_precision_relaxed": 0.64, "test_spanlevel-ISG_recall_relaxed": 0.740909090909091, "test_spanlevel-ISG_f1_relaxed": 0.9489795918367347, "test_spanlevel-PI_precision_relaxed": 0.6780922431865828, "test_spanlevel-PI_recall_relaxed": 0.8940213233887931, "test_spanlevel-PI_f1_relaxed": 0.9000163896215079, "test_spanlevel-PG_precision_relaxed": 0.9442640692640694, "test_spanlevel-PG_recall_relaxed": 0.9532258064516129, "test_spanlevel-PG_f1_relaxed": 0.9792905081495685, "test_doclevel-micro_precision": 0.94, "test_doclevel-micro_recall": 0.9698412698412698, "test_doclevel-micro_f1": 0.9546874999999999, "test_doclevel-SG_precision": 0.9022556390977443, "test_doclevel-SG_recall": 0.898876404494382, "test_doclevel-SG_f1": 0.900562851782364, "test_doclevel-ORG_precision": 0.8580246913580247, "test_doclevel-ORG_recall": 0.8853503184713376, "test_doclevel-ORG_f1": 0.871473354231975, "test_doclevel-ISG_precision": 0.68, "test_doclevel-ISG_recall": 0.7727272727272727, "test_doclevel-ISG_f1": 0.7234042553191491, "test_doclevel-PI_precision": 0.7452830188679245, "test_doclevel-PI_recall": 0.9518072289156626, "test_doclevel-PI_f1": 0.8359788359788358, "test_doclevel-PG_precision": 0.9675324675324676, "test_doclevel-PG_recall": 0.9612903225806452, "test_doclevel-PG_f1": 0.964401294498382, "test_wordlevel-macro_precision": 0.8159980104500537, "test_wordlevel-macro_recall": 0.8457972447994756, "test_wordlevel-macro_f1": 0.8290393546425264, "test_wordlevel-O_precision": 0.9797768895782378, "test_wordlevel-O_recall": 0.9769212467285272, "test_wordlevel-O_f1": 0.9783469843633656, "test_wordlevel-SG_precision": 0.8345588235294118, "test_wordlevel-SG_recall": 0.7847882454624028, "test_wordlevel-SG_f1": 0.8089086859688196, "test_wordlevel-ORG_precision": 0.7957446808510639, "test_wordlevel-ORG_recall": 0.7824267782426778, "test_wordlevel-ORG_f1": 0.7890295358649789, "test_wordlevel-ISG_precision": 0.6185567010309279, "test_wordlevel-ISG_recall": 0.6896551724137931, "test_wordlevel-ISG_f1": 0.6521739130434783, "test_wordlevel-PI_precision": 0.7212230215827338, "test_wordlevel-PI_recall": 0.8852097130242825, "test_wordlevel-PI_f1": 0.794846382556987, "test_wordlevel-PG_precision": 0.9461279461279462, "test_wordlevel-PG_recall": 0.95578231292517, "test_wordlevel-PG_f1": 0.9509306260575295, "test_runtime": 9.2211, "test_samples_per_second": 97.169, "test_steps_per_second": 1.518, "epoch": 6.0}