{"test_loss": 0.25194036960601807, "test_seqeval-macro_precision": 0.6979736393438584, "test_seqeval-macro_recall": 0.7214510462642755, "test_seqeval-macro_f1": 0.7087888740226261, "test_seqeval-micro_precision": 0.7024704618689581, "test_seqeval-micro_recall": 0.7323628219484882, "test_seqeval-micro_f1": 0.7171052631578948, "test_seqeval-SG_precision": 0.7168831168831169, "test_seqeval-SG_recall": 0.770949720670391, "test_seqeval-SG_f1": 0.7429340511440108, "test_seqeval-ORG_precision": 0.6842105263157895, "test_seqeval-ORG_recall": 0.6842105263157895, "test_seqeval-ORG_f1": 0.6842105263157895, "test_seqeval-ISG_precision": 0.6444444444444445, "test_seqeval-ISG_recall": 0.5918367346938775, "test_seqeval-ISG_f1": 0.6170212765957447, "test_seqeval-PI_precision": 0.6744186046511628, "test_seqeval-PI_recall": 0.7073170731707317, "test_seqeval-PI_f1": 0.6904761904761904, "test_seqeval-PG_precision": 0.7699115044247787, "test_seqeval-PG_recall": 0.8529411764705882, "test_seqeval-PG_f1": 0.8093023255813954, "test_spanlevel-macro_precision_spanwise": 0.7324561433253416, "test_spanlevel-macro_recall_spanwise": 0.7095807922739709, "test_spanlevel-macro_f1_spanwise": 0.7133502056948396, "test_spanlevel-macro_precision_seqavg": 0.7482086639720638, "test_spanlevel-macro_recall_seqavg": 0.7309448879070113, "test_spanlevel-macro_f1_seqavg": 0.7332192923821133, "test_spanlevel-micro_precision_spanwise": 0.8307679396626765, "test_spanlevel-micro_recall_spanwise": 0.8064761808538897, "test_spanlevel-micro_f1_spanwise": 0.8076624702251651, "test_spanlevel-micro_precision_seqavg": 0.8306550757719371, "test_spanlevel-micro_recall_seqavg": 0.8002507124941574, "test_spanlevel-micro_f1_seqavg": 0.803360567622937, "test_spanlevel-SG_precision_spanwise": 0.817748088760747, "test_spanlevel-SG_recall_spanwise": 0.7880935148247136, "test_spanlevel-SG_f1_spanwise": 0.7895676189551873, "test_spanlevel-SG_precision_seqavg": 0.8246173100722218, "test_spanlevel-SG_recall_seqavg": 0.7940149914164172, "test_spanlevel-SG_f1_seqavg": 0.7986118198913742, "test_spanlevel-ORG_precision_spanwise": 0.7019557823129251, "test_spanlevel-ORG_recall_spanwise": 0.66156462585034, "test_spanlevel-ORG_f1_spanwise": 0.6707240038872692, "test_spanlevel-ORG_precision_seqavg": 0.7203064747863457, "test_spanlevel-ORG_recall_seqavg": 0.7060195421015996, "test_spanlevel-ORG_f1_seqavg": 0.7036401843483974, "test_spanlevel-ISG_precision_spanwise": 0.5458333333333333, "test_spanlevel-ISG_recall_spanwise": 0.5263888888888889, "test_spanlevel-ISG_f1_spanwise": 0.5316666666666666, "test_spanlevel-ISG_precision_seqavg": 0.5915751078304718, "test_spanlevel-ISG_recall_seqavg": 0.5739072642051933, "test_spanlevel-ISG_f1_seqavg": 0.5799856897786109, "test_spanlevel-PI_precision_spanwise": 0.6831632653061224, "test_spanlevel-PI_recall_spanwise": 0.6616717466207263, "test_spanlevel-PI_f1_spanwise": 0.6653277183889429, "test_spanlevel-PI_precision_seqavg": 0.6878163226615079, "test_spanlevel-PI_recall_seqavg": 0.6722342185450746, "test_spanlevel-PI_f1_seqavg": 0.6734327916244259, "test_spanlevel-PG_precision_spanwise": 0.9135802469135803, "test_spanlevel-PG_recall_spanwise": 0.9101851851851852, "test_spanlevel-PG_f1_spanwise": 0.9094650205761317, "test_spanlevel-PG_precision_seqavg": 0.9167281045097713, "test_spanlevel-PG_recall_seqavg": 0.9085484232667719, "test_spanlevel-PG_f1_seqavg": 0.910425976267758, "test_spanlevel-macro_precision_relaxed": 0.8678120306438892, "test_spanlevel-macro_recall_relaxed": 0.8238216911944434, "test_spanlevel-macro_f1_relaxed": 0.8847316896607893, "test_spanlevel-micro_precision_relaxed": 0.8664157671237321, "test_spanlevel-micro_recall_relaxed": 0.8237881083888399, "test_spanlevel-micro_f1_relaxed": 0.8843484770172513, "test_spanlevel-SG_precision_relaxed": 0.8879502961135612, "test_spanlevel-SG_recall_relaxed": 0.8670977426379586, "test_spanlevel-SG_f1_relaxed": 0.914446469562414, "test_spanlevel-ORG_precision_relaxed": 0.8452380952380953, "test_spanlevel-ORG_recall_relaxed": 0.7688078703703703, "test_spanlevel-ORG_f1_relaxed": 0.9195550351288057, "test_spanlevel-ISG_precision_relaxed": 0.75, "test_spanlevel-ISG_recall_relaxed": 0.6596491228070175, "test_spanlevel-ISG_f1_relaxed": 0.9515151515151514, "test_spanlevel-PI_precision_relaxed": 0.7881701631701631, "test_spanlevel-PI_recall_relaxed": 0.8180461205461206, "test_spanlevel-PI_f1_relaxed": 0.9106826301270745, "test_spanlevel-PG_precision_relaxed": 0.9468085106382981, "test_spanlevel-PG_recall_relaxed": 0.9641843971631204, "test_spanlevel-PG_f1_relaxed": 0.9702678963548529, "test_doclevel-micro_precision": 0.9646017699115044, "test_doclevel-micro_recall": 0.9412780656303973, "test_doclevel-micro_f1": 0.9527972027972028, "test_doclevel-SG_precision": 0.935374149659864, "test_doclevel-SG_recall": 0.935374149659864, "test_doclevel-SG_f1": 0.935374149659864, "test_doclevel-ORG_precision": 0.8714285714285714, "test_doclevel-ORG_recall": 0.8472222222222222, "test_doclevel-ORG_f1": 0.8591549295774648, "test_doclevel-ISG_precision": 0.7790697674418605, "test_doclevel-ISG_recall": 0.7052631578947368, "test_doclevel-ISG_f1": 0.7403314917127073, "test_doclevel-PI_precision": 0.8181818181818182, "test_doclevel-PI_recall": 0.9, "test_doclevel-PI_f1": 0.8571428571428572, "test_doclevel-PG_precision": 0.9787234042553191, "test_doclevel-PG_recall": 0.9787234042553191, "test_doclevel-PG_f1": 0.9787234042553191, "test_wordlevel-macro_precision": 0.8542876356335762, "test_wordlevel-macro_recall": 0.8008489354064849, "test_wordlevel-macro_f1": 0.825423036800604, "test_wordlevel-O_precision": 0.9746913580246913, "test_wordlevel-O_recall": 0.9850963538056288, "test_wordlevel-O_f1": 0.9798662345721576, "test_wordlevel-SG_precision": 0.8646125116713352, "test_wordlevel-SG_recall": 0.8129938542581212, "test_wordlevel-SG_f1": 0.8380090497737557, "test_wordlevel-ORG_precision": 0.8095238095238095, "test_wordlevel-ORG_recall": 0.7391304347826086, "test_wordlevel-ORG_f1": 0.7727272727272727, "test_wordlevel-ISG_precision": 0.7339449541284404, "test_wordlevel-ISG_recall": 0.5797101449275363, "test_wordlevel-ISG_f1": 0.6477732793522268, "test_wordlevel-PI_precision": 0.8168168168168168, "test_wordlevel-PI_recall": 0.7513812154696132, "test_wordlevel-PI_f1": 0.7827338129496402, "test_wordlevel-PG_precision": 0.9261363636363636, "test_wordlevel-PG_recall": 0.9367816091954023, "test_wordlevel-PG_f1": 0.9314285714285715, "test_runtime": 7.7739, "test_samples_per_second": 104.195, "test_steps_per_second": 1.672, "epoch": 7.0}