{"test_loss": 0.131726935505867, "test_seqeval-macro_precision": 0.8124602118748461, "test_seqeval-macro_recall": 0.828818644399852, "test_seqeval-macro_f1": 0.8195886550567731, "test_seqeval-micro_precision": 0.8110902255639098, "test_seqeval-micro_recall": 0.8338164251207729, "test_seqeval-micro_f1": 0.8222963315864696, "test_seqeval-SG_precision": 0.8463414634146341, "test_seqeval-SG_recall": 0.8504901960784313, "test_seqeval-SG_f1": 0.8484107579462102, "test_seqeval-ORG_precision": 0.7636363636363637, "test_seqeval-ORG_recall": 0.8442211055276382, "test_seqeval-ORG_f1": 0.801909307875895, "test_seqeval-ISG_precision": 0.8090909090909091, "test_seqeval-ISG_recall": 0.7295081967213115, "test_seqeval-ISG_f1": 0.7672413793103449, "test_seqeval-PI_precision": 0.7644444444444445, "test_seqeval-PI_recall": 0.8229665071770335, "test_seqeval-PI_f1": 0.7926267281105992, "test_seqeval-PG_precision": 0.8787878787878788, "test_seqeval-PG_recall": 0.8969072164948454, "test_seqeval-PG_f1": 0.8877551020408163, "test_spanlevel-macro_precision_spanwise": 0.8148682226728641, "test_spanlevel-macro_recall_spanwise": 0.8140504110473709, "test_spanlevel-macro_f1_spanwise": 0.8100660742078976, "test_spanlevel-macro_precision_seqavg": 0.8244186668454552, "test_spanlevel-macro_recall_seqavg": 0.8190592139116536, "test_spanlevel-macro_f1_seqavg": 0.818393463334699, "test_spanlevel-micro_precision_spanwise": 0.8746580109835548, "test_spanlevel-micro_recall_spanwise": 0.8732865308207773, "test_spanlevel-micro_f1_spanwise": 0.8674105905209424, "test_spanlevel-micro_precision_seqavg": 0.877053003489392, "test_spanlevel-micro_recall_seqavg": 0.8769856198925966, "test_spanlevel-micro_f1_seqavg": 0.8699889344895819, "test_spanlevel-SG_precision_spanwise": 0.8910591181214019, "test_spanlevel-SG_recall_spanwise": 0.8978401990166696, "test_spanlevel-SG_f1_spanwise": 0.8860170812072818, "test_spanlevel-SG_precision_seqavg": 0.9004768014770936, "test_spanlevel-SG_recall_seqavg": 0.9045177354555133, "test_spanlevel-SG_f1_seqavg": 0.8976329017491013, "test_spanlevel-ORG_precision_spanwise": 0.8071056547619049, "test_spanlevel-ORG_recall_spanwise": 0.8002604166666666, "test_spanlevel-ORG_f1_spanwise": 0.8000088577097506, "test_spanlevel-ORG_precision_seqavg": 0.8411600355519896, "test_spanlevel-ORG_recall_seqavg": 0.8307739642513917, "test_spanlevel-ORG_f1_seqavg": 0.8326068953170077, "test_spanlevel-ISG_precision_spanwise": 0.6630695443645084, "test_spanlevel-ISG_recall_spanwise": 0.6618705035971223, "test_spanlevel-ISG_f1_spanwise": 0.660431654676259, "test_spanlevel-ISG_precision_seqavg": 0.6942267574338682, "test_spanlevel-ISG_recall_seqavg": 0.6860578402325271, "test_spanlevel-ISG_f1_seqavg": 0.6879671619365142, "test_spanlevel-PI_precision_spanwise": 0.8333333333333334, "test_spanlevel-PI_recall_spanwise": 0.8353618421052632, "test_spanlevel-PI_f1_spanwise": 0.8279828098086559, "test_spanlevel-PI_precision_seqavg": 0.7973962186264075, "test_spanlevel-PI_recall_seqavg": 0.7861636745441718, "test_spanlevel-PI_f1_seqavg": 0.7858798246404601, "test_spanlevel-PG_precision_spanwise": 0.8797734627831716, "test_spanlevel-PG_recall_spanwise": 0.8749190938511328, "test_spanlevel-PG_f1_spanwise": 0.8758899676375405, "test_spanlevel-PG_precision_seqavg": 0.8888335211379169, "test_spanlevel-PG_recall_seqavg": 0.8877828550746644, "test_spanlevel-PG_f1_seqavg": 0.8878805330304119, "test_spanlevel-macro_precision_relaxed": 0.8957013441885384, "test_spanlevel-macro_recall_relaxed": 0.9110363051539526, "test_spanlevel-macro_f1_relaxed": 0.9271058832130709, "test_spanlevel-micro_precision_relaxed": 0.894499159433722, "test_spanlevel-micro_recall_relaxed": 0.9109391491744435, "test_spanlevel-micro_f1_relaxed": 0.9265534887359363, "test_spanlevel-SG_precision_relaxed": 0.9196114659978823, "test_spanlevel-SG_recall_relaxed": 0.9347381990946347, "test_spanlevel-SG_f1_relaxed": 0.9501411354851025, "test_spanlevel-ORG_precision_relaxed": 0.8697619047619046, "test_spanlevel-ORG_recall_relaxed": 0.9164682539682539, "test_spanlevel-ORG_f1_relaxed": 0.9501344946792034, "test_spanlevel-ISG_precision_relaxed": 0.8576051779935274, "test_spanlevel-ISG_recall_relaxed": 0.7586206896551724, "test_spanlevel-ISG_f1_relaxed": 0.9730639730639731, "test_spanlevel-PI_precision_relaxed": 0.8588271604938272, "test_spanlevel-PI_recall_relaxed": 0.9209055876685934, "test_spanlevel-PI_f1_relaxed": 0.9463403402632166, "test_spanlevel-PG_precision_relaxed": 0.922280701754386, "test_spanlevel-PG_recall_relaxed": 0.948581560283688, "test_spanlevel-PG_f1_relaxed": 0.9740740740740741, "test_doclevel-micro_precision": 0.9744816586921851, "test_doclevel-micro_recall": 0.9713831478537361, "test_doclevel-micro_f1": 0.9729299363057325, "test_doclevel-SG_precision": 0.9605263157894737, "test_doclevel-SG_recall": 0.9636963696369637, "test_doclevel-SG_f1": 0.9621087314662274, "test_doclevel-ORG_precision": 0.9085714285714286, "test_doclevel-ORG_recall": 0.9464285714285714, "test_doclevel-ORG_f1": 0.9271137026239067, "test_doclevel-ISG_precision": 0.8737864077669902, "test_doclevel-ISG_recall": 0.7758620689655172, "test_doclevel-ISG_f1": 0.821917808219178, "test_doclevel-PI_precision": 0.9111111111111111, "test_doclevel-PI_recall": 0.9479768786127167, "test_doclevel-PI_f1": 0.9291784702549574, "test_doclevel-PG_precision": 0.9473684210526315, "test_doclevel-PG_recall": 0.9574468085106383, "test_doclevel-PG_f1": 0.9523809523809523, "test_wordlevel-macro_precision": 0.8997836557908968, "test_wordlevel-macro_recall": 0.9032642700836249, "test_wordlevel-macro_f1": 0.9000941649964056, "test_wordlevel-O_precision": 0.9850375575478556, "test_wordlevel-O_recall": 0.9859334263020676, "test_wordlevel-O_f1": 0.9854852883245963, "test_wordlevel-SG_precision": 0.9163439194422928, "test_wordlevel-SG_recall": 0.8724188790560472, "test_wordlevel-SG_f1": 0.8938420853796751, "test_wordlevel-ORG_precision": 0.8543046357615894, "test_wordlevel-ORG_recall": 0.9170616113744076, "test_wordlevel-ORG_f1": 0.8845714285714286, "test_wordlevel-ISG_precision": 0.8703703703703703, "test_wordlevel-ISG_recall": 0.746031746031746, "test_wordlevel-ISG_f1": 0.8034188034188035, "test_wordlevel-PI_precision": 0.8764705882352941, "test_wordlevel-PI_recall": 0.9390756302521008, "test_wordlevel-PI_f1": 0.9066937119675457, "test_wordlevel-PG_precision": 0.8961748633879781, "test_wordlevel-PG_recall": 0.9590643274853801, "test_wordlevel-PG_f1": 0.9265536723163842, "test_runtime": 8.6115, "test_samples_per_second": 102.072, "test_steps_per_second": 1.626, "epoch": 7.0}