{"test_loss": 0.18352897465229034, "test_seqeval-macro_precision": 0.6931000780265486, "test_seqeval-macro_recall": 0.7601545505837787, "test_seqeval-macro_f1": 0.7245881449472089, "test_seqeval-micro_precision": 0.6987577639751553, "test_seqeval-micro_recall": 0.7776497695852534, "test_seqeval-micro_f1": 0.7360959651035988, "test_seqeval-PI_precision": 0.7380952380952381, "test_seqeval-PI_recall": 0.7868020304568528, "test_seqeval-PI_f1": 0.7616707616707616, "test_seqeval-ISG_precision": 0.5844155844155844, "test_seqeval-ISG_recall": 0.6, "test_seqeval-ISG_f1": 0.5921052631578947, "test_seqeval-PG_precision": 0.8529411764705882, "test_seqeval-PG_recall": 0.90625, "test_seqeval-PG_f1": 0.8787878787878787, "test_seqeval-SG_precision": 0.6701388888888888, "test_seqeval-SG_recall": 0.7751004016064257, "test_seqeval-SG_f1": 0.718808193668529, "test_seqeval-ORG_precision": 0.6199095022624435, "test_seqeval-ORG_recall": 0.732620320855615, "test_seqeval-ORG_f1": 0.6715686274509804, "test_spanlevel-macro_precision_spanwise": 0.7500513949052433, "test_spanlevel-macro_recall_spanwise": 0.7426035054001272, "test_spanlevel-macro_f1_spanwise": 0.7393096025566575, "test_spanlevel-macro_precision_seqavg": 0.743170208442248, "test_spanlevel-macro_recall_seqavg": 0.73774673338761, "test_spanlevel-macro_f1_seqavg": 0.7341049310695034, "test_spanlevel-micro_precision_spanwise": 0.8387202375921151, "test_spanlevel-micro_recall_spanwise": 0.8343578415496223, "test_spanlevel-micro_f1_spanwise": 0.827802556197771, "test_spanlevel-micro_precision_seqavg": 0.8279155147165469, "test_spanlevel-micro_recall_seqavg": 0.8252830999210896, "test_spanlevel-micro_f1_seqavg": 0.8175235496485121, "test_spanlevel-PI_precision_spanwise": 0.8311059907834103, "test_spanlevel-PI_recall_spanwise": 0.8037634408602151, "test_spanlevel-PI_f1_spanwise": 0.8105166211156994, "test_spanlevel-PI_precision_seqavg": 0.8006364385657457, "test_spanlevel-PI_recall_seqavg": 0.7897297604309933, "test_spanlevel-PI_f1_seqavg": 0.7900963048575688, "test_spanlevel-ISG_precision_spanwise": 0.5376344086021505, "test_spanlevel-ISG_recall_spanwise": 0.5394265232974911, "test_spanlevel-ISG_f1_spanwise": 0.5318996415770609, "test_spanlevel-ISG_precision_seqavg": 0.5026294110871702, "test_spanlevel-ISG_recall_seqavg": 0.5068440092813306, "test_spanlevel-ISG_f1_seqavg": 0.5022686004259213, "test_spanlevel-PG_precision_spanwise": 0.9073529411764706, "test_spanlevel-PG_recall_spanwise": 0.9049019607843136, "test_spanlevel-PG_f1_spanwise": 0.900686274509804, "test_spanlevel-PG_precision_seqavg": 0.8740447968465249, "test_spanlevel-PG_recall_seqavg": 0.8741759108065801, "test_spanlevel-PG_f1_seqavg": 0.868540120208768, "test_spanlevel-SG_precision_spanwise": 0.7649101509115758, "test_spanlevel-SG_recall_spanwise": 0.7717773383863349, "test_spanlevel-SG_f1_spanwise": 0.7583510988269577, "test_spanlevel-SG_precision_seqavg": 0.7889843224833101, "test_spanlevel-SG_recall_seqavg": 0.7768928486244903, "test_spanlevel-SG_f1_seqavg": 0.7710279047241405, "test_spanlevel-ORG_precision_spanwise": 0.7092534830526096, "test_spanlevel-ORG_recall_spanwise": 0.6931482636722811, "test_spanlevel-ORG_f1_spanwise": 0.6950943767537654, "test_spanlevel-ORG_precision_seqavg": 0.749556073228489, "test_spanlevel-ORG_recall_seqavg": 0.741091137794655, "test_spanlevel-ORG_f1_seqavg": 0.7385917251311183, "test_spanlevel-macro_precision_relaxed": 0.8291930106435454, "test_spanlevel-macro_recall_relaxed": 0.8902289974826473, "test_spanlevel-macro_f1_relaxed": 0.902637974573345, "test_spanlevel-micro_precision_relaxed": 0.8299141644896995, "test_spanlevel-micro_recall_relaxed": 0.8891189001590462, "test_spanlevel-micro_f1_relaxed": 0.9027739240939963, "test_spanlevel-PI_precision_relaxed": 0.8707848837209301, "test_spanlevel-PI_recall_relaxed": 0.9052983539094648, "test_spanlevel-PI_f1_relaxed": 0.9372389124212791, "test_spanlevel-ISG_precision_relaxed": 0.6884057971014492, "test_spanlevel-ISG_recall_relaxed": 0.6898148148148149, "test_spanlevel-ISG_f1_relaxed": 0.9128205128205127, "test_spanlevel-PG_precision_relaxed": 0.9279141104294478, "test_spanlevel-PG_recall_relaxed": 0.9688818565400843, "test_spanlevel-PG_f1_relaxed": 0.9664529914529916, "test_spanlevel-SG_precision_relaxed": 0.8026181096487301, "test_spanlevel-SG_recall_relaxed": 0.9036468253968255, "test_spanlevel-SG_f1_relaxed": 0.9272706534493853, "test_spanlevel-ORG_precision_relaxed": 0.7664100370687197, "test_spanlevel-ORG_recall_relaxed": 0.8477777777777779, "test_spanlevel-ORG_f1_relaxed": 0.9270378074048169, "test_doclevel-micro_precision": 0.9318181818181818, "test_doclevel-micro_recall": 0.9726277372262774, "test_doclevel-micro_f1": 0.9517857142857143, "test_doclevel-PI_precision": 0.9069767441860465, "test_doclevel-PI_recall": 0.9629629629629629, "test_doclevel-PI_f1": 0.934131736526946, "test_doclevel-ISG_precision": 0.7536231884057971, "test_doclevel-ISG_recall": 0.7222222222222222, "test_doclevel-ISG_f1": 0.7375886524822696, "test_doclevel-PG_precision": 0.9570552147239264, "test_doclevel-PG_recall": 0.9873417721518988, "test_doclevel-PG_f1": 0.9719626168224299, "test_doclevel-SG_precision": 0.867579908675799, "test_doclevel-SG_recall": 0.95, "test_doclevel-SG_f1": 0.9069212410501194, "test_doclevel-ORG_precision": 0.8143712574850299, "test_doclevel-ORG_recall": 0.9066666666666666, "test_doclevel-ORG_f1": 0.8580441640378549, "test_wordlevel-macro_precision": 0.8398074560523513, "test_wordlevel-macro_recall": 0.860683048961291, "test_wordlevel-macro_f1": 0.8497278026019264, "test_wordlevel-O_precision": 0.9843431861265183, "test_wordlevel-O_recall": 0.9775484590712592, "test_wordlevel-O_f1": 0.9809340563232464, "test_wordlevel-PI_precision": 0.8773006134969326, "test_wordlevel-PI_recall": 0.8719512195121951, "test_wordlevel-PI_f1": 0.8746177370030581, "test_wordlevel-ISG_precision": 0.6833333333333333, "test_wordlevel-ISG_recall": 0.656, "test_wordlevel-ISG_f1": 0.6693877551020408, "test_wordlevel-PG_precision": 0.9037037037037037, "test_wordlevel-PG_recall": 0.9494163424124513, "test_wordlevel-PG_f1": 0.9259962049335864, "test_wordlevel-SG_precision": 0.808487486398259, "test_wordlevel-SG_recall": 0.8559907834101382, "test_wordlevel-SG_f1": 0.8315612758813654, "test_wordlevel-ORG_precision": 0.7816764132553606, "test_wordlevel-ORG_recall": 0.8531914893617021, "test_wordlevel-ORG_f1": 0.8158697863682604, "test_runtime": 4.6701, "test_samples_per_second": 173.23, "test_steps_per_second": 2.784, "epoch": 7.0, "run_id": "rep03-step02"}
