{"test_loss": 0.21308177709579468, "test_seqeval-macro_precision": 0.6439314629535943, "test_seqeval-macro_recall": 0.7213305907197834, "test_seqeval-macro_f1": 0.6784505457214653, "test_seqeval-micro_precision": 0.6392785571142284, "test_seqeval-micro_recall": 0.7350230414746544, "test_seqeval-micro_f1": 0.6838156484458735, "test_seqeval-PI_precision": 0.6507177033492823, "test_seqeval-PI_recall": 0.6903553299492385, "test_seqeval-PI_f1": 0.6699507389162561, "test_seqeval-ISG_precision": 0.5866666666666667, "test_seqeval-ISG_recall": 0.5866666666666667, "test_seqeval-ISG_f1": 0.5866666666666667, "test_seqeval-PG_precision": 0.8128654970760234, "test_seqeval-PG_recall": 0.86875, "test_seqeval-PG_f1": 0.8398791540785498, "test_seqeval-SG_precision": 0.6501766784452296, "test_seqeval-SG_recall": 0.7389558232931727, "test_seqeval-SG_f1": 0.6917293233082705, "test_seqeval-ORG_precision": 0.5192307692307693, "test_seqeval-ORG_recall": 0.7219251336898396, "test_seqeval-ORG_f1": 0.6040268456375838, "test_spanlevel-macro_precision_spanwise": 0.7128361889780854, "test_spanlevel-macro_recall_spanwise": 0.7012310652856855, "test_spanlevel-macro_f1_spanwise": 0.6977480663081496, "test_spanlevel-macro_precision_seqavg": 0.7180497348037596, "test_spanlevel-macro_recall_seqavg": 0.7007001311193835, "test_spanlevel-macro_f1_seqavg": 0.6986483546355459, "test_spanlevel-micro_precision_spanwise": 0.8186506595101536, "test_spanlevel-micro_recall_spanwise": 0.808443147238484, "test_spanlevel-micro_f1_spanwise": 0.8037849752829942, "test_spanlevel-micro_precision_seqavg": 0.8107002301917241, "test_spanlevel-micro_recall_seqavg": 0.8018891638621823, "test_spanlevel-micro_f1_seqavg": 0.7961506992146313, "test_spanlevel-PI_precision_spanwise": 0.7214598997493734, "test_spanlevel-PI_recall_spanwise": 0.7005325814536341, "test_spanlevel-PI_f1_spanwise": 0.7005256196045669, "test_spanlevel-PI_precision_seqavg": 0.7294714090972386, "test_spanlevel-PI_recall_seqavg": 0.7263880205276964, "test_spanlevel-PI_f1_seqavg": 0.7203327461885084, "test_spanlevel-ISG_precision_spanwise": 0.5208333333333334, "test_spanlevel-ISG_recall_spanwise": 0.529513888888889, "test_spanlevel-ISG_f1_spanwise": 0.5184027777777778, "test_spanlevel-ISG_precision_seqavg": 0.5026933502996388, "test_spanlevel-ISG_recall_seqavg": 0.5171143423671061, "test_spanlevel-ISG_f1_seqavg": 0.506223797954841, "test_spanlevel-PG_precision_spanwise": 0.8911764705882353, "test_spanlevel-PG_recall_spanwise": 0.8848039215686274, "test_spanlevel-PG_f1_spanwise": 0.8795518207282913, "test_spanlevel-PG_precision_seqavg": 0.8610538036262528, "test_spanlevel-PG_recall_seqavg": 0.8289682750997862, "test_spanlevel-PG_f1_seqavg": 0.8284907579263023, "test_spanlevel-SG_precision_spanwise": 0.7694135747425356, "test_spanlevel-SG_recall_spanwise": 0.7619461790629037, "test_spanlevel-SG_f1_spanwise": 0.7534732203155882, "test_spanlevel-SG_precision_seqavg": 0.7814859626144803, "test_spanlevel-SG_recall_seqavg": 0.7528647249238668, "test_spanlevel-SG_f1_seqavg": 0.7516183782273497, "test_spanlevel-ORG_precision_spanwise": 0.6612976664769493, "test_spanlevel-ORG_recall_spanwise": 0.6293587554543729, "test_spanlevel-ORG_f1_spanwise": 0.6367868931145237, "test_spanlevel-ORG_precision_seqavg": 0.7155441483811872, "test_spanlevel-ORG_recall_seqavg": 0.6781652926784615, "test_spanlevel-ORG_f1_seqavg": 0.6865760928807275, "test_spanlevel-macro_precision_relaxed": 0.7981775427567982, "test_spanlevel-macro_recall_relaxed": 0.8638508060269011, "test_spanlevel-macro_f1_relaxed": 0.8847916224673291, "test_spanlevel-micro_precision_relaxed": 0.7986913180990471, "test_spanlevel-micro_recall_relaxed": 0.8637544962134381, "test_spanlevel-micro_f1_relaxed": 0.8854366582442348, "test_spanlevel-PI_precision_relaxed": 0.8115666384897153, "test_spanlevel-PI_recall_relaxed": 0.8223765432098765, "test_spanlevel-PI_f1_relaxed": 0.9121072594771152, "test_spanlevel-ISG_precision_relaxed": 0.6811594202898551, "test_spanlevel-ISG_recall_relaxed": 0.681712962962963, "test_spanlevel-ISG_f1_relaxed": 0.9239962651727358, "test_spanlevel-PG_precision_relaxed": 0.9115853658536586, "test_spanlevel-PG_recall_relaxed": 0.9488396624472575, "test_spanlevel-PG_f1_relaxed": 0.9539170506912442, "test_spanlevel-SG_precision_relaxed": 0.8029106110055921, "test_spanlevel-SG_recall_relaxed": 0.8867645202020202, "test_spanlevel-SG_f1_relaxed": 0.9193259680459086, "test_spanlevel-ORG_precision_relaxed": 0.7011232544019429, "test_spanlevel-ORG_recall_relaxed": 0.8575555555555555, "test_spanlevel-ORG_f1_relaxed": 0.9149751067637422, "test_doclevel-micro_precision": 0.9228130360205832, "test_doclevel-micro_recall": 0.9817518248175182, "test_doclevel-micro_f1": 0.9513704686118478, "test_doclevel-PI_precision": 0.8698224852071006, "test_doclevel-PI_recall": 0.9074074074074074, "test_doclevel-PI_f1": 0.8882175226586102, "test_doclevel-ISG_precision": 0.7391304347826086, "test_doclevel-ISG_recall": 0.7083333333333334, "test_doclevel-ISG_f1": 0.723404255319149, "test_doclevel-PG_precision": 0.9512195121951219, "test_doclevel-PG_recall": 0.9873417721518988, "test_doclevel-PG_f1": 0.968944099378882, "test_doclevel-SG_precision": 0.8623853211009175, "test_doclevel-SG_recall": 0.94, "test_doclevel-SG_f1": 0.8995215311004784, "test_doclevel-ORG_precision": 0.7595628415300546, "test_doclevel-ORG_recall": 0.9266666666666666, "test_doclevel-ORG_f1": 0.8348348348348349, "test_wordlevel-macro_precision": 0.8223405859416776, "test_wordlevel-macro_recall": 0.8301754551936299, "test_wordlevel-macro_f1": 0.8257103700490874, "test_wordlevel-O_precision": 0.9799398895645488, "test_wordlevel-O_recall": 0.9775484590712592, "test_wordlevel-O_f1": 0.9787427135327587, "test_wordlevel-PI_precision": 0.8122448979591836, "test_wordlevel-PI_recall": 0.8089430894308943, "test_wordlevel-PI_f1": 0.8105906313645621, "test_wordlevel-ISG_precision": 0.6666666666666666, "test_wordlevel-ISG_recall": 0.624, "test_wordlevel-ISG_f1": 0.6446280991735537, "test_wordlevel-PG_precision": 0.8977272727272727, "test_wordlevel-PG_recall": 0.9221789883268483, "test_wordlevel-PG_f1": 0.9097888675623801, "test_wordlevel-SG_precision": 0.8274647887323944, "test_wordlevel-SG_recall": 0.8122119815668203, "test_wordlevel-SG_f1": 0.819767441860465, "test_wordlevel-ORG_precision": 0.75, "test_wordlevel-ORG_recall": 0.8361702127659575, "test_wordlevel-ORG_f1": 0.7907444668008049, "test_runtime": 4.7983, "test_samples_per_second": 168.602, "test_steps_per_second": 2.709, "epoch": 8.0, "run_id": "rep03-step01"}
