{"test_loss": 0.18742609024047852, "test_seqeval-macro_precision": 0.7601390996701572, "test_seqeval-macro_recall": 0.7697706893291074, "test_seqeval-macro_f1": 0.7624005449302672, "test_seqeval-micro_precision": 0.7555147058823529, "test_seqeval-micro_recall": 0.7711069418386491, "test_seqeval-micro_f1": 0.7632311977715877, "test_seqeval-ISG_precision": 0.7281553398058253, "test_seqeval-ISG_recall": 0.6097560975609756, "test_seqeval-ISG_f1": 0.663716814159292, "test_seqeval-SG_precision": 0.7710144927536232, "test_seqeval-SG_recall": 0.7450980392156863, "test_seqeval-SG_f1": 0.7578347578347578, "test_seqeval-PG_precision": 0.9041916167664671, "test_seqeval-PG_recall": 0.937888198757764, "test_seqeval-PG_f1": 0.9207317073170732, "test_seqeval-PI_precision": 0.6625514403292181, "test_seqeval-PI_recall": 0.805, "test_seqeval-PI_f1": 0.7268623024830699, "test_seqeval-ORG_precision": 0.7347826086956522, "test_seqeval-ORG_recall": 0.7511111111111111, "test_seqeval-ORG_f1": 0.7428571428571429, "test_spanlevel-macro_precision_spanwise": 0.7747672287606955, "test_spanlevel-macro_recall_spanwise": 0.7556367597898197, "test_spanlevel-macro_f1_spanwise": 0.7582627497417203, "test_spanlevel-macro_precision_seqavg": 0.7890498821071039, "test_spanlevel-macro_recall_seqavg": 0.7729277280386949, "test_spanlevel-macro_f1_seqavg": 0.7737932892410905, "test_spanlevel-micro_precision_spanwise": 0.845819849286516, "test_spanlevel-micro_recall_spanwise": 0.8217571490238157, "test_spanlevel-micro_f1_spanwise": 0.824009385710119, "test_spanlevel-micro_precision_seqavg": 0.8369794377785245, "test_spanlevel-micro_recall_seqavg": 0.8115317090317091, "test_spanlevel-micro_f1_seqavg": 0.8131985394642323, "test_spanlevel-ISG_precision_spanwise": 0.5928571428571429, "test_spanlevel-ISG_recall_spanwise": 0.5857142857142857, "test_spanlevel-ISG_f1_spanwise": 0.5833333333333333, "test_spanlevel-ISG_precision_seqavg": 0.6243701740144385, "test_spanlevel-ISG_recall_seqavg": 0.642946014580718, "test_spanlevel-ISG_f1_seqavg": 0.6279782002673912, "test_spanlevel-SG_precision_spanwise": 0.8055841865365675, "test_spanlevel-SG_recall_spanwise": 0.7799912095547017, "test_spanlevel-SG_f1_spanwise": 0.7821973309891955, "test_spanlevel-SG_precision_seqavg": 0.8090473315480795, "test_spanlevel-SG_recall_seqavg": 0.7809095570010255, "test_spanlevel-SG_f1_seqavg": 0.7824366398913042, "test_spanlevel-PG_precision_spanwise": 0.9351297405189621, "test_spanlevel-PG_recall_spanwise": 0.937125748502994, "test_spanlevel-PG_f1_spanwise": 0.9333333333333333, "test_spanlevel-PG_precision_seqavg": 0.9488307217527912, "test_spanlevel-PG_recall_seqavg": 0.9496101785862634, "test_spanlevel-PG_f1_seqavg": 0.947380272613965, "test_spanlevel-PI_precision_spanwise": 0.7516460905349794, "test_spanlevel-PI_recall_spanwise": 0.7171075837742504, "test_spanlevel-PI_f1_spanwise": 0.7272489284834963, "test_spanlevel-PI_precision_seqavg": 0.776560972559483, "test_spanlevel-PI_recall_seqavg": 0.7363464583919592, "test_spanlevel-PI_f1_seqavg": 0.747062050900095, "test_spanlevel-ORG_precision_spanwise": 0.7886189833558255, "test_spanlevel-ORG_recall_spanwise": 0.7582449714028661, "test_spanlevel-ORG_f1_spanwise": 0.7652008225692436, "test_spanlevel-ORG_precision_seqavg": 0.7864402106607268, "test_spanlevel-ORG_recall_seqavg": 0.7548264316335086, "test_spanlevel-ORG_f1_seqavg": 0.764109282532697, "test_spanlevel-macro_precision_relaxed": 0.8718416219612389, "test_spanlevel-macro_recall_relaxed": 0.8452511421559042, "test_spanlevel-macro_f1_relaxed": 0.9044901369631837, "test_spanlevel-micro_precision_relaxed": 0.8723998356773477, "test_spanlevel-micro_recall_relaxed": 0.844710136864899, "test_spanlevel-micro_f1_relaxed": 0.9043599167231778, "test_spanlevel-ISG_precision_relaxed": 0.8026315789473685, "test_spanlevel-ISG_recall_relaxed": 0.6704545454545454, "test_spanlevel-ISG_f1_relaxed": 0.9477411477411477, "test_spanlevel-SG_precision_relaxed": 0.9128787878787878, "test_spanlevel-SG_recall_relaxed": 0.8161827872502029, "test_spanlevel-SG_f1_relaxed": 0.9322221137557417, "test_spanlevel-PG_precision_relaxed": 0.9444444444444445, "test_spanlevel-PG_recall_relaxed": 0.9806451612903225, "test_spanlevel-PG_f1_relaxed": 0.9841892312480549, "test_spanlevel-PI_precision_relaxed": 0.7856020942408377, "test_spanlevel-PI_recall_relaxed": 0.8895175941862689, "test_spanlevel-PI_f1_relaxed": 0.9417589429988215, "test_spanlevel-ORG_precision_relaxed": 0.8659154437456323, "test_spanlevel-ORG_recall_relaxed": 0.8486401779395409, "test_spanlevel-ORG_f1_relaxed": 0.9236441330080987, "test_doclevel-micro_precision": 0.9569377990430622, "test_doclevel-micro_recall": 0.9523809523809523, "test_doclevel-micro_f1": 0.9546539379474941, "test_doclevel-ISG_precision": 0.8315789473684211, "test_doclevel-ISG_recall": 0.7181818181818181, "test_doclevel-ISG_f1": 0.7707317073170732, "test_doclevel-SG_precision": 0.94, "test_doclevel-SG_recall": 0.8801498127340824, "test_doclevel-SG_f1": 0.9090909090909091, "test_doclevel-PG_precision": 0.9622641509433962, "test_doclevel-PG_recall": 0.9870967741935484, "test_doclevel-PG_f1": 0.9745222929936306, "test_doclevel-PI_precision": 0.8167539267015707, "test_doclevel-PI_recall": 0.9397590361445783, "test_doclevel-PI_f1": 0.8739495798319328, "test_doclevel-ORG_precision": 0.9056603773584906, "test_doclevel-ORG_recall": 0.9171974522292994, "test_doclevel-ORG_f1": 0.9113924050632911, "test_wordlevel-macro_precision": 0.8818983244334057, "test_wordlevel-macro_recall": 0.8345060337814613, "test_wordlevel-macro_f1": 0.8552482496646564, "test_wordlevel-O_precision": 0.9748634521642098, "test_wordlevel-O_recall": 0.9873304782298359, "test_wordlevel-O_f1": 0.9810573598510595, "test_wordlevel-ISG_precision": 0.7720588235294118, "test_wordlevel-ISG_recall": 0.603448275862069, "test_wordlevel-ISG_f1": 0.6774193548387097, "test_wordlevel-SG_precision": 0.8914807302231237, "test_wordlevel-SG_recall": 0.759723422644771, "test_wordlevel-SG_f1": 0.8203453103126458, "test_wordlevel-PG_precision": 0.9442622950819672, "test_wordlevel-PG_recall": 0.9795918367346939, "test_wordlevel-PG_f1": 0.9616026711185308, "test_wordlevel-PI_precision": 0.8266384778012685, "test_wordlevel-PI_recall": 0.8631346578366446, "test_wordlevel-PI_f1": 0.8444924406047517, "test_wordlevel-ORG_precision": 0.8820861678004536, "test_wordlevel-ORG_recall": 0.8138075313807531, "test_wordlevel-ORG_f1": 0.8465723612622416, "test_runtime": 5.2338, "test_samples_per_second": 171.195, "test_steps_per_second": 2.675, "epoch": 5.0, "run_id": "rep04-step02"}
