{"test_loss": 0.20716269314289093, "test_seqeval-macro_precision": 0.7142992280770786, "test_seqeval-macro_recall": 0.7553406641253784, "test_seqeval-macro_f1": 0.731204926194746, "test_seqeval-micro_precision": 0.7002676181980375, "test_seqeval-micro_recall": 0.7584541062801933, "test_seqeval-micro_f1": 0.7282003710575139, "test_seqeval-SG_precision": 0.7017937219730942, "test_seqeval-SG_recall": 0.7671568627450981, "test_seqeval-SG_f1": 0.7330210772833724, "test_seqeval-ORG_precision": 0.6431718061674009, "test_seqeval-ORG_recall": 0.7336683417085427, "test_seqeval-ORG_f1": 0.6854460093896714, "test_seqeval-ISG_precision": 0.7040816326530612, "test_seqeval-ISG_recall": 0.5655737704918032, "test_seqeval-ISG_f1": 0.6272727272727273, "test_seqeval-PI_precision": 0.6938775510204082, "test_seqeval-PI_recall": 0.8133971291866029, "test_seqeval-PI_f1": 0.748898678414097, "test_seqeval-PG_precision": 0.8285714285714286, "test_seqeval-PG_recall": 0.8969072164948454, "test_seqeval-PG_f1": 0.8613861386138614, "test_spanlevel-macro_precision_spanwise": 0.7314662610061959, "test_spanlevel-macro_recall_spanwise": 0.7207520593724156, "test_spanlevel-macro_f1_spanwise": 0.7192246779118715, "test_spanlevel-macro_precision_seqavg": 0.7268161866452971, "test_spanlevel-macro_recall_seqavg": 0.7192918370244745, "test_spanlevel-macro_f1_seqavg": 0.7168599667600958, "test_spanlevel-micro_precision_spanwise": 0.8277547682766238, "test_spanlevel-micro_recall_spanwise": 0.8205717828339666, "test_spanlevel-micro_f1_spanwise": 0.8144082088067721, "test_spanlevel-micro_precision_seqavg": 0.831304844551399, "test_spanlevel-micro_recall_seqavg": 0.8232742061748849, "test_spanlevel-micro_f1_seqavg": 0.8173289734615828, "test_spanlevel-SG_precision_spanwise": 0.8050337873508605, "test_spanlevel-SG_recall_spanwise": 0.801962086829758, "test_spanlevel-SG_f1_spanwise": 0.7915605798144405, "test_spanlevel-SG_precision_seqavg": 0.8093411074926748, "test_spanlevel-SG_recall_seqavg": 0.8049209566433063, "test_spanlevel-SG_f1_seqavg": 0.796836248205901, "test_spanlevel-ORG_precision_spanwise": 0.6803695955369595, "test_spanlevel-ORG_recall_spanwise": 0.6724198047419805, "test_spanlevel-ORG_f1_spanwise": 0.6706314489787293, "test_spanlevel-ORG_precision_seqavg": 0.6949064381273808, "test_spanlevel-ORG_recall_seqavg": 0.6916072426743805, "test_spanlevel-ORG_f1_seqavg": 0.6852838534551062, "test_spanlevel-ISG_precision_spanwise": 0.564748201438849, "test_spanlevel-ISG_recall_spanwise": 0.5431654676258992, "test_spanlevel-ISG_f1_spanwise": 0.5455635491606715, "test_spanlevel-ISG_precision_seqavg": 0.5603759703396388, "test_spanlevel-ISG_recall_seqavg": 0.5389004273699224, "test_spanlevel-ISG_f1_seqavg": 0.5420708887955771, "test_spanlevel-PI_precision_spanwise": 0.7511612021857923, "test_spanlevel-PI_recall_spanwise": 0.7502561475409836, "test_spanlevel-PI_f1_spanwise": 0.745312256049961, "test_spanlevel-PI_precision_seqavg": 0.7185740991230262, "test_spanlevel-PI_recall_seqavg": 0.7142795441387707, "test_spanlevel-PI_f1_seqavg": 0.7119248076277338, "test_spanlevel-PG_precision_spanwise": 0.8560185185185185, "test_spanlevel-PG_recall_spanwise": 0.8359567901234569, "test_spanlevel-PG_f1_spanwise": 0.8430555555555556, "test_spanlevel-PG_precision_seqavg": 0.8508833181437652, "test_spanlevel-PG_recall_seqavg": 0.8467510142959921, "test_spanlevel-PG_f1_seqavg": 0.8481840357161607, "test_spanlevel-macro_precision_relaxed": 0.8317628042967232, "test_spanlevel-macro_recall_relaxed": 0.8604782552089609, "test_spanlevel-macro_f1_relaxed": 0.8877614856494036, "test_spanlevel-micro_precision_relaxed": 0.8307772187337285, "test_spanlevel-micro_recall_relaxed": 0.8598019486503017, "test_spanlevel-micro_f1_relaxed": 0.8868939262379071, "test_spanlevel-SG_precision_relaxed": 0.8457064354404182, "test_spanlevel-SG_recall_relaxed": 0.8832702041458468, "test_spanlevel-SG_f1_relaxed": 0.9189355515554155, "test_spanlevel-ORG_precision_relaxed": 0.7871904761904761, "test_spanlevel-ORG_recall_relaxed": 0.8535714285714284, "test_spanlevel-ORG_f1_relaxed": 0.8975782258676996, "test_spanlevel-ISG_precision_relaxed": 0.8297872340425532, "test_spanlevel-ISG_recall_relaxed": 0.6379310344827587, "test_spanlevel-ISG_f1_relaxed": 0.9333333333333333, "test_spanlevel-PI_precision_relaxed": 0.7832151300236406, "test_spanlevel-PI_recall_relaxed": 0.9022157996146435, "test_spanlevel-PI_f1_relaxed": 0.9242298764037894, "test_spanlevel-PG_precision_relaxed": 0.8856435643564357, "test_spanlevel-PG_recall_relaxed": 0.9503546099290779, "test_spanlevel-PG_f1_relaxed": 0.9748822605965464, "test_doclevel-micro_precision": 0.9620853080568721, "test_doclevel-micro_recall": 0.9682034976152624, "test_doclevel-micro_f1": 0.9651347068145801, "test_doclevel-SG_precision": 0.9044585987261147, "test_doclevel-SG_recall": 0.9372937293729373, "test_doclevel-SG_f1": 0.920583468395462, "test_doclevel-ORG_precision": 0.8685714285714285, "test_doclevel-ORG_recall": 0.9047619047619048, "test_doclevel-ORG_f1": 0.8862973760932944, "test_doclevel-ISG_precision": 0.8617021276595744, "test_doclevel-ISG_recall": 0.6982758620689655, "test_doclevel-ISG_f1": 0.7714285714285714, "test_doclevel-PI_precision": 0.8670212765957447, "test_doclevel-PI_recall": 0.9421965317919075, "test_doclevel-PI_f1": 0.9030470914127424, "test_doclevel-PG_precision": 0.900990099009901, "test_doclevel-PG_recall": 0.9680851063829787, "test_doclevel-PG_f1": 0.9333333333333335, "test_wordlevel-macro_precision": 0.8479213593786471, "test_wordlevel-macro_recall": 0.8390168463533008, "test_wordlevel-macro_f1": 0.8397073184500329, "test_wordlevel-O_precision": 0.9773263196081988, "test_wordlevel-O_recall": 0.9800521433335354, "test_wordlevel-O_f1": 0.978687333494793, "test_wordlevel-SG_precision": 0.8606492478226445, "test_wordlevel-SG_recall": 0.801622418879056, "test_wordlevel-SG_f1": 0.8300878197785415, "test_wordlevel-ORG_precision": 0.7775330396475771, "test_wordlevel-ORG_recall": 0.8364928909952607, "test_wordlevel-ORG_f1": 0.8059360730593608, "test_wordlevel-ISG_precision": 0.7971014492753623, "test_wordlevel-ISG_recall": 0.582010582010582, "test_wordlevel-ISG_f1": 0.672782874617737, "test_wordlevel-PI_precision": 0.7992424242424242, "test_wordlevel-PI_recall": 0.8865546218487395, "test_wordlevel-PI_f1": 0.8406374501992031, "test_wordlevel-PG_precision": 0.8756756756756757, "test_wordlevel-PG_recall": 0.9473684210526315, "test_wordlevel-PG_f1": 0.9101123595505618, "test_runtime": 8.8553, "test_samples_per_second": 99.263, "test_steps_per_second": 1.581, "epoch": 6.0}