{"test_loss": 0.14177392423152924, "test_seqeval-macro_precision": 0.732804966646853, "test_seqeval-macro_recall": 0.7765579314008912, "test_seqeval-macro_f1": 0.7532211509038118, "test_seqeval-micro_precision": 0.7360084477296727, "test_seqeval-micro_recall": 0.780515117581187, "test_seqeval-micro_f1": 0.7576086956521738, "test_seqeval-ISG_precision": 0.7184466019417476, "test_seqeval-ISG_recall": 0.7551020408163265, "test_seqeval-ISG_f1": 0.736318407960199, "test_seqeval-SG_precision": 0.7372448979591837, "test_seqeval-SG_recall": 0.8072625698324022, "test_seqeval-SG_f1": 0.7706666666666667, "test_seqeval-PG_precision": 0.7083333333333334, "test_seqeval-PG_recall": 0.8333333333333334, "test_seqeval-PG_f1": 0.7657657657657657, "test_seqeval-PI_precision": 0.7469879518072289, "test_seqeval-PI_recall": 0.7560975609756098, "test_seqeval-PI_f1": 0.7515151515151515, "test_seqeval-ORG_precision": 0.7530120481927711, "test_seqeval-ORG_recall": 0.7309941520467836, "test_seqeval-ORG_f1": 0.741839762611276, "test_spanlevel-macro_precision_spanwise": 0.7724722918644095, "test_spanlevel-macro_recall_spanwise": 0.7627981142474038, "test_spanlevel-macro_f1_spanwise": 0.7627069225255488, "test_spanlevel-macro_precision_seqavg": 0.7872253817980825, "test_spanlevel-macro_recall_seqavg": 0.7791639707099914, "test_spanlevel-macro_f1_seqavg": 0.7787367293025411, "test_spanlevel-micro_precision_spanwise": 0.854381800082437, "test_spanlevel-micro_recall_spanwise": 0.8487091651947402, "test_spanlevel-micro_f1_spanwise": 0.8453280245809895, "test_spanlevel-micro_precision_seqavg": 0.8520821021864426, "test_spanlevel-micro_recall_seqavg": 0.8462296716126628, "test_spanlevel-micro_f1_seqavg": 0.8421656718726014, "test_spanlevel-ISG_precision_spanwise": 0.6352459016393442, "test_spanlevel-ISG_recall_spanwise": 0.6243169398907104, "test_spanlevel-ISG_f1_spanwise": 0.6256830601092896, "test_spanlevel-ISG_precision_seqavg": 0.6960902418289533, "test_spanlevel-ISG_recall_seqavg": 0.6813152616057143, "test_spanlevel-ISG_f1_seqavg": 0.6850967017283895, "test_spanlevel-SG_precision_spanwise": 0.8521961852670514, "test_spanlevel-SG_recall_spanwise": 0.8508908148787722, "test_spanlevel-SG_f1_spanwise": 0.8437581556841214, "test_spanlevel-SG_precision_seqavg": 0.8586463545510652, "test_spanlevel-SG_recall_seqavg": 0.8572566916815366, "test_spanlevel-SG_f1_seqavg": 0.852312974495027, "test_spanlevel-PG_precision_spanwise": 0.9276729559748429, "test_spanlevel-PG_recall_spanwise": 0.9119496855345912, "test_spanlevel-PG_f1_spanwise": 0.9176100628930818, "test_spanlevel-PG_precision_seqavg": 0.9249006428481856, "test_spanlevel-PG_recall_seqavg": 0.9033744300058906, "test_spanlevel-PG_f1_seqavg": 0.9109852063459974, "test_spanlevel-PI_precision_spanwise": 0.7238607270865335, "test_spanlevel-PI_recall_spanwise": 0.7226446492575525, "test_spanlevel-PI_f1_spanwise": 0.7188543137467868, "test_spanlevel-PI_precision_seqavg": 0.7299133749552559, "test_spanlevel-PI_recall_seqavg": 0.7363182406478548, "test_spanlevel-PI_f1_seqavg": 0.7297576001556871, "test_spanlevel-ORG_precision_spanwise": 0.7233856893542757, "test_spanlevel-ORG_recall_spanwise": 0.7041884816753927, "test_spanlevel-ORG_f1_spanwise": 0.7076290201944652, "test_spanlevel-ORG_precision_seqavg": 0.7265762948069531, "test_spanlevel-ORG_recall_seqavg": 0.7175552296089609, "test_spanlevel-ORG_f1_seqavg": 0.7155311637876047, "test_spanlevel-macro_precision_relaxed": 0.8741980643943995, "test_spanlevel-macro_recall_relaxed": 0.8712727008787662, "test_spanlevel-macro_f1_relaxed": 0.9107846737028086, "test_spanlevel-micro_precision_relaxed": 0.872925522218716, "test_spanlevel-micro_recall_relaxed": 0.8719371606753502, "test_spanlevel-micro_f1_relaxed": 0.9108226184850676, "test_spanlevel-ISG_precision_relaxed": 0.7653061224489796, "test_spanlevel-ISG_recall_relaxed": 0.780701754385965, "test_spanlevel-ISG_f1_relaxed": 0.9736842105263158, "test_spanlevel-SG_precision_relaxed": 0.8980394966525105, "test_spanlevel-SG_recall_relaxed": 0.9173875288821266, "test_spanlevel-SG_f1_relaxed": 0.9363125644147994, "test_spanlevel-PG_precision_relaxed": 0.9450354609929079, "test_spanlevel-PG_recall_relaxed": 0.9609929078014184, "test_spanlevel-PG_f1_relaxed": 0.9659420289855073, "test_spanlevel-PI_precision_relaxed": 0.8189954814042405, "test_spanlevel-PI_recall_relaxed": 0.847014652014652, "test_spanlevel-PI_f1_relaxed": 0.9433848750228061, "test_spanlevel-ORG_precision_relaxed": 0.8635802469135803, "test_spanlevel-ORG_recall_relaxed": 0.7876157407407408, "test_spanlevel-ORG_f1_relaxed": 0.9350875937652797, "test_doclevel-micro_precision": 0.9650959860383944, "test_doclevel-micro_recall": 0.9550949913644214, "test_doclevel-micro_f1": 0.9600694444444445, "test_doclevel-ISG_precision": 0.7857142857142857, "test_doclevel-ISG_recall": 0.8105263157894737, "test_doclevel-ISG_f1": 0.7979274611398963, "test_doclevel-SG_precision": 0.9554794520547946, "test_doclevel-SG_recall": 0.9489795918367347, "test_doclevel-SG_f1": 0.9522184300341298, "test_doclevel-PG_precision": 0.9787234042553191, "test_doclevel-PG_recall": 0.9787234042553191, "test_doclevel-PG_f1": 0.9787234042553191, "test_doclevel-PI_precision": 0.8540145985401459, "test_doclevel-PI_recall": 0.9, "test_doclevel-PI_f1": 0.8764044943820224, "test_doclevel-ORG_precision": 0.8962962962962963, "test_doclevel-ORG_recall": 0.8402777777777778, "test_doclevel-ORG_f1": 0.867383512544803, "test_wordlevel-macro_precision": 0.8733244244519681, "test_wordlevel-macro_recall": 0.8463570530960345, "test_wordlevel-macro_f1": 0.8593319832701892, "test_wordlevel-O_precision": 0.983569209527097, "test_wordlevel-O_recall": 0.9875918480521281, "test_wordlevel-O_f1": 0.985576424198402, "test_wordlevel-ISG_precision": 0.7692307692307693, "test_wordlevel-ISG_recall": 0.7246376811594203, "test_wordlevel-ISG_f1": 0.7462686567164178, "test_wordlevel-SG_precision": 0.887620719929763, "test_wordlevel-SG_recall": 0.887620719929763, "test_wordlevel-SG_f1": 0.887620719929763, "test_wordlevel-PG_precision": 0.9310344827586207, "test_wordlevel-PG_recall": 0.9310344827586207, "test_wordlevel-PG_f1": 0.9310344827586207, "test_wordlevel-PI_precision": 0.8240469208211144, "test_wordlevel-PI_recall": 0.7762430939226519, "test_wordlevel-PI_f1": 0.7994310099573257, "test_wordlevel-ORG_precision": 0.8444444444444444, "test_wordlevel-ORG_recall": 0.7710144927536232, "test_wordlevel-ORG_f1": 0.8060606060606061, "test_runtime": 4.6361, "test_samples_per_second": 174.717, "test_steps_per_second": 2.804, "epoch": 4.0, "run_id": "rep01-step03"}
