{"test_loss": 0.11839763075113297, "test_seqeval-macro_precision": 0.8135557867517704, "test_seqeval-macro_recall": 0.808521066022392, "test_seqeval-macro_f1": 0.8100931286463704, "test_seqeval-micro_precision": 0.8172983479105929, "test_seqeval-micro_recall": 0.81256038647343, "test_seqeval-micro_f1": 0.814922480620155, "test_seqeval-ISG_precision": 0.7663551401869159, "test_seqeval-ISG_recall": 0.6721311475409836, "test_seqeval-ISG_f1": 0.7161572052401747, "test_seqeval-SG_precision": 0.8553299492385786, "test_seqeval-SG_recall": 0.8259803921568627, "test_seqeval-SG_f1": 0.8403990024937655, "test_seqeval-PG_precision": 0.8888888888888888, "test_seqeval-PG_recall": 0.9072164948453608, "test_seqeval-PG_f1": 0.8979591836734694, "test_seqeval-PI_precision": 0.7990654205607477, "test_seqeval-PI_recall": 0.8181818181818182, "test_seqeval-PI_f1": 0.8085106382978723, "test_seqeval-ORG_precision": 0.7581395348837209, "test_seqeval-ORG_recall": 0.8190954773869347, "test_seqeval-ORG_f1": 0.78743961352657, "test_spanlevel-macro_precision_spanwise": 0.8143782117667916, "test_spanlevel-macro_recall_spanwise": 0.8081814965854323, "test_spanlevel-macro_f1_spanwise": 0.80583620288994, "test_spanlevel-macro_precision_seqavg": 0.8284913462501869, "test_spanlevel-macro_recall_seqavg": 0.824731909095787, "test_spanlevel-macro_f1_seqavg": 0.8222873319004347, "test_spanlevel-micro_precision_spanwise": 0.8820459602702594, "test_spanlevel-micro_recall_spanwise": 0.8764850569990758, "test_spanlevel-micro_f1_spanwise": 0.8725803865027367, "test_spanlevel-micro_precision_seqavg": 0.8828827899531024, "test_spanlevel-micro_recall_seqavg": 0.8780965735653237, "test_spanlevel-micro_f1_seqavg": 0.8727241002028322, "test_spanlevel-ISG_precision_spanwise": 0.6414868105515588, "test_spanlevel-ISG_recall_spanwise": 0.6247002398081535, "test_spanlevel-ISG_f1_spanwise": 0.6280575539568345, "test_spanlevel-ISG_precision_seqavg": 0.6838948795999584, "test_spanlevel-ISG_recall_seqavg": 0.6746872695488451, "test_spanlevel-ISG_f1_seqavg": 0.6767226681839704, "test_spanlevel-SG_precision_spanwise": 0.8716541262969835, "test_spanlevel-SG_recall_spanwise": 0.8703876678876679, "test_spanlevel-SG_f1_spanwise": 0.865221836355947, "test_spanlevel-SG_precision_seqavg": 0.8931780881093302, "test_spanlevel-SG_recall_seqavg": 0.889851370597894, "test_spanlevel-SG_f1_seqavg": 0.8877531530071284, "test_spanlevel-PG_precision_spanwise": 0.9215686274509803, "test_spanlevel-PG_recall_spanwise": 0.9003267973856208, "test_spanlevel-PG_f1_spanwise": 0.9084967320261438, "test_spanlevel-PG_precision_seqavg": 0.9355498626483163, "test_spanlevel-PG_recall_seqavg": 0.9280568671649279, "test_spanlevel-PG_f1_seqavg": 0.9309746964543609, "test_spanlevel-PI_precision_spanwise": 0.8313745563745564, "test_spanlevel-PI_recall_spanwise": 0.8460960960960962, "test_spanlevel-PI_f1_spanwise": 0.8301433301433302, "test_spanlevel-PI_precision_seqavg": 0.8265343571064647, "test_spanlevel-PI_recall_seqavg": 0.8242948642893566, "test_spanlevel-PI_f1_seqavg": 0.8163164873682092, "test_spanlevel-ORG_precision_spanwise": 0.8058069381598792, "test_spanlevel-ORG_recall_spanwise": 0.799396681749623, "test_spanlevel-ORG_f1_spanwise": 0.7972615619674441, "test_spanlevel-ORG_precision_seqavg": 0.8032995437868654, "test_spanlevel-ORG_recall_seqavg": 0.8067691738779114, "test_spanlevel-ORG_f1_seqavg": 0.7996696544885036, "test_spanlevel-macro_precision_relaxed": 0.9039528098898052, "test_spanlevel-macro_recall_relaxed": 0.8810496339908106, "test_spanlevel-macro_f1_relaxed": 0.9277820595474484, "test_spanlevel-micro_precision_relaxed": 0.903729191289773, "test_spanlevel-micro_recall_relaxed": 0.8811284943637888, "test_spanlevel-micro_f1_relaxed": 0.9274992572763181, "test_spanlevel-ISG_precision_relaxed": 0.8562091503267973, "test_spanlevel-ISG_recall_relaxed": 0.7183908045977011, "test_spanlevel-ISG_f1_relaxed": 0.9591942148760331, "test_spanlevel-SG_precision_relaxed": 0.9350687518776255, "test_spanlevel-SG_recall_relaxed": 0.8981850199671981, "test_spanlevel-SG_f1_relaxed": 0.9549922736036724, "test_spanlevel-PG_precision_relaxed": 0.9479166666666666, "test_spanlevel-PG_recall_relaxed": 0.9476950354609929, "test_spanlevel-PG_f1_relaxed": 0.9874411302982732, "test_spanlevel-PI_precision_relaxed": 0.8777895231383603, "test_spanlevel-PI_recall_relaxed": 0.9014932562620422, "test_spanlevel-PI_f1_relaxed": 0.9460629233963088, "test_spanlevel-ORG_precision_relaxed": 0.869670542635659, "test_spanlevel-ORG_recall_relaxed": 0.9022817460317459, "test_spanlevel-ORG_f1_relaxed": 0.9466638134320218, "test_doclevel-micro_precision": 0.9822294022617124, "test_doclevel-micro_recall": 0.9666136724960255, "test_doclevel-micro_f1": 0.9743589743589743, "test_doclevel-ISG_precision": 0.8627450980392157, "test_doclevel-ISG_recall": 0.7586206896551724, "test_doclevel-ISG_f1": 0.8073394495412843, "test_doclevel-SG_precision": 0.9658703071672355, "test_doclevel-SG_recall": 0.933993399339934, "test_doclevel-SG_f1": 0.9496644295302014, "test_doclevel-PG_precision": 0.9479166666666666, "test_doclevel-PG_recall": 0.9680851063829787, "test_doclevel-PG_f1": 0.9578947368421052, "test_doclevel-PI_precision": 0.936046511627907, "test_doclevel-PI_recall": 0.930635838150289, "test_doclevel-PI_f1": 0.9333333333333332, "test_doclevel-ORG_precision": 0.9127906976744186, "test_doclevel-ORG_recall": 0.9345238095238095, "test_doclevel-ORG_f1": 0.9235294117647058, "test_wordlevel-macro_precision": 0.9150287766176217, "test_wordlevel-macro_recall": 0.8807139776168232, "test_wordlevel-macro_f1": 0.8960917775961716, "test_wordlevel-O_precision": 0.9827047802065818, "test_wordlevel-O_recall": 0.9921784999696841, "test_wordlevel-O_f1": 0.9874189168803742, "test_wordlevel-ISG_precision": 0.8589743589743589, "test_wordlevel-ISG_recall": 0.708994708994709, "test_wordlevel-ISG_f1": 0.7768115942028986, "test_wordlevel-SG_precision": 0.9502487562189055, "test_wordlevel-SG_recall": 0.8451327433628318, "test_wordlevel-SG_f1": 0.8946135831381734, "test_wordlevel-PG_precision": 0.9526627218934911, "test_wordlevel-PG_recall": 0.9415204678362573, "test_wordlevel-PG_f1": 0.9470588235294118, "test_wordlevel-PI_precision": 0.8831967213114754, "test_wordlevel-PI_recall": 0.9054621848739496, "test_wordlevel-PI_f1": 0.8941908713692946, "test_wordlevel-ORG_precision": 0.8623853211009175, "test_wordlevel-ORG_recall": 0.8909952606635071, "test_wordlevel-ORG_f1": 0.8764568764568764, "test_runtime": 5.0367, "test_samples_per_second": 174.521, "test_steps_per_second": 2.78, "epoch": 6.0, "run_id": "rep05-step06"}
