{"test_loss": 0.1439562886953354, "test_seqeval-macro_precision": 0.721580074009739, "test_seqeval-macro_recall": 0.8112445460333303, "test_seqeval-macro_f1": 0.7609265389581829, "test_seqeval-micro_precision": 0.7263513513513513, "test_seqeval-micro_recall": 0.8067542213883677, "test_seqeval-micro_f1": 0.7644444444444444, "test_seqeval-PI_precision": 0.6278195488721805, "test_seqeval-PI_recall": 0.835, "test_seqeval-PI_f1": 0.7167381974248926, "test_seqeval-ISG_precision": 0.5838509316770186, "test_seqeval-ISG_recall": 0.7642276422764228, "test_seqeval-ISG_f1": 0.6619718309859156, "test_seqeval-PG_precision": 0.8705882352941177, "test_seqeval-PG_recall": 0.9192546583850931, "test_seqeval-PG_f1": 0.8942598187311178, "test_seqeval-SG_precision": 0.7867036011080333, "test_seqeval-SG_recall": 0.7955182072829131, "test_seqeval-SG_f1": 0.7910863509749304, "test_seqeval-ORG_precision": 0.7389380530973452, "test_seqeval-ORG_recall": 0.7422222222222222, "test_seqeval-ORG_f1": 0.7405764966740577, "test_spanlevel-macro_precision_spanwise": 0.7667553491398259, "test_spanlevel-macro_recall_spanwise": 0.763340945973239, "test_spanlevel-macro_f1_spanwise": 0.7588340167543388, "test_spanlevel-macro_precision_seqavg": 0.7811372153272336, "test_spanlevel-macro_recall_seqavg": 0.7764793427646495, "test_spanlevel-macro_f1_seqavg": 0.7726520349042378, "test_spanlevel-micro_precision_spanwise": 0.8488840248102798, "test_spanlevel-micro_recall_spanwise": 0.8496200137701432, "test_spanlevel-micro_f1_spanwise": 0.8410545733899865, "test_spanlevel-micro_precision_seqavg": 0.8433030297277728, "test_spanlevel-micro_recall_seqavg": 0.8438241059475998, "test_spanlevel-micro_f1_seqavg": 0.8354334592425614, "test_spanlevel-PI_precision_spanwise": 0.7176394293125811, "test_spanlevel-PI_recall_spanwise": 0.7023624235686493, "test_spanlevel-PI_f1_spanwise": 0.7051643859815067, "test_spanlevel-PI_precision_seqavg": 0.7070811513872652, "test_spanlevel-PI_recall_seqavg": 0.6879028280118998, "test_spanlevel-PI_f1_seqavg": 0.6933000874298757, "test_spanlevel-ISG_precision_spanwise": 0.5712909441233142, "test_spanlevel-ISG_recall_spanwise": 0.5712909441233142, "test_spanlevel-ISG_f1_spanwise": 0.5664739884393064, "test_spanlevel-ISG_precision_seqavg": 0.6257652374710939, "test_spanlevel-ISG_recall_seqavg": 0.6278835158925546, "test_spanlevel-ISG_f1_seqavg": 0.6192927926218468, "test_spanlevel-PG_precision_spanwise": 0.9255952380952381, "test_spanlevel-PG_recall_spanwise": 0.9365079365079364, "test_spanlevel-PG_f1_spanwise": 0.9277777777777778, "test_spanlevel-PG_precision_seqavg": 0.9524028570619915, "test_spanlevel-PG_recall_seqavg": 0.955482326489636, "test_spanlevel-PG_f1_seqavg": 0.9516884884562588, "test_spanlevel-SG_precision_spanwise": 0.8172883242506405, "test_spanlevel-SG_recall_spanwise": 0.8180103678150553, "test_spanlevel-SG_f1_spanwise": 0.807979367753085, "test_spanlevel-SG_precision_seqavg": 0.8252349670518377, "test_spanlevel-SG_recall_seqavg": 0.8314257165857403, "test_spanlevel-SG_f1_seqavg": 0.8200740090045062, "test_spanlevel-ORG_precision_spanwise": 0.8019628099173554, "test_spanlevel-ORG_recall_spanwise": 0.7885330578512396, "test_spanlevel-ORG_f1_spanwise": 0.7867745638200183, "test_spanlevel-ORG_precision_seqavg": 0.7952018636639794, "test_spanlevel-ORG_recall_seqavg": 0.7797023268434161, "test_spanlevel-ORG_f1_seqavg": 0.7789047970087016, "test_spanlevel-macro_precision_relaxed": 0.8279040250539172, "test_spanlevel-macro_recall_relaxed": 0.9009112096016856, "test_spanlevel-macro_f1_relaxed": 0.8989099774429666, "test_spanlevel-micro_precision_relaxed": 0.8277664103750182, "test_spanlevel-micro_recall_relaxed": 0.9013587404658833, "test_spanlevel-micro_f1_relaxed": 0.8998522307076511, "test_spanlevel-PI_precision_relaxed": 0.740415291529153, "test_spanlevel-PI_recall_relaxed": 0.9237880091795755, "test_spanlevel-PI_f1_relaxed": 0.9393750420218597, "test_spanlevel-ISG_precision_relaxed": 0.6413043478260869, "test_spanlevel-ISG_recall_relaxed": 0.8295454545454546, "test_spanlevel-ISG_f1_relaxed": 0.9275187969924811, "test_spanlevel-PG_precision_relaxed": 0.9365828092243188, "test_spanlevel-PG_recall_relaxed": 0.9838709677419355, "test_spanlevel-PG_f1_relaxed": 0.9810768751945224, "test_spanlevel-SG_precision_relaxed": 0.8839669997758233, "test_spanlevel-SG_recall_relaxed": 0.8804950251579465, "test_spanlevel-SG_f1_relaxed": 0.9349782172673375, "test_spanlevel-ORG_precision_relaxed": 0.8762175324675324, "test_spanlevel-ORG_recall_relaxed": 0.8569002123142251, "test_spanlevel-ORG_f1_relaxed": 0.9183360953086065, "test_doclevel-micro_precision": 0.9480122324159022, "test_doclevel-micro_recall": 0.9841269841269841, "test_doclevel-micro_f1": 0.9657320872274143, "test_doclevel-PI_precision": 0.7871287128712872, "test_doclevel-PI_recall": 0.9578313253012049, "test_doclevel-PI_f1": 0.8641304347826088, "test_doclevel-ISG_precision": 0.6956521739130435, "test_doclevel-ISG_recall": 0.8727272727272727, "test_doclevel-ISG_f1": 0.7741935483870968, "test_doclevel-PG_precision": 0.9622641509433962, "test_doclevel-PG_recall": 0.9870967741935484, "test_doclevel-PG_f1": 0.9745222929936306, "test_doclevel-SG_precision": 0.9318181818181818, "test_doclevel-SG_recall": 0.9213483146067416, "test_doclevel-SG_f1": 0.9265536723163842, "test_doclevel-ORG_precision": 0.935064935064935, "test_doclevel-ORG_recall": 0.9171974522292994, "test_doclevel-ORG_f1": 0.9260450160771704, "test_wordlevel-macro_precision": 0.8455242205752985, "test_wordlevel-macro_recall": 0.8938305210295182, "test_wordlevel-macro_f1": 0.8669552897754556, "test_wordlevel-O_precision": 0.9875560873466945, "test_wordlevel-O_recall": 0.9818581965262907, "test_wordlevel-O_f1": 0.9846988993945179, "test_wordlevel-PI_precision": 0.7746741154562383, "test_wordlevel-PI_recall": 0.9183222958057395, "test_wordlevel-PI_f1": 0.8404040404040405, "test_wordlevel-ISG_precision": 0.6330275229357798, "test_wordlevel-ISG_recall": 0.7931034482758621, "test_wordlevel-ISG_f1": 0.7040816326530613, "test_wordlevel-PG_precision": 0.932258064516129, "test_wordlevel-PG_recall": 0.9829931972789115, "test_wordlevel-PG_f1": 0.956953642384106, "test_wordlevel-SG_precision": 0.877208480565371, "test_wordlevel-SG_recall": 0.8582541054451167, "test_wordlevel-SG_f1": 0.8676277850589778, "test_wordlevel-ORG_precision": 0.868421052631579, "test_wordlevel-ORG_recall": 0.8284518828451883, "test_wordlevel-ORG_f1": 0.8479657387580299, "test_runtime": 5.5152, "test_samples_per_second": 162.46, "test_steps_per_second": 2.538, "epoch": 7.0, "run_id": "rep04-step03"}
