{"test_loss": 0.16202475130558014, "test_seqeval-macro_precision": 0.7703942273554343, "test_seqeval-macro_recall": 0.826659060985126, "test_seqeval-macro_f1": 0.7968314931692528, "test_seqeval-micro_precision": 0.7699711260827719, "test_seqeval-micro_recall": 0.8213552361396304, "test_seqeval-micro_f1": 0.7948335817188276, "test_seqeval-SG_precision": 0.7666666666666667, "test_seqeval-SG_recall": 0.7723880597014925, "test_seqeval-SG_f1": 0.7695167286245354, "test_seqeval-ORG_precision": 0.7142857142857143, "test_seqeval-ORG_recall": 0.7671957671957672, "test_seqeval-ORG_f1": 0.739795918367347, "test_seqeval-ISG_precision": 0.703125, "test_seqeval-ISG_recall": 0.8333333333333334, "test_seqeval-ISG_f1": 0.7627118644067796, "test_seqeval-PI_precision": 0.7827586206896552, "test_seqeval-PI_recall": 0.8631178707224335, "test_seqeval-PI_f1": 0.8209764918625679, "test_seqeval-PG_precision": 0.8851351351351351, "test_seqeval-PG_recall": 0.8972602739726028, "test_seqeval-PG_f1": 0.891156462585034, "test_spanlevel-macro_precision_spanwise": 0.8010989654988631, "test_spanlevel-macro_recall_spanwise": 0.8028608163847266, "test_spanlevel-macro_f1_spanwise": 0.7963448137528913, "test_spanlevel-macro_precision_seqavg": 0.7941345100096546, "test_spanlevel-macro_recall_seqavg": 0.7949269552242136, "test_spanlevel-macro_f1_seqavg": 0.7899893329151366, "test_spanlevel-micro_precision_spanwise": 0.8635047001409766, "test_spanlevel-micro_recall_spanwise": 0.8673796852539655, "test_spanlevel-micro_f1_spanwise": 0.8577763445520195, "test_spanlevel-micro_precision_seqavg": 0.8566967291967292, "test_spanlevel-micro_recall_seqavg": 0.8619485858585858, "test_spanlevel-micro_f1_seqavg": 0.8509852966669093, "test_spanlevel-SG_precision_spanwise": 0.8284668871816759, "test_spanlevel-SG_recall_spanwise": 0.8317345995162897, "test_spanlevel-SG_f1_spanwise": 0.8181217148782421, "test_spanlevel-SG_precision_seqavg": 0.8182788350252549, "test_spanlevel-SG_recall_seqavg": 0.8155332236809574, "test_spanlevel-SG_f1_seqavg": 0.806764883358873, "test_spanlevel-ORG_precision_spanwise": 0.7291355256601894, "test_spanlevel-ORG_recall_spanwise": 0.7311178731582318, "test_spanlevel-ORG_f1_spanwise": 0.7242708608838917, "test_spanlevel-ORG_precision_seqavg": 0.7806148877557542, "test_spanlevel-ORG_recall_seqavg": 0.7836929278169829, "test_spanlevel-ORG_f1_seqavg": 0.7770350915026251, "test_spanlevel-ISG_precision_spanwise": 0.7011278195488722, "test_spanlevel-ISG_recall_spanwise": 0.6948621553884711, "test_spanlevel-ISG_f1_spanwise": 0.6958646616541353, "test_spanlevel-ISG_precision_seqavg": 0.6335364331837796, "test_spanlevel-ISG_recall_seqavg": 0.6351479716796268, "test_spanlevel-ISG_f1_seqavg": 0.6338385965902154, "test_spanlevel-PI_precision_spanwise": 0.8192090395480227, "test_spanlevel-PI_recall_spanwise": 0.8220338983050848, "test_spanlevel-PI_f1_spanwise": 0.8157155085968645, "test_spanlevel-PI_precision_seqavg": 0.8078489669190652, "test_spanlevel-PI_recall_seqavg": 0.8069367867197672, "test_spanlevel-PI_f1_seqavg": 0.803454356937551, "test_spanlevel-PG_precision_spanwise": 0.9275555555555555, "test_spanlevel-PG_recall_spanwise": 0.9345555555555556, "test_spanlevel-PG_f1_spanwise": 0.9277513227513229, "test_spanlevel-PG_precision_seqavg": 0.9303934271644196, "test_spanlevel-PG_recall_seqavg": 0.9333238662237339, "test_spanlevel-PG_f1_seqavg": 0.9288537361864186, "test_spanlevel-macro_precision_relaxed": 0.8600095214439475, "test_spanlevel-macro_recall_relaxed": 0.9047999199679871, "test_spanlevel-macro_f1_relaxed": 0.927201720633961, "test_spanlevel-micro_precision_relaxed": 0.8579922172545122, "test_spanlevel-micro_recall_relaxed": 0.9047135520875015, "test_spanlevel-micro_f1_relaxed": 0.9255275830926208, "test_spanlevel-SG_precision_relaxed": 0.8998575805447843, "test_spanlevel-SG_recall_relaxed": 0.8793023255813954, "test_spanlevel-SG_f1_relaxed": 0.9326183765333804, "test_spanlevel-ORG_precision_relaxed": 0.8088624338624338, "test_spanlevel-ORG_recall_relaxed": 0.8813763861709067, "test_spanlevel-ORG_f1_relaxed": 0.9378955088001877, "test_spanlevel-ISG_precision_relaxed": 0.7470238095238094, "test_spanlevel-ISG_recall_relaxed": 0.881076388888889, "test_spanlevel-ISG_f1_relaxed": 0.9594273038919138, "test_spanlevel-PI_precision_relaxed": 0.858044733044733, "test_spanlevel-PI_recall_relaxed": 0.9367424242424243, "test_spanlevel-PI_f1_relaxed": 0.9492018827733113, "test_spanlevel-PG_precision_relaxed": 0.9577937649880095, "test_spanlevel-PG_recall_relaxed": 0.9662470023980816, "test_spanlevel-PG_f1_relaxed": 0.9784722222222222, "test_doclevel-micro_precision": 0.9508196721311475, "test_doclevel-micro_recall": 0.9747899159663865, "test_doclevel-micro_f1": 0.9626556016597511, "test_doclevel-SG_precision": 0.943127962085308, "test_doclevel-SG_recall": 0.9255813953488372, "test_doclevel-SG_f1": 0.9342723004694835, "test_doclevel-ORG_precision": 0.8636363636363636, "test_doclevel-ORG_recall": 0.910958904109589, "test_doclevel-ORG_f1": 0.8866666666666667, "test_doclevel-ISG_precision": 0.7857142857142857, "test_doclevel-ISG_recall": 0.9166666666666666, "test_doclevel-ISG_f1": 0.8461538461538461, "test_doclevel-PI_precision": 0.9134199134199135, "test_doclevel-PI_recall": 0.9590909090909091, "test_doclevel-PI_f1": 0.9356984478935699, "test_doclevel-PG_precision": 0.9784172661870504, "test_doclevel-PG_recall": 0.9784172661870504, "test_doclevel-PG_f1": 0.9784172661870504, "test_wordlevel-macro_precision": 0.8692109792870334, "test_wordlevel-macro_recall": 0.9055444648901783, "test_wordlevel-macro_f1": 0.8864584775850233, "test_wordlevel-O_precision": 0.9893815201192251, "test_wordlevel-O_recall": 0.9835792332860053, "test_wordlevel-O_f1": 0.9864718447203047, "test_wordlevel-SG_precision": 0.8490813648293963, "test_wordlevel-SG_recall": 0.8490813648293963, "test_wordlevel-SG_f1": 0.8490813648293963, "test_wordlevel-ORG_precision": 0.8128898128898129, "test_wordlevel-ORG_recall": 0.8537117903930131, "test_wordlevel-ORG_f1": 0.832800851970181, "test_wordlevel-ISG_precision": 0.7647058823529411, "test_wordlevel-ISG_recall": 0.8773006134969326, "test_wordlevel-ISG_f1": 0.8171428571428572, "test_wordlevel-PI_precision": 0.8543543543543544, "test_wordlevel-PI_recall": 0.917741935483871, "test_wordlevel-PI_f1": 0.8849144634525661, "test_wordlevel-PG_precision": 0.9448529411764706, "test_wordlevel-PG_recall": 0.9518518518518518, "test_wordlevel-PG_f1": 0.948339483394834, "test_runtime": 8.3652, "test_samples_per_second": 104.719, "test_steps_per_second": 1.674, "epoch": 6.0}