{"test_loss": 0.1101059541106224, "test_seqeval-macro_precision": 0.7758728777353104, "test_seqeval-macro_recall": 0.8262605894410182, "test_seqeval-macro_f1": 0.7997116981771046, "test_seqeval-micro_precision": 0.7790948275862069, "test_seqeval-micro_recall": 0.8329493087557603, "test_seqeval-micro_f1": 0.8051224944320714, "test_seqeval-SG_precision": 0.8134920634920635, "test_seqeval-SG_recall": 0.8232931726907631, "test_seqeval-SG_f1": 0.8183632734530938, "test_seqeval-ORG_precision": 0.6940639269406392, "test_seqeval-ORG_recall": 0.8128342245989305, "test_seqeval-ORG_f1": 0.7487684729064038, "test_seqeval-ISG_precision": 0.7088607594936709, "test_seqeval-ISG_recall": 0.7466666666666667, "test_seqeval-ISG_f1": 0.7272727272727272, "test_seqeval-PI_precision": 0.7488372093023256, "test_seqeval-PI_recall": 0.817258883248731, "test_seqeval-PI_f1": 0.7815533980582524, "test_seqeval-PG_precision": 0.9141104294478528, "test_seqeval-PG_recall": 0.93125, "test_seqeval-PG_f1": 0.9226006191950465, "test_spanlevel-macro_precision_spanwise": 0.8209303423694199, "test_spanlevel-macro_recall_spanwise": 0.8227442338387891, "test_spanlevel-macro_f1_spanwise": 0.8160321297912996, "test_spanlevel-macro_precision_seqavg": 0.802642028502867, "test_spanlevel-macro_recall_seqavg": 0.8029478970775232, "test_spanlevel-macro_f1_seqavg": 0.7975967589778906, "test_spanlevel-micro_precision_spanwise": 0.8689306104523495, "test_spanlevel-micro_recall_spanwise": 0.8718376701800615, "test_spanlevel-micro_f1_spanwise": 0.8641624484190273, "test_spanlevel-micro_precision_seqavg": 0.8630057138813706, "test_spanlevel-micro_recall_seqavg": 0.8670264377576111, "test_spanlevel-micro_f1_seqavg": 0.8580380705740186, "test_spanlevel-SG_precision_spanwise": 0.8753797591297592, "test_spanlevel-SG_recall_spanwise": 0.868513986013986, "test_spanlevel-SG_f1_spanwise": 0.8635450879529827, "test_spanlevel-SG_precision_seqavg": 0.8673770537368192, "test_spanlevel-SG_recall_seqavg": 0.8419648390059834, "test_spanlevel-SG_f1_seqavg": 0.843381785344453, "test_spanlevel-ORG_precision_spanwise": 0.7645466405740379, "test_spanlevel-ORG_recall_spanwise": 0.7651554685801262, "test_spanlevel-ORG_f1_spanwise": 0.7568845005831307, "test_spanlevel-ORG_precision_seqavg": 0.7901373778792398, "test_spanlevel-ORG_recall_seqavg": 0.7871651184548668, "test_spanlevel-ORG_f1_seqavg": 0.7817390583219257, "test_spanlevel-ISG_precision_spanwise": 0.687984496124031, "test_spanlevel-ISG_recall_spanwise": 0.6976744186046512, "test_spanlevel-ISG_f1_spanwise": 0.6891472868217055, "test_spanlevel-ISG_precision_seqavg": 0.6316240963169777, "test_spanlevel-ISG_recall_seqavg": 0.6400459388993163, "test_spanlevel-ISG_f1_seqavg": 0.6337659845148239, "test_spanlevel-PI_precision_spanwise": 0.8448302469135803, "test_spanlevel-PI_recall_spanwise": 0.8382716049382716, "test_spanlevel-PI_f1_spanwise": 0.8352179199401422, "test_spanlevel-PI_precision_seqavg": 0.8154498836110968, "test_spanlevel-PI_recall_seqavg": 0.8194718676033733, "test_spanlevel-PI_f1_seqavg": 0.8143941193682702, "test_spanlevel-PG_precision_spanwise": 0.9319105691056911, "test_spanlevel-PG_recall_spanwise": 0.9441056910569104, "test_spanlevel-PG_f1_spanwise": 0.9353658536585364, "test_spanlevel-PG_precision_seqavg": 0.9086217309702026, "test_spanlevel-PG_recall_seqavg": 0.9260917214240761, "test_spanlevel-PG_f1_seqavg": 0.91470284733998, "test_spanlevel-macro_precision_relaxed": 0.8786643363618228, "test_spanlevel-macro_recall_relaxed": 0.9186053048735529, "test_spanlevel-macro_f1_relaxed": 0.9280824019309205, "test_spanlevel-micro_precision_relaxed": 0.8774624612371472, "test_spanlevel-micro_recall_relaxed": 0.9184025473715252, "test_spanlevel-micro_f1_relaxed": 0.9271735376852155, "test_spanlevel-SG_precision_relaxed": 0.9235345883073155, "test_spanlevel-SG_recall_relaxed": 0.9081098484848485, "test_spanlevel-SG_f1_relaxed": 0.9522156019080882, "test_spanlevel-ORG_precision_relaxed": 0.7812334656084655, "test_spanlevel-ORG_recall_relaxed": 0.9064444444444445, "test_spanlevel-ORG_f1_relaxed": 0.9266402786632595, "test_spanlevel-ISG_precision_relaxed": 0.795774647887324, "test_spanlevel-ISG_recall_relaxed": 0.8171296296296297, "test_spanlevel-ISG_f1_relaxed": 0.9488888888888888, "test_spanlevel-PI_precision_relaxed": 0.8808185404339252, "test_spanlevel-PI_recall_relaxed": 0.9265432098765432, "test_spanlevel-PI_f1_relaxed": 0.9557707347401491, "test_spanlevel-PG_precision_relaxed": 0.9535864978902953, "test_spanlevel-PG_recall_relaxed": 0.9725738396624471, "test_spanlevel-PG_f1_relaxed": 0.9841991341991342, "test_doclevel-micro_precision": 0.9587073608617595, "test_doclevel-micro_recall": 0.9744525547445255, "test_doclevel-micro_f1": 0.9665158371040724, "test_doclevel-SG_precision": 0.9595959595959596, "test_doclevel-SG_recall": 0.95, "test_doclevel-SG_f1": 0.9547738693467336, "test_doclevel-ORG_precision": 0.8452380952380952, "test_doclevel-ORG_recall": 0.9466666666666667, "test_doclevel-ORG_f1": 0.8930817610062893, "test_doclevel-ISG_precision": 0.8591549295774648, "test_doclevel-ISG_recall": 0.8472222222222222, "test_doclevel-ISG_f1": 0.8531468531468532, "test_doclevel-PI_precision": 0.9171597633136095, "test_doclevel-PI_recall": 0.9567901234567902, "test_doclevel-PI_f1": 0.9365558912386707, "test_doclevel-PG_precision": 0.9746835443037974, "test_doclevel-PG_recall": 0.9746835443037974, "test_doclevel-PG_f1": 0.9746835443037974, "test_wordlevel-macro_precision": 0.8940516662805292, "test_wordlevel-macro_recall": 0.9061346000619862, "test_wordlevel-macro_f1": 0.899019128429993, "test_wordlevel-O_precision": 0.9861198298109786, "test_wordlevel-O_recall": 0.9857760423929717, "test_wordlevel-O_f1": 0.9859479061334077, "test_wordlevel-SG_precision": 0.935687263556116, "test_wordlevel-SG_recall": 0.8548387096774194, "test_wordlevel-SG_f1": 0.893437688139675, "test_wordlevel-ORG_precision": 0.7962962962962963, "test_wordlevel-ORG_recall": 0.9148936170212766, "test_wordlevel-ORG_f1": 0.8514851485148516, "test_wordlevel-ISG_precision": 0.8064516129032258, "test_wordlevel-ISG_recall": 0.8, "test_wordlevel-ISG_f1": 0.8032128514056225, "test_wordlevel-PI_precision": 0.9103869653767821, "test_wordlevel-PI_recall": 0.9085365853658537, "test_wordlevel-PI_f1": 0.9094608341810783, "test_wordlevel-PG_precision": 0.929368029739777, "test_wordlevel-PG_recall": 0.9727626459143969, "test_wordlevel-PG_f1": 0.9505703422053232, "test_runtime": 7.4545, "test_samples_per_second": 108.524, "test_steps_per_second": 1.744, "epoch": 5.0}