{"test_loss": 0.16763104498386383, "test_seqeval-macro_precision": 0.7304573991692702, "test_seqeval-macro_recall": 0.7872654894247023, "test_seqeval-macro_f1": 0.7563445839865007, "test_seqeval-micro_precision": 0.7252453166815344, "test_seqeval-micro_recall": 0.7855072463768116, "test_seqeval-micro_f1": 0.7541743970315399, "test_seqeval-SG_precision": 0.7751196172248804, "test_seqeval-SG_recall": 0.7941176470588235, "test_seqeval-SG_f1": 0.784503631961259, "test_seqeval-ORG_precision": 0.6104417670682731, "test_seqeval-ORG_recall": 0.7638190954773869, "test_seqeval-ORG_f1": 0.6785714285714286, "test_seqeval-ISG_precision": 0.7068965517241379, "test_seqeval-ISG_recall": 0.6721311475409836, "test_seqeval-ISG_f1": 0.6890756302521007, "test_seqeval-PI_precision": 0.7136752136752137, "test_seqeval-PI_recall": 0.7990430622009569, "test_seqeval-PI_f1": 0.7539503386004515, "test_seqeval-PG_precision": 0.8461538461538461, "test_seqeval-PG_recall": 0.9072164948453608, "test_seqeval-PG_f1": 0.8756218905472636, "test_spanlevel-macro_precision_spanwise": 0.7754684486790635, "test_spanlevel-macro_recall_spanwise": 0.765125181270561, "test_spanlevel-macro_f1_spanwise": 0.7628700311245549, "test_spanlevel-macro_precision_seqavg": 0.758441910929217, "test_spanlevel-macro_recall_seqavg": 0.7526810536345188, "test_spanlevel-macro_f1_seqavg": 0.7500756973402314, "test_spanlevel-micro_precision_spanwise": 0.8513294007010345, "test_spanlevel-micro_recall_spanwise": 0.8368983616757818, "test_spanlevel-micro_f1_spanwise": 0.8334722389770786, "test_spanlevel-micro_precision_seqavg": 0.8558624990828381, "test_spanlevel-micro_recall_seqavg": 0.8425643785935439, "test_spanlevel-micro_f1_seqavg": 0.8384681407784765, "test_spanlevel-SG_precision_spanwise": 0.8616611295681064, "test_spanlevel-SG_recall_spanwise": 0.8445282368688364, "test_spanlevel-SG_f1_spanwise": 0.8402213365634951, "test_spanlevel-SG_precision_seqavg": 0.8637038507757991, "test_spanlevel-SG_recall_seqavg": 0.8547580311366629, "test_spanlevel-SG_f1_seqavg": 0.8503335277849939, "test_spanlevel-ORG_precision_spanwise": 0.6932396251673361, "test_spanlevel-ORG_recall_spanwise": 0.6961847389558232, "test_spanlevel-ORG_f1_spanwise": 0.6874450181679096, "test_spanlevel-ORG_precision_seqavg": 0.7136293953923183, "test_spanlevel-ORG_recall_seqavg": 0.7140936981341288, "test_spanlevel-ORG_f1_seqavg": 0.7066999208645897, "test_spanlevel-ISG_precision_spanwise": 0.6375291375291375, "test_spanlevel-ISG_recall_spanwise": 0.6194638694638694, "test_spanlevel-ISG_f1_spanwise": 0.6221445221445222, "test_spanlevel-ISG_precision_seqavg": 0.6010834045523198, "test_spanlevel-ISG_recall_seqavg": 0.5941238398616258, "test_spanlevel-ISG_f1_seqavg": 0.5933327239633545, "test_spanlevel-PI_precision_spanwise": 0.802836879432624, "test_spanlevel-PI_recall_spanwise": 0.7912352245862885, "test_spanlevel-PI_f1_spanwise": 0.7884386498160294, "test_spanlevel-PI_precision_seqavg": 0.7593239080183345, "test_spanlevel-PI_recall_seqavg": 0.7487376271787128, "test_spanlevel-PI_f1_seqavg": 0.7474872216682374, "test_spanlevel-PG_precision_spanwise": 0.8820754716981132, "test_spanlevel-PG_recall_spanwise": 0.8742138364779873, "test_spanlevel-PG_f1_spanwise": 0.8761006289308176, "test_spanlevel-PG_precision_seqavg": 0.8544689959073133, "test_spanlevel-PG_recall_seqavg": 0.8516920718614633, "test_spanlevel-PG_f1_seqavg": 0.8525250924199814, "test_spanlevel-macro_precision_relaxed": 0.8588796712910887, "test_spanlevel-macro_recall_relaxed": 0.8812982802997098, "test_spanlevel-macro_f1_relaxed": 0.9007602032744816, "test_spanlevel-micro_precision_relaxed": 0.8573790776152981, "test_spanlevel-micro_recall_relaxed": 0.8813711472843413, "test_spanlevel-micro_f1_relaxed": 0.8996729914574877, "test_spanlevel-SG_precision_relaxed": 0.9103838190794714, "test_spanlevel-SG_recall_relaxed": 0.8869645392960832, "test_spanlevel-SG_f1_relaxed": 0.9299313376966669, "test_spanlevel-ORG_precision_relaxed": 0.7565917107583775, "test_spanlevel-ORG_recall_relaxed": 0.9032738095238095, "test_spanlevel-ORG_f1_relaxed": 0.9089362126735762, "test_spanlevel-ISG_precision_relaxed": 0.8153292181069959, "test_spanlevel-ISG_recall_relaxed": 0.7313218390804599, "test_spanlevel-ISG_f1_relaxed": 0.9486772486772487, "test_spanlevel-PI_precision_relaxed": 0.8375763125763125, "test_spanlevel-PI_recall_relaxed": 0.891184971098266, "test_spanlevel-PI_f1_relaxed": 0.9401531876879453, "test_spanlevel-PG_precision_relaxed": 0.923469387755102, "test_spanlevel-PG_recall_relaxed": 0.9539007092198583, "test_spanlevel-PG_f1_relaxed": 0.9875457875457876, "test_doclevel-micro_precision": 0.968503937007874, "test_doclevel-micro_recall": 0.9777424483306836, "test_doclevel-micro_f1": 0.9731012658227848, "test_doclevel-SG_precision": 0.9565217391304348, "test_doclevel-SG_recall": 0.9438943894389439, "test_doclevel-SG_f1": 0.9501661129568107, "test_doclevel-ORG_precision": 0.8359788359788359, "test_doclevel-ORG_recall": 0.9404761904761905, "test_doclevel-ORG_f1": 0.8851540616246498, "test_doclevel-ISG_precision": 0.8425925925925926, "test_doclevel-ISG_recall": 0.7844827586206896, "test_doclevel-ISG_f1": 0.8125, "test_doclevel-PI_precision": 0.8901098901098901, "test_doclevel-PI_recall": 0.9364161849710982, "test_doclevel-PI_f1": 0.9126760563380282, "test_doclevel-PG_precision": 0.9285714285714286, "test_doclevel-PG_recall": 0.9680851063829787, "test_doclevel-PG_f1": 0.9479166666666666, "test_wordlevel-macro_precision": 0.8717089565930927, "test_wordlevel-macro_recall": 0.8605127784766086, "test_wordlevel-macro_f1": 0.8636256161757595, "test_wordlevel-O_precision": 0.976014427412083, "test_wordlevel-O_recall": 0.9844176317225489, "test_wordlevel-O_f1": 0.9801980198019803, "test_wordlevel-SG_precision": 0.9144338807260155, "test_wordlevel-SG_recall": 0.7802359882005899, "test_wordlevel-SG_f1": 0.8420214882610424, "test_wordlevel-ORG_precision": 0.7405189620758483, "test_wordlevel-ORG_recall": 0.8791469194312796, "test_wordlevel-ORG_f1": 0.8039003250270856, "test_wordlevel-ISG_precision": 0.8, "test_wordlevel-ISG_recall": 0.6984126984126984, "test_wordlevel-ISG_f1": 0.7457627118644068, "test_wordlevel-PI_precision": 0.8731501057082452, "test_wordlevel-PI_recall": 0.8676470588235294, "test_wordlevel-PI_f1": 0.8703898840885144, "test_wordlevel-PG_precision": 0.9261363636363636, "test_wordlevel-PG_recall": 0.9532163742690059, "test_wordlevel-PG_f1": 0.9394812680115273, "test_runtime": 8.7832, "test_samples_per_second": 100.077, "test_steps_per_second": 1.594, "epoch": 5.0}