{"test_loss": 0.1731734275817871, "test_seqeval-macro_precision": 0.6588940410306741, "test_seqeval-macro_recall": 0.750657047600102, "test_seqeval-macro_f1": 0.700866803927257, "test_seqeval-micro_precision": 0.6574487065120428, "test_seqeval-micro_recall": 0.7566735112936345, "test_seqeval-micro_f1": 0.703579952267303, "test_seqeval-SG_precision": 0.6158940397350994, "test_seqeval-SG_recall": 0.6940298507462687, "test_seqeval-SG_f1": 0.6526315789473683, "test_seqeval-ORG_precision": 0.5506072874493927, "test_seqeval-ORG_recall": 0.7195767195767195, "test_seqeval-ORG_f1": 0.6238532110091743, "test_seqeval-ISG_precision": 0.6036036036036037, "test_seqeval-ISG_recall": 0.6203703703703703, "test_seqeval-ISG_f1": 0.6118721461187215, "test_seqeval-PI_precision": 0.7364864864864865, "test_seqeval-PI_recall": 0.8288973384030418, "test_seqeval-PI_f1": 0.7799642218246868, "test_seqeval-PG_precision": 0.7878787878787878, "test_seqeval-PG_recall": 0.8904109589041096, "test_seqeval-PG_f1": 0.8360128617363344, "test_spanlevel-macro_precision_spanwise": 0.7043932957710322, "test_spanlevel-macro_recall_spanwise": 0.7064432207836207, "test_spanlevel-macro_f1_spanwise": 0.6986315759264217, "test_spanlevel-macro_precision_seqavg": 0.7050980829414767, "test_spanlevel-macro_recall_seqavg": 0.6991548502982087, "test_spanlevel-macro_f1_seqavg": 0.696037191152365, "test_spanlevel-micro_precision_spanwise": 0.7882366026579408, "test_spanlevel-micro_recall_spanwise": 0.7970635377280948, "test_spanlevel-micro_f1_spanwise": 0.7833243163972471, "test_spanlevel-micro_precision_seqavg": 0.7816084080080969, "test_spanlevel-micro_recall_seqavg": 0.7886710220399956, "test_spanlevel-micro_f1_seqavg": 0.775218516606319, "test_spanlevel-SG_precision_spanwise": 0.7148434366485485, "test_spanlevel-SG_recall_spanwise": 0.722899118985381, "test_spanlevel-SG_f1_spanwise": 0.707084512699876, "test_spanlevel-SG_precision_seqavg": 0.7096997355326492, "test_spanlevel-SG_recall_seqavg": 0.7069012480947222, "test_spanlevel-SG_f1_seqavg": 0.6967686010378153, "test_spanlevel-ORG_precision_spanwise": 0.6124308216262239, "test_spanlevel-ORG_recall_spanwise": 0.6116219667943805, "test_spanlevel-ORG_f1_spanwise": 0.6043048160864253, "test_spanlevel-ORG_precision_seqavg": 0.6445841613966479, "test_spanlevel-ORG_recall_seqavg": 0.6286724732572724, "test_spanlevel-ORG_f1_seqavg": 0.6285062131720093, "test_spanlevel-ISG_precision_spanwise": 0.603359173126615, "test_spanlevel-ISG_recall_spanwise": 0.5852713178294574, "test_spanlevel-ISG_f1_spanwise": 0.585615848406546, "test_spanlevel-ISG_precision_seqavg": 0.5813542677454158, "test_spanlevel-ISG_recall_seqavg": 0.5580093028447507, "test_spanlevel-ISG_f1_seqavg": 0.564147203531962, "test_spanlevel-PI_precision_spanwise": 0.7554117224020136, "test_spanlevel-PI_recall_spanwise": 0.7590075512405611, "test_spanlevel-PI_f1_spanwise": 0.7547053988801562, "test_spanlevel-PI_precision_seqavg": 0.7424231820102195, "test_spanlevel-PI_recall_seqavg": 0.7440691785403979, "test_spanlevel-PI_f1_seqavg": 0.7416889521085985, "test_spanlevel-PG_precision_spanwise": 0.8359213250517598, "test_spanlevel-PG_recall_spanwise": 0.8534161490683229, "test_spanlevel-PG_f1_spanwise": 0.8414473035591048, "test_spanlevel-PG_precision_seqavg": 0.8474290680224513, "test_spanlevel-PG_recall_seqavg": 0.8581220487538999, "test_spanlevel-PG_f1_seqavg": 0.8490749859114393, "test_spanlevel-macro_precision_relaxed": 0.7767655854612375, "test_spanlevel-macro_recall_relaxed": 0.8683788515406163, "test_spanlevel-macro_f1_relaxed": 0.8856020260174295, "test_spanlevel-micro_precision_relaxed": 0.774390384172993, "test_spanlevel-micro_recall_relaxed": 0.868388188608777, "test_spanlevel-micro_f1_relaxed": 0.884168527982628, "test_spanlevel-SG_precision_relaxed": 0.796977603826919, "test_spanlevel-SG_recall_relaxed": 0.8402325581395349, "test_spanlevel-SG_f1_relaxed": 0.9113099909353111, "test_spanlevel-ORG_precision_relaxed": 0.6563213213213214, "test_spanlevel-ORG_recall_relaxed": 0.8774543378995435, "test_spanlevel-ORG_f1_relaxed": 0.8991022491209266, "test_spanlevel-ISG_precision_relaxed": 0.7339409722222222, "test_spanlevel-ISG_recall_relaxed": 0.734375, "test_spanlevel-ISG_f1_relaxed": 0.9001537935748462, "test_spanlevel-PI_precision_relaxed": 0.807058682058682, "test_spanlevel-PI_recall_relaxed": 0.8981060606060606, "test_spanlevel-PI_f1_relaxed": 0.9462056277056277, "test_spanlevel-PG_precision_relaxed": 0.8701149425287357, "test_spanlevel-PG_recall_relaxed": 0.9705035971223022, "test_spanlevel-PG_f1_relaxed": 0.9480508870214751, "test_doclevel-micro_precision": 0.9227053140096618, "test_doclevel-micro_recall": 0.9630252100840336, "test_doclevel-micro_f1": 0.9424342105263158, "test_doclevel-SG_precision": 0.867579908675799, "test_doclevel-SG_recall": 0.8837209302325582, "test_doclevel-SG_f1": 0.8755760368663594, "test_doclevel-ORG_precision": 0.7405405405405405, "test_doclevel-ORG_recall": 0.9383561643835616, "test_doclevel-ORG_f1": 0.8277945619335346, "test_doclevel-ISG_precision": 0.8020833333333334, "test_doclevel-ISG_recall": 0.8020833333333334, "test_doclevel-ISG_f1": 0.8020833333333334, "test_doclevel-PI_precision": 0.8744588744588745, "test_doclevel-PI_recall": 0.9181818181818182, "test_doclevel-PI_f1": 0.8957871396895788, "test_doclevel-PG_precision": 0.9379310344827586, "test_doclevel-PG_recall": 0.9784172661870504, "test_doclevel-PG_f1": 0.9577464788732394, "test_wordlevel-macro_precision": 0.8094188059475504, "test_wordlevel-macro_recall": 0.8625855725651003, "test_wordlevel-macro_f1": 0.8336140144245922, "test_wordlevel-O_precision": 0.985862629801076, "test_wordlevel-O_recall": 0.9728995617013396, "test_wordlevel-O_f1": 0.9793382010253223, "test_wordlevel-SG_precision": 0.787917737789203, "test_wordlevel-SG_recall": 0.8044619422572179, "test_wordlevel-SG_f1": 0.7961038961038961, "test_wordlevel-ORG_precision": 0.6730434782608695, "test_wordlevel-ORG_recall": 0.8449781659388647, "test_wordlevel-ORG_f1": 0.7492739593417231, "test_wordlevel-ISG_precision": 0.7388535031847133, "test_wordlevel-ISG_recall": 0.7116564417177914, "test_wordlevel-ISG_f1": 0.725, "test_wordlevel-PI_precision": 0.8103703703703704, "test_wordlevel-PI_recall": 0.882258064516129, "test_wordlevel-PI_f1": 0.8447876447876448, "test_wordlevel-PG_precision": 0.8604651162790697, "test_wordlevel-PG_recall": 0.9592592592592593, "test_wordlevel-PG_f1": 0.9071803852889667, "test_runtime": 8.7862, "test_samples_per_second": 99.701, "test_steps_per_second": 1.593, "epoch": 6.0}