{"test_loss": 0.18122367560863495, "test_seqeval-macro_precision": 0.7702409931854157, "test_seqeval-macro_recall": 0.8179615147953966, "test_seqeval-macro_f1": 0.7930102913972117, "test_seqeval-micro_precision": 0.7702825888787602, "test_seqeval-micro_recall": 0.8164251207729468, "test_seqeval-micro_f1": 0.7926829268292682, "test_seqeval-PI_precision": 0.75, "test_seqeval-PI_recall": 0.84688995215311, "test_seqeval-PI_f1": 0.795505617977528, "test_seqeval-ISG_precision": 0.7054263565891473, "test_seqeval-ISG_recall": 0.7459016393442623, "test_seqeval-ISG_f1": 0.7250996015936255, "test_seqeval-PG_precision": 0.8888888888888888, "test_seqeval-PG_recall": 0.9072164948453608, "test_seqeval-PG_f1": 0.8979591836734694, "test_seqeval-SG_precision": 0.8159806295399515, "test_seqeval-SG_recall": 0.8259803921568627, "test_seqeval-SG_f1": 0.8209500609013397, "test_seqeval-ORG_precision": 0.6909090909090909, "test_seqeval-ORG_recall": 0.7638190954773869, "test_seqeval-ORG_f1": 0.7255369928400955, "test_spanlevel-macro_precision_spanwise": 0.8114475705888189, "test_spanlevel-macro_recall_spanwise": 0.804366649639997, "test_spanlevel-macro_f1_spanwise": 0.8013101444458897, "test_spanlevel-macro_precision_seqavg": 0.8232729942069685, "test_spanlevel-macro_recall_seqavg": 0.8158304727353854, "test_spanlevel-macro_f1_seqavg": 0.8149950730761948, "test_spanlevel-micro_precision_spanwise": 0.8743174024395537, "test_spanlevel-micro_recall_spanwise": 0.8628243089975506, "test_spanlevel-micro_f1_spanwise": 0.8587823546505328, "test_spanlevel-micro_precision_seqavg": 0.8776684357953707, "test_spanlevel-micro_recall_seqavg": 0.8670585527132406, "test_spanlevel-micro_f1_seqavg": 0.8618687659273627, "test_spanlevel-PI_precision_spanwise": 0.8357040229885058, "test_spanlevel-PI_recall_spanwise": 0.8412176724137932, "test_spanlevel-PI_f1_spanwise": 0.832077523268441, "test_spanlevel-PI_precision_seqavg": 0.7947602972592459, "test_spanlevel-PI_recall_seqavg": 0.7944196340113374, "test_spanlevel-PI_f1_seqavg": 0.7898501673692335, "test_spanlevel-ISG_precision_spanwise": 0.6666666666666666, "test_spanlevel-ISG_recall_spanwise": 0.6575342465753424, "test_spanlevel-ISG_f1_spanwise": 0.6573059360730594, "test_spanlevel-ISG_precision_seqavg": 0.724470725751969, "test_spanlevel-ISG_recall_seqavg": 0.7092361370923863, "test_spanlevel-ISG_f1_seqavg": 0.713050515093368, "test_spanlevel-PG_precision_spanwise": 0.907920792079208, "test_spanlevel-PG_recall_spanwise": 0.8963696369636963, "test_spanlevel-PG_f1_spanwise": 0.9006600660066006, "test_spanlevel-PG_precision_seqavg": 0.8975671402654213, "test_spanlevel-PG_recall_seqavg": 0.8944196833309704, "test_spanlevel-PG_f1_seqavg": 0.8955989881717675, "test_spanlevel-SG_precision_spanwise": 0.8796165884194054, "test_spanlevel-SG_recall_spanwise": 0.8676108150541708, "test_spanlevel-SG_f1_spanwise": 0.8621473389030677, "test_spanlevel-SG_precision_seqavg": 0.8998766961192247, "test_spanlevel-SG_recall_seqavg": 0.8908050703604373, "test_spanlevel-SG_f1_seqavg": 0.8875564937647284, "test_spanlevel-ORG_precision_spanwise": 0.7673297827903091, "test_spanlevel-ORG_recall_spanwise": 0.7591008771929824, "test_spanlevel-ORG_f1_spanwise": 0.7543598579782791, "test_spanlevel-ORG_precision_seqavg": 0.799690111638982, "test_spanlevel-ORG_recall_seqavg": 0.7902718388817953, "test_spanlevel-ORG_f1_seqavg": 0.788919200981876, "test_spanlevel-macro_precision_relaxed": 0.8831664295697315, "test_spanlevel-macro_recall_relaxed": 0.907031907287662, "test_spanlevel-macro_f1_relaxed": 0.9130458255258304, "test_spanlevel-micro_precision_relaxed": 0.8827455825097333, "test_spanlevel-micro_recall_relaxed": 0.9065372950283438, "test_spanlevel-micro_f1_relaxed": 0.9122424260092357, "test_spanlevel-PI_precision_relaxed": 0.8491847826086957, "test_spanlevel-PI_recall_relaxed": 0.9400770712909441, "test_spanlevel-PI_f1_relaxed": 0.9491255163003943, "test_spanlevel-ISG_precision_relaxed": 0.8091787439613527, "test_spanlevel-ISG_recall_relaxed": 0.8045977011494252, "test_spanlevel-ISG_f1_relaxed": 0.9472263132056946, "test_spanlevel-PG_precision_relaxed": 0.9483870967741935, "test_spanlevel-PG_recall_relaxed": 0.9476950354609929, "test_spanlevel-PG_f1_relaxed": 0.9791534391534392, "test_spanlevel-SG_precision_relaxed": 0.9200939153439153, "test_spanlevel-SG_recall_relaxed": 0.8983542987202048, "test_spanlevel-SG_f1_relaxed": 0.9373713735388436, "test_spanlevel-ORG_precision_relaxed": 0.8478016774891775, "test_spanlevel-ORG_recall_relaxed": 0.8935515873015873, "test_spanlevel-ORG_f1_relaxed": 0.9141059664972708, "test_doclevel-micro_precision": 0.9732704402515723, "test_doclevel-micro_recall": 0.9841017488076311, "test_doclevel-micro_f1": 0.9786561264822135, "test_doclevel-PI_precision": 0.9021739130434783, "test_doclevel-PI_recall": 0.9595375722543352, "test_doclevel-PI_f1": 0.9299719887955181, "test_doclevel-ISG_precision": 0.8521739130434782, "test_doclevel-ISG_recall": 0.8448275862068966, "test_doclevel-ISG_f1": 0.8484848484848485, "test_doclevel-PG_precision": 0.967741935483871, "test_doclevel-PG_recall": 0.9574468085106383, "test_doclevel-PG_f1": 0.9625668449197862, "test_doclevel-SG_precision": 0.96, "test_doclevel-SG_recall": 0.9504950495049505, "test_doclevel-SG_f1": 0.9552238805970149, "test_doclevel-ORG_precision": 0.9147727272727273, "test_doclevel-ORG_recall": 0.9583333333333334, "test_doclevel-ORG_f1": 0.9360465116279071, "test_wordlevel-macro_precision": 0.8875607979087655, "test_wordlevel-macro_recall": 0.8924449688641191, "test_wordlevel-macro_f1": 0.8885507991393434, "test_wordlevel-O_precision": 0.9793560036111947, "test_wordlevel-O_recall": 0.9866003759170557, "test_wordlevel-O_f1": 0.982964842334179, "test_wordlevel-PI_precision": 0.8745173745173745, "test_wordlevel-PI_recall": 0.9516806722689075, "test_wordlevel-PI_f1": 0.9114688128772636, "test_wordlevel-ISG_precision": 0.7947368421052632, "test_wordlevel-ISG_recall": 0.798941798941799, "test_wordlevel-ISG_f1": 0.7968337730870712, "test_wordlevel-PG_precision": 0.9421965317919075, "test_wordlevel-PG_recall": 0.9532163742690059, "test_wordlevel-PG_f1": 0.9476744186046512, "test_wordlevel-SG_precision": 0.9288811795316565, "test_wordlevel-SG_recall": 0.7898230088495575, "test_wordlevel-SG_f1": 0.8537265842965324, "test_wordlevel-ORG_precision": 0.8056768558951966, "test_wordlevel-ORG_recall": 0.8744075829383886, "test_wordlevel-ORG_f1": 0.8386363636363636, "test_runtime": 5.581, "test_samples_per_second": 157.498, "test_steps_per_second": 2.508, "epoch": 5.0, "run_id": "rep05-step04"}
