{"test_loss": 0.16616779565811157, "test_seqeval-macro_precision": 0.7273657775286159, "test_seqeval-macro_recall": 0.8121877238451647, "test_seqeval-macro_f1": 0.7664643690781443, "test_seqeval-micro_precision": 0.7286585365853658, "test_seqeval-micro_recall": 0.8029115341545353, "test_seqeval-micro_f1": 0.7639850825785829, "test_seqeval-SG_precision": 0.7493403693931399, "test_seqeval-SG_recall": 0.7932960893854749, "test_seqeval-SG_f1": 0.7706919945725915, "test_seqeval-ORG_precision": 0.7055837563451777, "test_seqeval-ORG_recall": 0.8128654970760234, "test_seqeval-ORG_f1": 0.7554347826086956, "test_seqeval-ISG_precision": 0.64, "test_seqeval-ISG_recall": 0.8163265306122449, "test_seqeval-ISG_f1": 0.7174887892376681, "test_seqeval-PI_precision": 0.7085714285714285, "test_seqeval-PI_recall": 0.7560975609756098, "test_seqeval-PI_f1": 0.7315634218289085, "test_seqeval-PG_precision": 0.8333333333333334, "test_seqeval-PG_recall": 0.8823529411764706, "test_seqeval-PG_f1": 0.8571428571428571, "test_spanlevel-macro_precision_spanwise": 0.7696853765300475, "test_spanlevel-macro_recall_spanwise": 0.7635479378166063, "test_spanlevel-macro_f1_spanwise": 0.7600182908810945, "test_spanlevel-macro_precision_seqavg": 0.7805391300245079, "test_spanlevel-macro_recall_seqavg": 0.7755227448946354, "test_spanlevel-macro_f1_seqavg": 0.7717473316466064, "test_spanlevel-micro_precision_spanwise": 0.8514276915776398, "test_spanlevel-micro_recall_spanwise": 0.8449884705800516, "test_spanlevel-micro_f1_spanwise": 0.8395298790154484, "test_spanlevel-micro_precision_seqavg": 0.8547478971696434, "test_spanlevel-micro_recall_seqavg": 0.8454912685918597, "test_spanlevel-micro_f1_seqavg": 0.8402381374266515, "test_spanlevel-SG_precision_spanwise": 0.8569318804555025, "test_spanlevel-SG_recall_spanwise": 0.8482498346266294, "test_spanlevel-SG_f1_spanwise": 0.8409681118576487, "test_spanlevel-SG_precision_seqavg": 0.8549197159515499, "test_spanlevel-SG_recall_seqavg": 0.853732110185382, "test_spanlevel-SG_f1_seqavg": 0.847252747419788, "test_spanlevel-ORG_precision_spanwise": 0.7316805362921867, "test_spanlevel-ORG_recall_spanwise": 0.7281553398058253, "test_spanlevel-ORG_f1_spanwise": 0.7241888370529147, "test_spanlevel-ORG_precision_seqavg": 0.7046244577377337, "test_spanlevel-ORG_recall_seqavg": 0.7173666761316545, "test_spanlevel-ORG_f1_seqavg": 0.7029373306014626, "test_spanlevel-ISG_precision_spanwise": 0.6515151515151515, "test_spanlevel-ISG_recall_spanwise": 0.6351010101010102, "test_spanlevel-ISG_f1_spanwise": 0.6373737373737374, "test_spanlevel-ISG_precision_seqavg": 0.7282186010769712, "test_spanlevel-ISG_recall_seqavg": 0.6941643156443464, "test_spanlevel-ISG_f1_seqavg": 0.7027776351936611, "test_spanlevel-PI_precision_spanwise": 0.7196629507510336, "test_spanlevel-PI_recall_spanwise": 0.7100213833374456, "test_spanlevel-PI_f1_spanwise": 0.7083183438787475, "test_spanlevel-PI_precision_seqavg": 0.7442215715632181, "test_spanlevel-PI_recall_seqavg": 0.743793029278877, "test_spanlevel-PI_f1_seqavg": 0.7386871820695171, "test_spanlevel-PG_precision_spanwise": 0.8886363636363637, "test_spanlevel-PG_recall_spanwise": 0.8962121212121211, "test_spanlevel-PG_f1_spanwise": 0.8892424242424244, "test_spanlevel-PG_precision_seqavg": 0.8707113037930664, "test_spanlevel-PG_recall_seqavg": 0.8685575932329169, "test_spanlevel-PG_f1_seqavg": 0.8670817629486034, "test_spanlevel-macro_precision_relaxed": 0.8555516833210436, "test_spanlevel-macro_recall_relaxed": 0.8969774912513407, "test_spanlevel-macro_f1_relaxed": 0.9031686431125708, "test_spanlevel-micro_precision_relaxed": 0.8554145091097954, "test_spanlevel-micro_recall_relaxed": 0.896922319499278, "test_spanlevel-micro_f1_relaxed": 0.9036173260091829, "test_spanlevel-SG_precision_relaxed": 0.9038961302351133, "test_spanlevel-SG_recall_relaxed": 0.9051535082897628, "test_spanlevel-SG_f1_relaxed": 0.9374318954310576, "test_spanlevel-ORG_precision_relaxed": 0.7846187554776511, "test_spanlevel-ORG_recall_relaxed": 0.886574074074074, "test_spanlevel-ORG_f1_relaxed": 0.941784330195217, "test_spanlevel-ISG_precision_relaxed": 0.730654761904762, "test_spanlevel-ISG_recall_relaxed": 0.86140350877193, "test_spanlevel-ISG_f1_relaxed": 0.948627450980392, "test_spanlevel-PI_precision_relaxed": 0.7882672882672883, "test_spanlevel-PI_recall_relaxed": 0.8451090576090576, "test_spanlevel-PI_f1_relaxed": 0.9353761464872576, "test_spanlevel-PG_precision_relaxed": 0.9299645390070922, "test_spanlevel-PG_recall_relaxed": 0.9636524822695035, "test_spanlevel-PG_f1_relaxed": 0.958975625823452, "test_doclevel-micro_precision": 0.9528619528619529, "test_doclevel-micro_recall": 0.9775474956822107, "test_doclevel-micro_f1": 0.9650468883205455, "test_doclevel-SG_precision": 0.9457627118644067, "test_doclevel-SG_recall": 0.9489795918367347, "test_doclevel-SG_f1": 0.9473684210526315, "test_doclevel-ORG_precision": 0.8220858895705522, "test_doclevel-ORG_recall": 0.9305555555555556, "test_doclevel-ORG_f1": 0.8729641693811075, "test_doclevel-ISG_precision": 0.7678571428571429, "test_doclevel-ISG_recall": 0.9052631578947369, "test_doclevel-ISG_f1": 0.8309178743961353, "test_doclevel-PI_precision": 0.8181818181818182, "test_doclevel-PI_recall": 0.9, "test_doclevel-PI_f1": 0.8571428571428572, "test_doclevel-PG_precision": 0.9787234042553191, "test_doclevel-PG_recall": 0.9787234042553191, "test_doclevel-PG_f1": 0.9787234042553191, "test_wordlevel-macro_precision": 0.837291214312558, "test_wordlevel-macro_recall": 0.8792464832871598, "test_wordlevel-macro_f1": 0.8563310405597232, "test_wordlevel-O_precision": 0.9847641575066092, "test_wordlevel-O_recall": 0.9812144738666297, "test_wordlevel-O_f1": 0.9829861111111112, "test_wordlevel-SG_precision": 0.896551724137931, "test_wordlevel-SG_recall": 0.8674275680421423, "test_wordlevel-SG_f1": 0.8817492190986167, "test_wordlevel-ORG_precision": 0.7396593673965937, "test_wordlevel-ORG_recall": 0.881159420289855, "test_wordlevel-ORG_f1": 0.8042328042328042, "test_wordlevel-ISG_precision": 0.7018633540372671, "test_wordlevel-ISG_recall": 0.8188405797101449, "test_wordlevel-ISG_f1": 0.7558528428093645, "test_wordlevel-PI_precision": 0.8101983002832861, "test_wordlevel-PI_recall": 0.7900552486187845, "test_wordlevel-PI_f1": 0.7999999999999999, "test_wordlevel-PG_precision": 0.8907103825136612, "test_wordlevel-PG_recall": 0.9367816091954023, "test_wordlevel-PG_f1": 0.9131652661064427, "test_runtime": 7.9, "test_samples_per_second": 102.532, "test_steps_per_second": 1.646, "epoch": 6.0}