{"test_loss": 0.19073879718780518, "test_seqeval-macro_precision": 0.7264048637522007, "test_seqeval-macro_recall": 0.7910064741633478, "test_seqeval-macro_f1": 0.756397282389923, "test_seqeval-micro_precision": 0.7224669603524229, "test_seqeval-micro_recall": 0.7922705314009661, "test_seqeval-micro_f1": 0.7557603686635944, "test_seqeval-ISG_precision": 0.6742424242424242, "test_seqeval-ISG_recall": 0.7295081967213115, "test_seqeval-ISG_f1": 0.7007874015748032, "test_seqeval-SG_precision": 0.7517401392111369, "test_seqeval-SG_recall": 0.7941176470588235, "test_seqeval-SG_f1": 0.7723480333730631, "test_seqeval-PG_precision": 0.826530612244898, "test_seqeval-PG_recall": 0.8350515463917526, "test_seqeval-PG_f1": 0.8307692307692307, "test_seqeval-PI_precision": 0.6692307692307692, "test_seqeval-PI_recall": 0.8325358851674641, "test_seqeval-PI_f1": 0.742004264392324, "test_seqeval-ORG_precision": 0.7102803738317757, "test_seqeval-ORG_recall": 0.7638190954773869, "test_seqeval-ORG_f1": 0.7360774818401936, "test_spanlevel-macro_precision_spanwise": 0.7672847785354648, "test_spanlevel-macro_recall_spanwise": 0.7675416417506804, "test_spanlevel-macro_f1_spanwise": 0.7613999872799372, "test_spanlevel-macro_precision_seqavg": 0.7741610484298318, "test_spanlevel-macro_recall_seqavg": 0.7740043923984453, "test_spanlevel-macro_f1_seqavg": 0.7694420173573991, "test_spanlevel-micro_precision_spanwise": 0.8431160456606885, "test_spanlevel-micro_recall_spanwise": 0.8452578011099544, "test_spanlevel-micro_f1_spanwise": 0.8349106686712667, "test_spanlevel-micro_precision_seqavg": 0.8407694926178158, "test_spanlevel-micro_recall_seqavg": 0.8424445985825111, "test_spanlevel-micro_f1_seqavg": 0.8317784483927045, "test_spanlevel-ISG_precision_spanwise": 0.6379690949227373, "test_spanlevel-ISG_recall_spanwise": 0.6390728476821192, "test_spanlevel-ISG_f1_spanwise": 0.6355408388520971, "test_spanlevel-ISG_precision_seqavg": 0.6823018436753716, "test_spanlevel-ISG_recall_seqavg": 0.6851500853409082, "test_spanlevel-ISG_f1_seqavg": 0.6812314277109771, "test_spanlevel-SG_precision_spanwise": 0.8208580034813218, "test_spanlevel-SG_recall_spanwise": 0.8324515287569947, "test_spanlevel-SG_f1_spanwise": 0.816113969454276, "test_spanlevel-SG_precision_seqavg": 0.8279438848937251, "test_spanlevel-SG_recall_seqavg": 0.8359369211578196, "test_spanlevel-SG_f1_seqavg": 0.8248643910843002, "test_spanlevel-PG_precision_spanwise": 0.8676470588235294, "test_spanlevel-PG_recall_spanwise": 0.8513071895424837, "test_spanlevel-PG_f1_spanwise": 0.8571895424836601, "test_spanlevel-PG_precision_seqavg": 0.875099407287361, "test_spanlevel-PG_recall_seqavg": 0.8697758880478308, "test_spanlevel-PG_f1_seqavg": 0.8716352432669126, "test_spanlevel-PI_precision_spanwise": 0.7541666666666668, "test_spanlevel-PI_recall_spanwise": 0.7632840501792114, "test_spanlevel-PI_f1_spanwise": 0.7530920935461609, "test_spanlevel-PI_precision_seqavg": 0.6918805545900647, "test_spanlevel-PI_recall_seqavg": 0.6872855040360959, "test_spanlevel-PI_f1_seqavg": 0.6839416741857861, "test_spanlevel-ORG_precision_spanwise": 0.7557830687830688, "test_spanlevel-ORG_recall_spanwise": 0.7515925925925927, "test_spanlevel-ORG_f1_spanwise": 0.7450634920634922, "test_spanlevel-ORG_precision_seqavg": 0.7935795517026368, "test_spanlevel-ORG_recall_seqavg": 0.7918735634095719, "test_spanlevel-ORG_f1_seqavg": 0.7855373505390199, "test_doclevel-micro_precision": 0.9580745341614907, "test_doclevel-micro_recall": 0.9809220985691574, "test_doclevel-micro_f1": 0.969363707776905, "test_doclevel-ISG_precision": 0.8050847457627118, "test_doclevel-ISG_recall": 0.8189655172413793, "test_doclevel-ISG_f1": 0.811965811965812, "test_doclevel-SG_precision": 0.90625, "test_doclevel-SG_recall": 0.9570957095709571, "test_doclevel-SG_f1": 0.9309791332263242, "test_doclevel-PG_precision": 0.9473684210526315, "test_doclevel-PG_recall": 0.9574468085106383, "test_doclevel-PG_f1": 0.9523809523809523, "test_doclevel-PI_precision": 0.8341708542713567, "test_doclevel-PI_recall": 0.9595375722543352, "test_doclevel-PI_f1": 0.8924731182795698, "test_doclevel-ORG_precision": 0.9075144508670521, "test_doclevel-ORG_recall": 0.9345238095238095, "test_doclevel-ORG_f1": 0.9208211143695015, "test_wordlevel-macro_precision": 0.8506472719360331, "test_wordlevel-macro_recall": 0.8905604948503417, "test_wordlevel-macro_f1": 0.8689834458815615, "test_wordlevel-O_precision": 0.9839595023176384, "test_wordlevel-O_recall": 0.9781725580549324, "test_wordlevel-O_f1": 0.9810574964273768, "test_wordlevel-ISG_precision": 0.7891891891891892, "test_wordlevel-ISG_recall": 0.7724867724867724, "test_wordlevel-ISG_f1": 0.7807486631016042, "test_wordlevel-SG_precision": 0.8664150943396226, "test_wordlevel-SG_recall": 0.8466076696165191, "test_wordlevel-SG_f1": 0.8563968668407311, "test_wordlevel-PG_precision": 0.8617021276595744, "test_wordlevel-PG_recall": 0.9473684210526315, "test_wordlevel-PG_f1": 0.9025069637883008, "test_wordlevel-PI_precision": 0.787719298245614, "test_wordlevel-PI_recall": 0.9432773109243697, "test_wordlevel-PI_f1": 0.858508604206501, "test_wordlevel-ORG_precision": 0.8148984198645598, "test_wordlevel-ORG_recall": 0.8554502369668247, "test_wordlevel-ORG_f1": 0.8346820809248554, "test_runtime": 5.2646, "test_samples_per_second": 166.964, "test_steps_per_second": 2.659, "epoch": 5.0, "run_id": "rep05-step03"}
