{"test_loss": 0.16535384953022003, "test_seqeval-macro_precision": 0.7120546298780003, "test_seqeval-macro_recall": 0.7885225365849358, "test_seqeval-macro_f1": 0.7475232066759726, "test_seqeval-micro_precision": 0.7090239410681399, "test_seqeval-micro_recall": 0.7905544147843943, "test_seqeval-micro_f1": 0.7475728155339806, "test_seqeval-ISG_precision": 0.6451612903225806, "test_seqeval-ISG_recall": 0.7407407407407407, "test_seqeval-ISG_f1": 0.689655172413793, "test_seqeval-SG_precision": 0.7230215827338129, "test_seqeval-SG_recall": 0.75, "test_seqeval-SG_f1": 0.7362637362637362, "test_seqeval-PG_precision": 0.8543046357615894, "test_seqeval-PG_recall": 0.8835616438356164, "test_seqeval-PG_f1": 0.8686868686868687, "test_seqeval-PI_precision": 0.6996904024767802, "test_seqeval-PI_recall": 0.8593155893536122, "test_seqeval-PI_f1": 0.7713310580204777, "test_seqeval-ORG_precision": 0.638095238095238, "test_seqeval-ORG_recall": 0.708994708994709, "test_seqeval-ORG_f1": 0.6716791979949874, "test_spanlevel-macro_precision_spanwise": 0.7337295697076661, "test_spanlevel-macro_recall_spanwise": 0.7362799643803882, "test_spanlevel-macro_f1_spanwise": 0.7291427195525976, "test_spanlevel-macro_precision_seqavg": 0.7130340185918154, "test_spanlevel-macro_recall_seqavg": 0.711752440484726, "test_spanlevel-macro_f1_seqavg": 0.7070457576996638, "test_spanlevel-micro_precision_spanwise": 0.8226923061420268, "test_spanlevel-micro_recall_spanwise": 0.8296238522495505, "test_spanlevel-micro_f1_spanwise": 0.8174544118436783, "test_spanlevel-micro_precision_seqavg": 0.8147014919400022, "test_spanlevel-micro_recall_seqavg": 0.8228862372879807, "test_spanlevel-micro_f1_seqavg": 0.8099923611140216, "test_spanlevel-ISG_precision_spanwise": 0.6004901960784313, "test_spanlevel-ISG_recall_spanwise": 0.6029411764705882, "test_spanlevel-ISG_f1_spanwise": 0.5976307189542484, "test_spanlevel-ISG_precision_seqavg": 0.49967263720867744, "test_spanlevel-ISG_recall_seqavg": 0.4949721648659555, "test_spanlevel-ISG_f1_seqavg": 0.49523754788423074, "test_spanlevel-SG_precision_spanwise": 0.7682863621639132, "test_spanlevel-SG_recall_spanwise": 0.7744614512471655, "test_spanlevel-SG_f1_spanwise": 0.7600274836077853, "test_spanlevel-SG_precision_seqavg": 0.76757376259848, "test_spanlevel-SG_recall_seqavg": 0.7603804975402193, "test_spanlevel-SG_f1_seqavg": 0.7508585508826776, "test_spanlevel-PG_precision_spanwise": 0.9041394335511981, "test_spanlevel-PG_recall_spanwise": 0.9093681917211328, "test_spanlevel-PG_f1_spanwise": 0.9027596223674655, "test_spanlevel-PG_precision_seqavg": 0.893925324853313, "test_spanlevel-PG_recall_seqavg": 0.9000359092568537, "test_spanlevel-PG_f1_seqavg": 0.8932389754107212, "test_spanlevel-PI_precision_spanwise": 0.735843253968254, "test_spanlevel-PI_recall_spanwise": 0.7407291666666667, "test_spanlevel-PI_f1_spanwise": 0.7364360119047619, "test_spanlevel-PI_precision_seqavg": 0.7125896047573852, "test_spanlevel-PI_recall_seqavg": 0.7184954530563974, "test_spanlevel-PI_f1_seqavg": 0.7144940448528292, "test_spanlevel-ORG_precision_spanwise": 0.6598886027765339, "test_spanlevel-ORG_recall_spanwise": 0.6538998357963874, "test_spanlevel-ORG_f1_spanwise": 0.6488597609287264, "test_spanlevel-ORG_precision_seqavg": 0.6914087635412212, "test_spanlevel-ORG_recall_seqavg": 0.6848781777042038, "test_spanlevel-ORG_f1_seqavg": 0.6813996694678603, "test_doclevel-micro_precision": 0.9411764705882353, "test_doclevel-micro_recall": 0.9680672268907563, "test_doclevel-micro_f1": 0.9544324772162387, "test_doclevel-ISG_precision": 0.78, "test_doclevel-ISG_recall": 0.8125, "test_doclevel-ISG_f1": 0.7959183673469388, "test_doclevel-SG_precision": 0.9056603773584906, "test_doclevel-SG_recall": 0.8930232558139535, "test_doclevel-SG_f1": 0.8992974238875878, "test_doclevel-PG_precision": 0.9714285714285714, "test_doclevel-PG_recall": 0.9784172661870504, "test_doclevel-PG_f1": 0.974910394265233, "test_doclevel-PI_precision": 0.8697478991596639, "test_doclevel-PI_recall": 0.9409090909090909, "test_doclevel-PI_f1": 0.9039301310043668, "test_doclevel-ORG_precision": 0.81875, "test_doclevel-ORG_recall": 0.8972602739726028, "test_doclevel-ORG_f1": 0.8562091503267975, "test_wordlevel-macro_precision": 0.8271656783185407, "test_wordlevel-macro_recall": 0.871280896922593, "test_wordlevel-macro_f1": 0.847908033897593, "test_wordlevel-O_precision": 0.9868544015949162, "test_wordlevel-O_recall": 0.9778381381566763, "test_wordlevel-O_f1": 0.9823255813953489, "test_wordlevel-ISG_precision": 0.7282608695652174, "test_wordlevel-ISG_recall": 0.8220858895705522, "test_wordlevel-ISG_f1": 0.7723342939481268, "test_wordlevel-SG_precision": 0.8010403120936281, "test_wordlevel-SG_recall": 0.8083989501312336, "test_wordlevel-SG_f1": 0.8047028086218158, "test_wordlevel-PG_precision": 0.920863309352518, "test_wordlevel-PG_recall": 0.9481481481481482, "test_wordlevel-PG_f1": 0.9343065693430658, "test_wordlevel-PI_precision": 0.7791666666666667, "test_wordlevel-PI_recall": 0.9048387096774193, "test_wordlevel-PI_f1": 0.8373134328358208, "test_wordlevel-ORG_precision": 0.7468085106382979, "test_wordlevel-ORG_recall": 0.7663755458515283, "test_wordlevel-ORG_f1": 0.7564655172413793, "test_runtime": 5.0897, "test_samples_per_second": 172.112, "test_steps_per_second": 2.751, "epoch": 6.0, "run_id": "rep02-step02"}
