{"test_loss": 0.10127157717943192, "test_seqeval-macro_precision": 0.853351299183311, "test_seqeval-macro_recall": 0.8753587336124813, "test_seqeval-macro_f1": 0.8641730363464202, "test_seqeval-micro_precision": 0.851685393258427, "test_seqeval-micro_recall": 0.8732718894009217, "test_seqeval-micro_f1": 0.8623435722411832, "test_seqeval-ISG_precision": 0.8421052631578947, "test_seqeval-ISG_recall": 0.8533333333333334, "test_seqeval-ISG_f1": 0.847682119205298, "test_seqeval-SG_precision": 0.828, "test_seqeval-SG_recall": 0.8313253012048193, "test_seqeval-SG_f1": 0.8296593186372745, "test_seqeval-PG_precision": 0.9036144578313253, "test_seqeval-PG_recall": 0.9375, "test_seqeval-PG_f1": 0.920245398773006, "test_seqeval-PI_precision": 0.8536585365853658, "test_seqeval-PI_recall": 0.8883248730964467, "test_seqeval-PI_f1": 0.8706467661691542, "test_seqeval-ORG_precision": 0.8393782383419689, "test_seqeval-ORG_recall": 0.8663101604278075, "test_seqeval-ORG_f1": 0.8526315789473684, "test_spanlevel-macro_precision_spanwise": 0.8620972239656994, "test_spanlevel-macro_recall_spanwise": 0.8597507649382132, "test_spanlevel-macro_f1_spanwise": 0.8570990102626975, "test_spanlevel-macro_precision_seqavg": 0.8482224120503039, "test_spanlevel-macro_recall_seqavg": 0.8457592797692671, "test_spanlevel-macro_f1_seqavg": 0.8439788336714104, "test_spanlevel-micro_precision_spanwise": 0.9098224195338512, "test_spanlevel-micro_recall_spanwise": 0.9090429825446474, "test_spanlevel-micro_f1_spanwise": 0.9042196693877048, "test_spanlevel-micro_precision_seqavg": 0.9037701616520444, "test_spanlevel-micro_recall_seqavg": 0.9050029603315572, "test_spanlevel-micro_f1_seqavg": 0.8987972541681689, "test_spanlevel-ISG_precision_spanwise": 0.763888888888889, "test_spanlevel-ISG_recall_spanwise": 0.7698412698412699, "test_spanlevel-ISG_f1_spanwise": 0.765873015873016, "test_spanlevel-ISG_precision_seqavg": 0.7047867669104348, "test_spanlevel-ISG_recall_seqavg": 0.709563500200295, "test_spanlevel-ISG_f1_seqavg": 0.7063790113403882, "test_spanlevel-SG_precision_spanwise": 0.8952287581699346, "test_spanlevel-SG_recall_spanwise": 0.8987225193107545, "test_spanlevel-SG_f1_spanwise": 0.8906568344255091, "test_spanlevel-SG_precision_seqavg": 0.9104245613113215, "test_spanlevel-SG_recall_seqavg": 0.892982185557893, "test_spanlevel-SG_f1_seqavg": 0.895153932361552, "test_spanlevel-PG_precision_spanwise": 0.9383838383838383, "test_spanlevel-PG_recall_spanwise": 0.9434343434343434, "test_spanlevel-PG_f1_spanwise": 0.9383838383838383, "test_spanlevel-PG_precision_seqavg": 0.8755120491940637, "test_spanlevel-PG_recall_seqavg": 0.8878957460259643, "test_spanlevel-PG_f1_seqavg": 0.8793237805631727, "test_spanlevel-PI_precision_spanwise": 0.8794470526864893, "test_spanlevel-PI_recall_spanwise": 0.8628586332811685, "test_spanlevel-PI_f1_spanwise": 0.8661897309784633, "test_spanlevel-PI_precision_seqavg": 0.8855691785262465, "test_spanlevel-PI_recall_seqavg": 0.8825889255087778, "test_spanlevel-PI_f1_seqavg": 0.8818381201955868, "test_spanlevel-ORG_precision_spanwise": 0.8335375816993463, "test_spanlevel-ORG_recall_spanwise": 0.8238970588235294, "test_spanlevel-ORG_f1_spanwise": 0.824391631652661, "test_spanlevel-ORG_precision_seqavg": 0.8648195043094529, "test_spanlevel-ORG_recall_seqavg": 0.8557660415534053, "test_spanlevel-ORG_f1_seqavg": 0.8571993238963519, "test_spanlevel-macro_precision_relaxed": 0.9184744523153614, "test_spanlevel-macro_recall_relaxed": 0.9297924500479245, "test_spanlevel-macro_f1_relaxed": 0.9480545987497374, "test_spanlevel-micro_precision_relaxed": 0.9180577856486948, "test_spanlevel-micro_recall_relaxed": 0.9294376244193762, "test_spanlevel-micro_f1_relaxed": 0.9474712941610832, "test_spanlevel-ISG_precision_relaxed": 0.8541666666666666, "test_spanlevel-ISG_recall_relaxed": 0.8680555555555556, "test_spanlevel-ISG_f1_relaxed": 0.978835978835979, "test_spanlevel-SG_precision_relaxed": 0.9297619047619048, "test_spanlevel-SG_recall_relaxed": 0.9220833333333335, "test_spanlevel-SG_f1_relaxed": 0.9607762457204273, "test_spanlevel-PG_precision_relaxed": 0.9472049689440993, "test_spanlevel-PG_recall_relaxed": 0.9799578059071729, "test_spanlevel-PG_f1_relaxed": 0.9807692307692307, "test_spanlevel-PI_precision_relaxed": 0.9121630506245891, "test_spanlevel-PI_recall_relaxed": 0.9378600823045268, "test_spanlevel-PI_f1_relaxed": 0.9684922793752816, "test_spanlevel-ORG_precision_relaxed": 0.9027911840411841, "test_spanlevel-ORG_recall_relaxed": 0.8896666666666666, "test_spanlevel-ORG_f1_relaxed": 0.9643030935001737, "test_doclevel-micro_precision": 0.9727272727272728, "test_doclevel-micro_recall": 0.9762773722627737, "test_doclevel-micro_f1": 0.9744990892531876, "test_doclevel-ISG_precision": 0.8888888888888888, "test_doclevel-ISG_recall": 0.8888888888888888, "test_doclevel-ISG_f1": 0.8888888888888888, "test_doclevel-SG_precision": 0.9693877551020408, "test_doclevel-SG_recall": 0.95, "test_doclevel-SG_f1": 0.9595959595959594, "test_doclevel-PG_precision": 0.968944099378882, "test_doclevel-PG_recall": 0.9873417721518988, "test_doclevel-PG_f1": 0.9780564263322885, "test_doclevel-PI_precision": 0.9289940828402367, "test_doclevel-PI_recall": 0.9691358024691358, "test_doclevel-PI_f1": 0.9486404833836858, "test_doclevel-ORG_precision": 0.9324324324324325, "test_doclevel-ORG_recall": 0.92, "test_doclevel-ORG_f1": 0.9261744966442953, "test_wordlevel-macro_precision": 0.9276602856402832, "test_wordlevel-macro_recall": 0.9250647975954922, "test_wordlevel-macro_f1": 0.9262381077057178, "test_wordlevel-O_precision": 0.9894868760008355, "test_wordlevel-O_recall": 0.9909357132896388, "test_wordlevel-O_f1": 0.9902107646751437, "test_wordlevel-ISG_precision": 0.8688524590163934, "test_wordlevel-ISG_recall": 0.848, "test_wordlevel-ISG_f1": 0.8582995951417004, "test_wordlevel-SG_precision": 0.936094674556213, "test_wordlevel-SG_recall": 0.9112903225806451, "test_wordlevel-SG_f1": 0.9235259778166959, "test_wordlevel-PG_precision": 0.9328358208955224, "test_wordlevel-PG_recall": 0.9727626459143969, "test_wordlevel-PG_f1": 0.9523809523809523, "test_wordlevel-PI_precision": 0.9259259259259259, "test_wordlevel-PI_recall": 0.9146341463414634, "test_wordlevel-PI_f1": 0.9202453987730062, "test_wordlevel-ORG_precision": 0.9127659574468086, "test_wordlevel-ORG_recall": 0.9127659574468086, "test_wordlevel-ORG_f1": 0.9127659574468086, "test_runtime": 4.3624, "test_samples_per_second": 185.448, "test_steps_per_second": 2.98, "epoch": 5.0, "run_id": "rep03-step05"}
