{"test_loss": 0.21678979694843292, "test_seqeval-macro_precision": 0.6676590483656988, "test_seqeval-macro_recall": 0.7253520601076017, "test_seqeval-macro_f1": 0.6951614251144734, "test_seqeval-micro_precision": 0.6729678638941399, "test_seqeval-micro_recall": 0.731006160164271, "test_seqeval-micro_f1": 0.7007874015748031, "test_seqeval-PI_precision": 0.7757352941176471, "test_seqeval-PI_recall": 0.8022813688212928, "test_seqeval-PI_f1": 0.788785046728972, "test_seqeval-ISG_precision": 0.5726495726495726, "test_seqeval-ISG_recall": 0.6203703703703703, "test_seqeval-ISG_f1": 0.5955555555555555, "test_seqeval-PG_precision": 0.7654320987654321, "test_seqeval-PG_recall": 0.8493150684931506, "test_seqeval-PG_f1": 0.8051948051948052, "test_seqeval-SG_precision": 0.6079734219269103, "test_seqeval-SG_recall": 0.6828358208955224, "test_seqeval-SG_f1": 0.6432337434094904, "test_seqeval-ORG_precision": 0.616504854368932, "test_seqeval-ORG_recall": 0.671957671957672, "test_seqeval-ORG_f1": 0.6430379746835443, "test_spanlevel-macro_precision_spanwise": 0.6909202508451531, "test_spanlevel-macro_recall_spanwise": 0.6933627201814188, "test_spanlevel-macro_f1_spanwise": 0.6854975162299655, "test_spanlevel-macro_precision_seqavg": 0.6749600910584881, "test_spanlevel-macro_recall_seqavg": 0.6754891007347913, "test_spanlevel-macro_f1_seqavg": 0.6692247982869061, "test_spanlevel-micro_precision_spanwise": 0.7996257973594422, "test_spanlevel-micro_recall_spanwise": 0.8046028711682917, "test_spanlevel-micro_f1_spanwise": 0.7916358185308013, "test_spanlevel-micro_precision_seqavg": 0.7941033739503127, "test_spanlevel-micro_recall_seqavg": 0.7959046197566606, "test_spanlevel-micro_f1_seqavg": 0.7839410135566047, "test_spanlevel-PI_precision_spanwise": 0.774791429654911, "test_spanlevel-PI_recall_spanwise": 0.7724687144482366, "test_spanlevel-PI_f1_spanwise": 0.7697774921324408, "test_spanlevel-PI_precision_seqavg": 0.7556540714990382, "test_spanlevel-PI_recall_seqavg": 0.7502591259227446, "test_spanlevel-PI_f1_seqavg": 0.748746416119973, "test_spanlevel-ISG_precision_spanwise": 0.4969362745098039, "test_spanlevel-ISG_recall_spanwise": 0.503063725490196, "test_spanlevel-ISG_f1_spanwise": 0.4954044117647059, "test_spanlevel-ISG_precision_seqavg": 0.4537200721948494, "test_spanlevel-ISG_recall_seqavg": 0.45064955565426434, "test_spanlevel-ISG_f1_seqavg": 0.44981505103410413, "test_spanlevel-PG_precision_spanwise": 0.8369791666666666, "test_spanlevel-PG_recall_spanwise": 0.8521875000000001, "test_spanlevel-PG_f1_spanwise": 0.8398462301587302, "test_spanlevel-PG_precision_seqavg": 0.798950108504042, "test_spanlevel-PG_recall_seqavg": 0.8127063733672834, "test_spanlevel-PG_f1_seqavg": 0.8011133368983697, "test_spanlevel-SG_precision_spanwise": 0.6964285714285714, "test_spanlevel-SG_recall_spanwise": 0.7212517806267806, "test_spanlevel-SG_f1_spanwise": 0.6975460888472583, "test_spanlevel-SG_precision_seqavg": 0.7179047742205754, "test_spanlevel-SG_recall_seqavg": 0.7357975992242399, "test_spanlevel-SG_f1_seqavg": 0.714086434953243, "test_spanlevel-ORG_precision_spanwise": 0.6494658119658121, "test_spanlevel-ORG_recall_spanwise": 0.6178418803418803, "test_spanlevel-ORG_f1_spanwise": 0.6249133582466917, "test_spanlevel-ORG_precision_seqavg": 0.6485714288739353, "test_spanlevel-ORG_recall_seqavg": 0.6280328495054242, "test_spanlevel-ORG_f1_seqavg": 0.6323627524288409, "test_spanlevel-macro_precision_relaxed": 0.7910933663588893, "test_spanlevel-macro_recall_relaxed": 0.8383099906629319, "test_spanlevel-macro_f1_relaxed": 0.8898804246544569, "test_spanlevel-micro_precision_relaxed": 0.7893534728706297, "test_spanlevel-micro_recall_relaxed": 0.8389845938375351, "test_spanlevel-micro_f1_relaxed": 0.8893114472245343, "test_spanlevel-PI_precision_relaxed": 0.8494949494949495, "test_spanlevel-PI_recall_relaxed": 0.8704545454545455, "test_spanlevel-PI_f1_relaxed": 0.9440251461060576, "test_spanlevel-ISG_precision_relaxed": 0.6293402777777778, "test_spanlevel-ISG_recall_relaxed": 0.6857638888888888, "test_spanlevel-ISG_f1_relaxed": 0.903781512605042, "test_spanlevel-PG_precision_relaxed": 0.8703703703703703, "test_spanlevel-PG_recall_relaxed": 0.9638489208633093, "test_spanlevel-PG_f1_relaxed": 0.9389896867838045, "test_spanlevel-SG_precision_relaxed": 0.771192789522386, "test_spanlevel-SG_recall_relaxed": 0.8429457364341084, "test_spanlevel-SG_f1_relaxed": 0.9099133132188367, "test_spanlevel-ORG_precision_relaxed": 0.7803078556263269, "test_spanlevel-ORG_recall_relaxed": 0.791476407914764, "test_spanlevel-ORG_f1_relaxed": 0.8935040323842237, "test_doclevel-micro_precision": 0.9313725490196079, "test_doclevel-micro_recall": 0.957983193277311, "test_doclevel-micro_f1": 0.9444904722452362, "test_doclevel-PI_precision": 0.9090909090909091, "test_doclevel-PI_recall": 0.9090909090909091, "test_doclevel-PI_f1": 0.9090909090909091, "test_doclevel-ISG_precision": 0.7291666666666666, "test_doclevel-ISG_recall": 0.7291666666666666, "test_doclevel-ISG_f1": 0.7291666666666665, "test_doclevel-PG_precision": 0.9444444444444444, "test_doclevel-PG_recall": 0.9784172661870504, "test_doclevel-PG_f1": 0.96113074204947, "test_doclevel-SG_precision": 0.8475336322869955, "test_doclevel-SG_recall": 0.8790697674418605, "test_doclevel-SG_f1": 0.8630136986301369, "test_doclevel-ORG_precision": 0.821656050955414, "test_doclevel-ORG_recall": 0.8835616438356164, "test_doclevel-ORG_f1": 0.8514851485148515, "test_wordlevel-macro_precision": 0.8001547220181404, "test_wordlevel-macro_recall": 0.8261986575161346, "test_wordlevel-macro_f1": 0.8123748753435098, "test_wordlevel-O_precision": 0.9810723594389972, "test_wordlevel-O_recall": 0.9759244397802334, "test_wordlevel-O_f1": 0.9784916287562282, "test_wordlevel-PI_precision": 0.8238993710691824, "test_wordlevel-PI_recall": 0.8451612903225807, "test_wordlevel-PI_f1": 0.8343949044585988, "test_wordlevel-ISG_precision": 0.631578947368421, "test_wordlevel-ISG_recall": 0.6625766871165644, "test_wordlevel-ISG_f1": 0.6467065868263473, "test_wordlevel-PG_precision": 0.847682119205298, "test_wordlevel-PG_recall": 0.9481481481481482, "test_wordlevel-PG_f1": 0.8951048951048952, "test_wordlevel-SG_precision": 0.7291666666666666, "test_wordlevel-SG_recall": 0.7808398950131233, "test_wordlevel-SG_f1": 0.7541191381495564, "test_wordlevel-ORG_precision": 0.7875288683602771, "test_wordlevel-ORG_recall": 0.7445414847161572, "test_wordlevel-ORG_f1": 0.7654320987654322, "test_runtime": 6.3826, "test_samples_per_second": 137.249, "test_steps_per_second": 2.193, "epoch": 5.0, "run_id": "rep02-step01"}
