{"test_loss": 0.10997895896434784, "test_seqeval-macro_precision": 0.7884823335726985, "test_seqeval-macro_recall": 0.8325810924477054, "test_seqeval-macro_f1": 0.8096655188802121, "test_seqeval-micro_precision": 0.7868217054263565, "test_seqeval-micro_recall": 0.8336755646817249, "test_seqeval-micro_f1": 0.8095712861415753, "test_seqeval-SG_precision": 0.7585034013605442, "test_seqeval-SG_recall": 0.832089552238806, "test_seqeval-SG_f1": 0.7935943060498221, "test_seqeval-ORG_precision": 0.7373737373737373, "test_seqeval-ORG_recall": 0.7724867724867724, "test_seqeval-ORG_f1": 0.7545219638242894, "test_seqeval-ISG_precision": 0.7310924369747899, "test_seqeval-ISG_recall": 0.8055555555555556, "test_seqeval-ISG_f1": 0.7665198237885463, "test_seqeval-PI_precision": 0.8181818181818182, "test_seqeval-PI_recall": 0.8555133079847909, "test_seqeval-PI_f1": 0.8364312267657993, "test_seqeval-PG_precision": 0.8972602739726028, "test_seqeval-PG_recall": 0.8972602739726028, "test_seqeval-PG_f1": 0.8972602739726028, "test_spanlevel-macro_precision_spanwise": 0.8156247129164369, "test_spanlevel-macro_recall_spanwise": 0.8092376808772899, "test_spanlevel-macro_f1_spanwise": 0.8078596917286417, "test_spanlevel-macro_precision_seqavg": 0.8035181527844001, "test_spanlevel-macro_recall_seqavg": 0.7942348469850422, "test_spanlevel-macro_f1_seqavg": 0.794563520567681, "test_spanlevel-micro_precision_spanwise": 0.8788303282478039, "test_spanlevel-micro_recall_spanwise": 0.875054337710371, "test_spanlevel-micro_f1_spanwise": 0.8710687603237203, "test_spanlevel-micro_precision_seqavg": 0.8785221474953618, "test_spanlevel-micro_recall_seqavg": 0.8756581414295352, "test_spanlevel-micro_f1_seqavg": 0.8706254580139393, "test_spanlevel-SG_precision_spanwise": 0.8390784982935154, "test_spanlevel-SG_recall_spanwise": 0.837270437185113, "test_spanlevel-SG_f1_spanwise": 0.8324452709524679, "test_spanlevel-SG_precision_seqavg": 0.8389839678629851, "test_spanlevel-SG_recall_seqavg": 0.8276781129565137, "test_spanlevel-SG_f1_seqavg": 0.8271573460114948, "test_spanlevel-ORG_precision_spanwise": 0.7465437788018433, "test_spanlevel-ORG_recall_spanwise": 0.7251042352424841, "test_spanlevel-ORG_f1_spanwise": 0.7324755121990145, "test_spanlevel-ORG_precision_seqavg": 0.755013398067293, "test_spanlevel-ORG_recall_seqavg": 0.7260779301687748, "test_spanlevel-ORG_f1_seqavg": 0.7360640291320255, "test_spanlevel-ISG_precision_spanwise": 0.7005208333333333, "test_spanlevel-ISG_recall_spanwise": 0.6927083333333333, "test_spanlevel-ISG_f1_spanwise": 0.6924479166666666, "test_spanlevel-ISG_precision_seqavg": 0.6381328550019701, "test_spanlevel-ISG_recall_seqavg": 0.6327996173929226, "test_spanlevel-ISG_f1_seqavg": 0.63344093474184, "test_spanlevel-PI_precision_spanwise": 0.8375586854460094, "test_spanlevel-PI_recall_spanwise": 0.8428060788976283, "test_spanlevel-PI_f1_spanwise": 0.8352825285043595, "test_spanlevel-PI_precision_seqavg": 0.8253347036458414, "test_spanlevel-PI_recall_seqavg": 0.8367528367555604, "test_spanlevel-PI_f1_seqavg": 0.8263447100641161, "test_spanlevel-PG_precision_spanwise": 0.9544217687074831, "test_spanlevel-PG_recall_spanwise": 0.9482993197278912, "test_spanlevel-PG_f1_spanwise": 0.9466472303206996, "test_spanlevel-PG_precision_seqavg": 0.9601258393439113, "test_spanlevel-PG_recall_seqavg": 0.9478657376514397, "test_spanlevel-PG_f1_seqavg": 0.9498105828889287, "test_spanlevel-macro_precision_relaxed": 0.8833725544481354, "test_spanlevel-macro_recall_relaxed": 0.9032372646028111, "test_spanlevel-macro_f1_relaxed": 0.9314384578429878, "test_spanlevel-micro_precision_relaxed": 0.8816201286716234, "test_spanlevel-micro_recall_relaxed": 0.9027890853311021, "test_spanlevel-micro_f1_relaxed": 0.9297751942485414, "test_spanlevel-SG_precision_relaxed": 0.882252388134741, "test_spanlevel-SG_recall_relaxed": 0.918078626799557, "test_spanlevel-SG_f1_relaxed": 0.94785810545906, "test_spanlevel-ORG_precision_relaxed": 0.8592342342342342, "test_spanlevel-ORG_recall_relaxed": 0.8556153511632963, "test_spanlevel-ORG_f1_relaxed": 0.9500311742455435, "test_spanlevel-ISG_precision_relaxed": 0.7866666666666666, "test_spanlevel-ISG_recall_relaxed": 0.8394097222222222, "test_spanlevel-ISG_f1_relaxed": 0.9476689366160292, "test_spanlevel-PI_precision_relaxed": 0.8862612612612613, "test_spanlevel-PI_recall_relaxed": 0.9173799685163322, "test_spanlevel-PI_f1_relaxed": 0.957129022541644, "test_spanlevel-PG_precision_relaxed": 0.9808394160583942, "test_spanlevel-PG_recall_relaxed": 0.9561151079136692, "test_spanlevel-PG_f1_relaxed": 0.9769957983193277, "test_doclevel-micro_precision": 0.9651162790697675, "test_doclevel-micro_recall": 0.9764705882352941, "test_doclevel-micro_f1": 0.9707602339181286, "test_doclevel-SG_precision": 0.9230769230769231, "test_doclevel-SG_recall": 0.9488372093023256, "test_doclevel-SG_f1": 0.9357798165137615, "test_doclevel-ORG_precision": 0.8851351351351351, "test_doclevel-ORG_recall": 0.8972602739726028, "test_doclevel-ORG_f1": 0.891156462585034, "test_doclevel-ISG_precision": 0.83, "test_doclevel-ISG_recall": 0.8645833333333334, "test_doclevel-ISG_f1": 0.8469387755102041, "test_doclevel-PI_precision": 0.9324324324324325, "test_doclevel-PI_recall": 0.9409090909090909, "test_doclevel-PI_f1": 0.9366515837104072, "test_doclevel-PG_precision": 0.9927007299270073, "test_doclevel-PG_recall": 0.9784172661870504, "test_doclevel-PG_f1": 0.9855072463768116, "test_wordlevel-macro_precision": 0.8994898237355887, "test_wordlevel-macro_recall": 0.9003659025848441, "test_wordlevel-macro_f1": 0.899609432191601, "test_wordlevel-O_precision": 0.9886988204779843, "test_wordlevel-O_recall": 0.9883326131242669, "test_wordlevel-O_f1": 0.9885156828846628, "test_wordlevel-SG_precision": 0.8761290322580645, "test_wordlevel-SG_recall": 0.8910761154855643, "test_wordlevel-SG_f1": 0.8835393623942744, "test_wordlevel-ORG_precision": 0.8778801843317973, "test_wordlevel-ORG_recall": 0.8318777292576419, "test_wordlevel-ORG_f1": 0.8542600896860987, "test_wordlevel-ISG_precision": 0.791907514450867, "test_wordlevel-ISG_recall": 0.8404907975460123, "test_wordlevel-ISG_f1": 0.8154761904761905, "test_wordlevel-PI_precision": 0.8854003139717426, "test_wordlevel-PI_recall": 0.9096774193548387, "test_wordlevel-PI_f1": 0.8973747016706444, "test_wordlevel-PG_precision": 0.9769230769230769, "test_wordlevel-PG_recall": 0.9407407407407408, "test_wordlevel-PG_f1": 0.9584905660377359, "test_runtime": 8.2861, "test_samples_per_second": 105.719, "test_steps_per_second": 1.69, "epoch": 7.0}