{"test_loss": 0.1493360549211502, "test_seqeval-macro_precision": 0.7250155710244933, "test_seqeval-macro_recall": 0.7760407511221648, "test_seqeval-macro_f1": 0.7479935153899853, "test_seqeval-micro_precision": 0.7192488262910798, "test_seqeval-micro_recall": 0.7864476386036962, "test_seqeval-micro_f1": 0.7513487003433056, "test_seqeval-PI_precision": 0.7197452229299363, "test_seqeval-PI_recall": 0.8593155893536122, "test_seqeval-PI_f1": 0.7833622183708837, "test_seqeval-ISG_precision": 0.693069306930693, "test_seqeval-ISG_recall": 0.6481481481481481, "test_seqeval-ISG_f1": 0.6698564593301435, "test_seqeval-PG_precision": 0.8675496688741722, "test_seqeval-PG_recall": 0.8972602739726028, "test_seqeval-PG_f1": 0.8821548821548821, "test_seqeval-SG_precision": 0.75, "test_seqeval-SG_recall": 0.7611940298507462, "test_seqeval-SG_f1": 0.7555555555555554, "test_seqeval-ORG_precision": 0.5947136563876652, "test_seqeval-ORG_recall": 0.7142857142857143, "test_seqeval-ORG_f1": 0.6490384615384615, "test_spanlevel-macro_precision_spanwise": 0.7603359234802094, "test_spanlevel-macro_recall_spanwise": 0.7520019302176373, "test_spanlevel-macro_f1_spanwise": 0.7496065963121652, "test_spanlevel-macro_precision_seqavg": 0.7618734611315138, "test_spanlevel-macro_recall_seqavg": 0.7493892789695076, "test_spanlevel-macro_f1_seqavg": 0.7496152082677714, "test_spanlevel-micro_precision_spanwise": 0.8353289894527008, "test_spanlevel-micro_recall_spanwise": 0.827806955618577, "test_spanlevel-micro_f1_spanwise": 0.8238703022637831, "test_spanlevel-micro_precision_seqavg": 0.8369216122400838, "test_spanlevel-micro_recall_seqavg": 0.8308431936517128, "test_spanlevel-micro_f1_seqavg": 0.8257674708184894, "test_spanlevel-PI_precision_spanwise": 0.7563011828935395, "test_spanlevel-PI_recall_spanwise": 0.7667121625720352, "test_spanlevel-PI_f1_spanwise": 0.7555532577825572, "test_spanlevel-PI_precision_seqavg": 0.7393095052128664, "test_spanlevel-PI_recall_seqavg": 0.7461903848162379, "test_spanlevel-PI_f1_seqavg": 0.7382223827896085, "test_spanlevel-ISG_precision_spanwise": 0.6370967741935484, "test_spanlevel-ISG_recall_spanwise": 0.6129032258064516, "test_spanlevel-ISG_f1_spanwise": 0.6166666666666667, "test_spanlevel-ISG_precision_seqavg": 0.6167194713493167, "test_spanlevel-ISG_recall_seqavg": 0.6049955724624536, "test_spanlevel-ISG_f1_seqavg": 0.6075093365073999, "test_spanlevel-PG_precision_spanwise": 0.9261744966442953, "test_spanlevel-PG_recall_spanwise": 0.9266219239373602, "test_spanlevel-PG_f1_spanwise": 0.922254181314584, "test_spanlevel-PG_precision_seqavg": 0.9301444636568603, "test_spanlevel-PG_recall_seqavg": 0.9204261601096582, "test_spanlevel-PG_f1_seqavg": 0.9210064961542879, "test_spanlevel-SG_precision_spanwise": 0.8053363303363303, "test_spanlevel-SG_recall_spanwise": 0.7998834498834498, "test_spanlevel-SG_f1_spanwise": 0.7960690970572394, "test_spanlevel-SG_precision_seqavg": 0.7899548387358923, "test_spanlevel-SG_recall_seqavg": 0.7878950130538596, "test_spanlevel-SG_f1_seqavg": 0.7812710195536943, "test_spanlevel-ORG_precision_spanwise": 0.6767708333333334, "test_spanlevel-ORG_recall_spanwise": 0.6538888888888889, "test_spanlevel-ORG_f1_spanwise": 0.6574897787397788, "test_spanlevel-ORG_precision_seqavg": 0.7332390267026335, "test_spanlevel-ORG_recall_seqavg": 0.6874392644053284, "test_spanlevel-ORG_f1_seqavg": 0.7000668063338666, "test_spanlevel-macro_precision_relaxed": 0.8358102500259363, "test_spanlevel-macro_recall_relaxed": 0.8791013071895426, "test_spanlevel-macro_f1_relaxed": 0.9093596392791714, "test_spanlevel-micro_precision_relaxed": 0.8334409689801847, "test_spanlevel-micro_recall_relaxed": 0.879124649859944, "test_spanlevel-micro_f1_relaxed": 0.9079563608847663, "test_spanlevel-PI_precision_relaxed": 0.7901537698412698, "test_spanlevel-PI_recall_relaxed": 0.9401515151515152, "test_spanlevel-PI_f1_relaxed": 0.9216986188414759, "test_spanlevel-ISG_precision_relaxed": 0.8012820512820513, "test_spanlevel-ISG_recall_relaxed": 0.7356770833333334, "test_spanlevel-ISG_f1_relaxed": 0.9237101374124967, "test_spanlevel-PG_precision_relaxed": 0.9553140096618358, "test_spanlevel-PG_recall_relaxed": 0.9567146282973622, "test_spanlevel-PG_f1_relaxed": 0.9745999679333013, "test_spanlevel-SG_precision_relaxed": 0.9051120448179272, "test_spanlevel-SG_recall_relaxed": 0.8516537467700258, "test_spanlevel-SG_f1_relaxed": 0.9497446483922295, "test_spanlevel-ORG_precision_relaxed": 0.75, "test_spanlevel-ORG_recall_relaxed": 0.85662100456621, "test_spanlevel-ORG_f1_relaxed": 0.9133996749332519, "test_doclevel-micro_precision": 0.946078431372549, "test_doclevel-micro_recall": 0.973109243697479, "test_doclevel-micro_f1": 0.9594034797017399, "test_doclevel-PI_precision": 0.8791666666666667, "test_doclevel-PI_recall": 0.9590909090909091, "test_doclevel-PI_f1": 0.917391304347826, "test_doclevel-ISG_precision": 0.8351648351648352, "test_doclevel-ISG_recall": 0.7916666666666666, "test_doclevel-ISG_f1": 0.8128342245989305, "test_doclevel-PG_precision": 0.9782608695652174, "test_doclevel-PG_recall": 0.9712230215827338, "test_doclevel-PG_f1": 0.9747292418772563, "test_doclevel-SG_precision": 0.9362745098039216, "test_doclevel-SG_recall": 0.8883720930232558, "test_doclevel-SG_f1": 0.9116945107398567, "test_doclevel-ORG_precision": 0.8121212121212121, "test_doclevel-ORG_recall": 0.9178082191780822, "test_doclevel-ORG_f1": 0.8617363344051447, "test_wordlevel-macro_precision": 0.8559769539601042, "test_wordlevel-macro_recall": 0.859804480805119, "test_wordlevel-macro_f1": 0.8555418138878611, "test_wordlevel-O_precision": 0.9859329491231331, "test_wordlevel-O_recall": 0.982159392555096, "test_wordlevel-O_f1": 0.9840425531914893, "test_wordlevel-PI_precision": 0.75, "test_wordlevel-PI_recall": 0.9193548387096774, "test_wordlevel-PI_f1": 0.826086956521739, "test_wordlevel-ISG_precision": 0.7959183673469388, "test_wordlevel-ISG_recall": 0.7177914110429447, "test_wordlevel-ISG_f1": 0.7548387096774193, "test_wordlevel-PG_precision": 0.9442379182156134, "test_wordlevel-PG_recall": 0.9407407407407408, "test_wordlevel-PG_f1": 0.9424860853432283, "test_wordlevel-SG_precision": 0.9025110782865583, "test_wordlevel-SG_recall": 0.8018372703412073, "test_wordlevel-SG_f1": 0.8492008339124391, "test_wordlevel-ORG_precision": 0.7572614107883817, "test_wordlevel-ORG_recall": 0.7969432314410481, "test_wordlevel-ORG_f1": 0.7765957446808511, "test_runtime": 5.1464, "test_samples_per_second": 170.217, "test_steps_per_second": 2.72, "epoch": 6.0, "run_id": "rep02-step03"}
