{"test_loss": 0.06258755177259445, "test_seqeval-macro_precision": 0.8629629103057344, "test_seqeval-macro_recall": 0.8947699365758297, "test_seqeval-macro_f1": 0.8780440525219936, "test_seqeval-micro_precision": 0.8514173998044966, "test_seqeval-micro_recall": 0.8942505133470225, "test_seqeval-micro_f1": 0.872308462694041, "test_seqeval-SG_precision": 0.8514492753623188, "test_seqeval-SG_recall": 0.8768656716417911, "test_seqeval-SG_f1": 0.8639705882352942, "test_seqeval-ORG_precision": 0.7922705314009661, "test_seqeval-ORG_recall": 0.8677248677248677, "test_seqeval-ORG_f1": 0.8282828282828282, "test_seqeval-ISG_precision": 0.9065420560747663, "test_seqeval-ISG_recall": 0.8981481481481481, "test_seqeval-ISG_f1": 0.9023255813953489, "test_seqeval-PI_precision": 0.8344827586206897, "test_seqeval-PI_recall": 0.9201520912547528, "test_seqeval-PI_f1": 0.8752260397830018, "test_seqeval-PG_precision": 0.9300699300699301, "test_seqeval-PG_recall": 0.910958904109589, "test_seqeval-PG_f1": 0.9204152249134948, "test_spanlevel-macro_precision_spanwise": 0.8720953667126402, "test_spanlevel-macro_recall_spanwise": 0.8716622906261347, "test_spanlevel-macro_f1_spanwise": 0.867973469255815, "test_spanlevel-macro_precision_seqavg": 0.8874404862322376, "test_spanlevel-macro_recall_seqavg": 0.8865907723423957, "test_spanlevel-macro_f1_seqavg": 0.883322217633388, "test_spanlevel-micro_precision_spanwise": 0.903340939473563, "test_spanlevel-micro_recall_spanwise": 0.9047434656340754, "test_spanlevel-micro_f1_spanwise": 0.9003217283953006, "test_spanlevel-micro_precision_seqavg": 0.9000199054810705, "test_spanlevel-micro_recall_seqavg": 0.9028272204243077, "test_spanlevel-micro_f1_seqavg": 0.8970296633727055, "test_spanlevel-SG_precision_spanwise": 0.8816296483257613, "test_spanlevel-SG_recall_spanwise": 0.8930800942285041, "test_spanlevel-SG_f1_spanwise": 0.878875580642365, "test_spanlevel-SG_precision_seqavg": 0.903108022498317, "test_spanlevel-SG_recall_seqavg": 0.9061262194124616, "test_spanlevel-SG_f1_seqavg": 0.8983654186306994, "test_spanlevel-ORG_precision_spanwise": 0.8168992248062015, "test_spanlevel-ORG_recall_spanwise": 0.802015503875969, "test_spanlevel-ORG_f1_spanwise": 0.8065686768012349, "test_spanlevel-ORG_precision_seqavg": 0.8713216620674885, "test_spanlevel-ORG_recall_seqavg": 0.8633916618083513, "test_spanlevel-ORG_f1_seqavg": 0.8652170338015963, "test_spanlevel-ISG_precision_spanwise": 0.8275862068965517, "test_spanlevel-ISG_recall_spanwise": 0.8275862068965517, "test_spanlevel-ISG_f1_spanwise": 0.8275862068965517, "test_spanlevel-ISG_precision_seqavg": 0.8343293289149861, "test_spanlevel-ISG_recall_seqavg": 0.8343293289149861, "test_spanlevel-ISG_f1_seqavg": 0.8343293289149861, "test_spanlevel-PI_precision_spanwise": 0.8853821616979513, "test_spanlevel-PI_recall_spanwise": 0.8872169497169496, "test_spanlevel-PI_f1_spanwise": 0.881096681096681, "test_spanlevel-PI_precision_seqavg": 0.8645151016801008, "test_spanlevel-PI_recall_seqavg": 0.8755263354497665, "test_spanlevel-PI_f1_seqavg": 0.8635847378602092, "test_spanlevel-PG_precision_spanwise": 0.9489795918367347, "test_spanlevel-PG_recall_spanwise": 0.9484126984126984, "test_spanlevel-PG_f1_spanwise": 0.9457402008422416, "test_spanlevel-PG_precision_seqavg": 0.9639283160002958, "test_spanlevel-PG_recall_seqavg": 0.9535803161264128, "test_spanlevel-PG_f1_seqavg": 0.9551145689594494, "test_spanlevel-macro_precision_relaxed": 0.9057723592341645, "test_spanlevel-macro_recall_relaxed": 0.9418857543017208, "test_spanlevel-macro_f1_relaxed": 0.9524894336996534, "test_spanlevel-micro_precision_relaxed": 0.9045001644693831, "test_spanlevel-micro_recall_relaxed": 0.9418810857676404, "test_spanlevel-micro_f1_relaxed": 0.9517581040332532, "test_spanlevel-SG_precision_relaxed": 0.9088391963391963, "test_spanlevel-SG_recall_relaxed": 0.9463953488372093, "test_spanlevel-SG_f1_relaxed": 0.9552615841174806, "test_spanlevel-ORG_precision_relaxed": 0.8483870967741935, "test_spanlevel-ORG_recall_relaxed": 0.9154109589041094, "test_spanlevel-ORG_f1_relaxed": 0.9678465650196875, "test_spanlevel-ISG_precision_relaxed": 0.9060283687943261, "test_spanlevel-ISG_recall_relaxed": 0.890625, "test_spanlevel-ISG_f1_relaxed": 0.989922480620155, "test_spanlevel-PI_precision_relaxed": 0.8893374393430384, "test_spanlevel-PI_recall_relaxed": 0.9733766233766233, "test_spanlevel-PI_f1_relaxed": 0.9658877971691034, "test_spanlevel-PG_precision_relaxed": 0.9814814814814815, "test_spanlevel-PG_recall_relaxed": 0.9526378896882494, "test_spanlevel-PG_f1_relaxed": 0.9852523098791756, "test_doclevel-micro_precision": 0.9621087314662273, "test_doclevel-micro_recall": 0.9815126050420168, "test_doclevel-micro_f1": 0.9717138103161397, "test_doclevel-SG_precision": 0.9414414414414415, "test_doclevel-SG_recall": 0.9720930232558139, "test_doclevel-SG_f1": 0.9565217391304348, "test_doclevel-ORG_precision": 0.8838709677419355, "test_doclevel-ORG_recall": 0.9383561643835616, "test_doclevel-ORG_f1": 0.9102990033222592, "test_doclevel-ISG_precision": 0.9148936170212766, "test_doclevel-ISG_recall": 0.8958333333333334, "test_doclevel-ISG_f1": 0.9052631578947369, "test_doclevel-PI_precision": 0.9234042553191489, "test_doclevel-PI_recall": 0.9863636363636363, "test_doclevel-PI_f1": 0.9538461538461537, "test_doclevel-PG_precision": 0.9925925925925926, "test_doclevel-PG_recall": 0.9640287769784173, "test_doclevel-PG_f1": 0.9781021897810218, "test_wordlevel-macro_precision": 0.9273109124894569, "test_wordlevel-macro_recall": 0.9451531083474318, "test_wordlevel-macro_f1": 0.935720318141561, "test_wordlevel-O_precision": 0.9954669647292598, "test_wordlevel-O_recall": 0.9896289894437929, "test_wordlevel-O_f1": 0.9925393926260718, "test_wordlevel-SG_precision": 0.9021601016518425, "test_wordlevel-SG_recall": 0.931758530183727, "test_wordlevel-SG_f1": 0.9167204648160103, "test_wordlevel-ORG_precision": 0.8900634249471459, "test_wordlevel-ORG_recall": 0.9192139737991266, "test_wordlevel-ORG_f1": 0.9044038668098818, "test_wordlevel-ISG_precision": 0.9135802469135802, "test_wordlevel-ISG_recall": 0.9079754601226994, "test_wordlevel-ISG_f1": 0.9107692307692307, "test_wordlevel-PI_precision": 0.8817518248175182, "test_wordlevel-PI_recall": 0.9741935483870968, "test_wordlevel-PI_f1": 0.9256704980842912, "test_wordlevel-PG_precision": 0.9808429118773946, "test_wordlevel-PG_recall": 0.9481481481481482, "test_wordlevel-PG_f1": 0.9642184557438795, "test_runtime": 8.2038, "test_samples_per_second": 106.78, "test_steps_per_second": 1.707, "epoch": 4.0}