{"test_loss": 0.1654166877269745, "test_seqeval-macro_precision": 0.7097697299803165, "test_seqeval-macro_recall": 0.7320059366105264, "test_seqeval-macro_f1": 0.7183609434659477, "test_seqeval-micro_precision": 0.7089715536105032, "test_seqeval-micro_recall": 0.7465437788018433, "test_seqeval-micro_f1": 0.7272727272727273, "test_seqeval-ISG_precision": 0.671875, "test_seqeval-ISG_recall": 0.5733333333333334, "test_seqeval-ISG_f1": 0.6187050359712232, "test_seqeval-SG_precision": 0.7478991596638656, "test_seqeval-SG_recall": 0.714859437751004, "test_seqeval-SG_f1": 0.731006160164271, "test_seqeval-PG_precision": 0.8520710059171598, "test_seqeval-PG_recall": 0.9, "test_seqeval-PG_f1": 0.8753799392097265, "test_seqeval-PI_precision": 0.6428571428571429, "test_seqeval-PI_recall": 0.7766497461928934, "test_seqeval-PI_f1": 0.7034482758620689, "test_seqeval-ORG_precision": 0.6341463414634146, "test_seqeval-ORG_recall": 0.6951871657754011, "test_seqeval-ORG_f1": 0.6632653061224489, "test_spanlevel-macro_precision_spanwise": 0.7446057022970153, "test_spanlevel-macro_recall_spanwise": 0.7287198070660714, "test_spanlevel-macro_f1_spanwise": 0.7283571211026526, "test_spanlevel-macro_precision_seqavg": 0.7209471591893829, "test_spanlevel-macro_recall_seqavg": 0.7062778786318977, "test_spanlevel-macro_f1_seqavg": 0.7062149498097845, "test_spanlevel-micro_precision_spanwise": 0.8461407910271547, "test_spanlevel-micro_recall_spanwise": 0.826701675849403, "test_spanlevel-micro_f1_spanwise": 0.8271208586154452, "test_spanlevel-micro_precision_seqavg": 0.8448617081497992, "test_spanlevel-micro_recall_seqavg": 0.8270371391759308, "test_spanlevel-micro_f1_seqavg": 0.8266449651455815, "test_spanlevel-ISG_precision_spanwise": 0.5421455938697318, "test_spanlevel-ISG_recall_spanwise": 0.5478927203065134, "test_spanlevel-ISG_f1_spanwise": 0.5379310344827586, "test_spanlevel-ISG_precision_seqavg": 0.513461973035953, "test_spanlevel-ISG_recall_seqavg": 0.5212139219345338, "test_spanlevel-ISG_f1_seqavg": 0.5117975318259662, "test_spanlevel-SG_precision_spanwise": 0.8005747126436781, "test_spanlevel-SG_recall_spanwise": 0.7707552398644353, "test_spanlevel-SG_f1_spanwise": 0.7739407943282453, "test_spanlevel-SG_precision_seqavg": 0.7943870920820555, "test_spanlevel-SG_recall_seqavg": 0.7557219698673588, "test_spanlevel-SG_f1_seqavg": 0.7629559336459656, "test_spanlevel-PG_precision_spanwise": 0.9087771203155818, "test_spanlevel-PG_recall_spanwise": 0.9102564102564101, "test_spanlevel-PG_f1_spanwise": 0.9044378698224853, "test_spanlevel-PG_precision_seqavg": 0.8789411344714053, "test_spanlevel-PG_recall_seqavg": 0.8700818813715685, "test_spanlevel-PG_f1_seqavg": 0.8678728329164969, "test_spanlevel-PI_precision_spanwise": 0.7535416666666667, "test_spanlevel-PI_recall_spanwise": 0.7338194444444445, "test_spanlevel-PI_f1_spanwise": 0.735193302068302, "test_spanlevel-PI_precision_seqavg": 0.6974585871709484, "test_spanlevel-PI_recall_seqavg": 0.6950524485472854, "test_spanlevel-PI_f1_seqavg": 0.6905107050271454, "test_spanlevel-ORG_precision_spanwise": 0.717989417989418, "test_spanlevel-ORG_recall_spanwise": 0.6808752204585539, "test_spanlevel-ORG_f1_spanwise": 0.6902826048114719, "test_spanlevel-ORG_precision_seqavg": 0.7204870091865522, "test_spanlevel-ORG_recall_seqavg": 0.6893191714387423, "test_spanlevel-ORG_f1_seqavg": 0.6979377456333484, "test_spanlevel-macro_precision_relaxed": 0.8578864513508021, "test_spanlevel-macro_recall_relaxed": 0.8519418145216506, "test_spanlevel-macro_f1_relaxed": 0.9030524373415391, "test_spanlevel-micro_precision_relaxed": 0.8563477554336787, "test_spanlevel-micro_recall_relaxed": 0.850172031182524, "test_spanlevel-micro_f1_relaxed": 0.9012044269456325, "test_spanlevel-ISG_precision_relaxed": 0.7583333333333333, "test_spanlevel-ISG_recall_relaxed": 0.6458333333333334, "test_spanlevel-ISG_f1_relaxed": 0.9176870748299321, "test_spanlevel-SG_precision_relaxed": 0.9155643738977072, "test_spanlevel-SG_recall_relaxed": 0.8245464015151515, "test_spanlevel-SG_f1_relaxed": 0.9174583908203835, "test_spanlevel-PG_precision_relaxed": 0.9342650103519669, "test_spanlevel-PG_recall_relaxed": 0.970464135021097, "test_spanlevel-PG_f1_relaxed": 0.9641025641025641, "test_spanlevel-PI_precision_relaxed": 0.7779394473838919, "test_spanlevel-PI_recall_relaxed": 0.9075617283950618, "test_spanlevel-PI_f1_relaxed": 0.9275241353700101, "test_spanlevel-ORG_precision_relaxed": 0.8090322580645162, "test_spanlevel-ORG_recall_relaxed": 0.7991666666666667, "test_spanlevel-ORG_f1_relaxed": 0.9248196337789097, "test_doclevel-micro_precision": 0.9579524680073126, "test_doclevel-micro_recall": 0.9562043795620438, "test_doclevel-micro_f1": 0.9570776255707762, "test_doclevel-ISG_precision": 0.8166666666666667, "test_doclevel-ISG_recall": 0.6805555555555556, "test_doclevel-ISG_f1": 0.7424242424242424, "test_doclevel-SG_precision": 0.9576719576719577, "test_doclevel-SG_recall": 0.905, "test_doclevel-SG_f1": 0.9305912596401028, "test_doclevel-PG_precision": 0.968944099378882, "test_doclevel-PG_recall": 0.9873417721518988, "test_doclevel-PG_f1": 0.9780564263322885, "test_doclevel-PI_precision": 0.8306878306878307, "test_doclevel-PI_recall": 0.9691358024691358, "test_doclevel-PI_f1": 0.8945868945868947, "test_doclevel-ORG_precision": 0.8516129032258064, "test_doclevel-ORG_recall": 0.88, "test_doclevel-ORG_f1": 0.8655737704918034, "test_wordlevel-macro_precision": 0.8619491391812361, "test_wordlevel-macro_recall": 0.8234177371570609, "test_wordlevel-macro_f1": 0.8388836858323963, "test_wordlevel-O_precision": 0.9758620689655172, "test_wordlevel-O_recall": 0.9866127457816204, "test_wordlevel-O_f1": 0.9812079606129949, "test_wordlevel-ISG_precision": 0.7692307692307693, "test_wordlevel-ISG_recall": 0.64, "test_wordlevel-ISG_f1": 0.6986899563318777, "test_wordlevel-SG_precision": 0.918918918918919, "test_wordlevel-SG_recall": 0.7442396313364056, "test_wordlevel-SG_f1": 0.8224061107574794, "test_wordlevel-PG_precision": 0.8974358974358975, "test_wordlevel-PG_recall": 0.953307392996109, "test_wordlevel-PG_f1": 0.9245283018867925, "test_wordlevel-PI_precision": 0.7700534759358288, "test_wordlevel-PI_recall": 0.8780487804878049, "test_wordlevel-PI_f1": 0.8205128205128206, "test_wordlevel-ORG_precision": 0.8401937046004843, "test_wordlevel-ORG_recall": 0.7382978723404255, "test_wordlevel-ORG_f1": 0.7859569648924122, "test_runtime": 4.5108, "test_samples_per_second": 179.348, "test_steps_per_second": 2.882, "epoch": 5.0, "run_id": "rep03-step03"}
