{"test_loss": 0.2010030597448349, "test_seqeval-macro_precision": 0.7618269233962964, "test_seqeval-macro_recall": 0.8059851002967464, "test_seqeval-macro_f1": 0.782530140249578, "test_seqeval-micro_precision": 0.7601769911504425, "test_seqeval-micro_recall": 0.8058161350844277, "test_seqeval-micro_f1": 0.7823315118397084, "test_seqeval-SG_precision": 0.7799442896935933, "test_seqeval-SG_recall": 0.7843137254901961, "test_seqeval-SG_f1": 0.7821229050279328, "test_seqeval-ORG_precision": 0.708, "test_seqeval-ORG_recall": 0.7866666666666666, "test_seqeval-ORG_f1": 0.7452631578947367, "test_seqeval-ISG_precision": 0.6910569105691057, "test_seqeval-ISG_recall": 0.6910569105691057, "test_seqeval-ISG_f1": 0.6910569105691057, "test_seqeval-PI_precision": 0.7094017094017094, "test_seqeval-PI_recall": 0.83, "test_seqeval-PI_f1": 0.7649769585253456, "test_seqeval-PG_precision": 0.9207317073170732, "test_seqeval-PG_recall": 0.937888198757764, "test_seqeval-PG_f1": 0.9292307692307693, "test_spanlevel-macro_precision_spanwise": 0.7720012983773359, "test_spanlevel-macro_recall_spanwise": 0.7663891453803293, "test_spanlevel-macro_f1_spanwise": 0.7636579030163112, "test_spanlevel-macro_precision_seqavg": 0.7947049853886847, "test_spanlevel-macro_recall_seqavg": 0.7892540088632669, "test_spanlevel-macro_f1_seqavg": 0.7871656115316179, "test_spanlevel-micro_precision_spanwise": 0.8516225193158959, "test_spanlevel-micro_recall_spanwise": 0.8484217881855678, "test_spanlevel-micro_f1_spanwise": 0.8435348101993823, "test_spanlevel-micro_precision_seqavg": 0.8403124564490015, "test_spanlevel-micro_recall_seqavg": 0.8364789078024373, "test_spanlevel-micro_f1_seqavg": 0.8313694538576514, "test_spanlevel-SG_precision_spanwise": 0.7967512811790057, "test_spanlevel-SG_recall_spanwise": 0.7935765354370006, "test_spanlevel-SG_f1_spanwise": 0.7862103591146732, "test_spanlevel-SG_precision_seqavg": 0.8255660026695573, "test_spanlevel-SG_recall_seqavg": 0.8181867716569275, "test_spanlevel-SG_f1_seqavg": 0.8125633742876053, "test_spanlevel-ORG_precision_spanwise": 0.7746395250212044, "test_spanlevel-ORG_recall_spanwise": 0.7568823458136436, "test_spanlevel-ORG_f1_spanwise": 0.759782062720994, "test_spanlevel-ORG_precision_seqavg": 0.787356072248367, "test_spanlevel-ORG_recall_seqavg": 0.7706842348035657, "test_spanlevel-ORG_f1_seqavg": 0.7743421107231417, "test_spanlevel-ISG_precision_spanwise": 0.577922077922078, "test_spanlevel-ISG_recall_spanwise": 0.5844155844155844, "test_spanlevel-ISG_f1_spanwise": 0.577922077922078, "test_spanlevel-ISG_precision_seqavg": 0.6332140884338842, "test_spanlevel-ISG_recall_seqavg": 0.6489956511851038, "test_spanlevel-ISG_f1_seqavg": 0.6379645947071269, "test_spanlevel-PI_precision_spanwise": 0.7699305555555556, "test_spanlevel-PI_recall_spanwise": 0.7422519841269841, "test_spanlevel-PI_f1_spanwise": 0.7493950956450957, "test_spanlevel-PI_precision_seqavg": 0.7750674698030728, "test_spanlevel-PI_recall_seqavg": 0.7457861567331523, "test_spanlevel-PI_f1_seqavg": 0.7548072309368985, "test_spanlevel-PG_precision_spanwise": 0.9407630522088353, "test_spanlevel-PG_recall_spanwise": 0.9548192771084337, "test_spanlevel-PG_f1_spanwise": 0.9449799196787149, "test_spanlevel-PG_precision_seqavg": 0.9523212937885426, "test_spanlevel-PG_recall_seqavg": 0.962617229937585, "test_spanlevel-PG_f1_seqavg": 0.9561507470033175, "test_spanlevel-macro_precision_relaxed": 0.845300064038057, "test_spanlevel-macro_recall_relaxed": 0.8821467223252936, "test_spanlevel-macro_f1_relaxed": 0.9065918552981855, "test_spanlevel-micro_precision_relaxed": 0.847091764647798, "test_spanlevel-micro_recall_relaxed": 0.8817785565404612, "test_spanlevel-micro_f1_relaxed": 0.9078808350386377, "test_spanlevel-SG_precision_relaxed": 0.8666359526266647, "test_spanlevel-SG_recall_relaxed": 0.8592879031081279, "test_spanlevel-SG_f1_relaxed": 0.9337374243441096, "test_spanlevel-ORG_precision_relaxed": 0.8079143389199256, "test_spanlevel-ORG_recall_relaxed": 0.9032757051865332, "test_spanlevel-ORG_f1_relaxed": 0.9345311845237447, "test_spanlevel-ISG_precision_relaxed": 0.7209821428571429, "test_spanlevel-ISG_recall_relaxed": 0.7386363636363636, "test_spanlevel-ISG_f1_relaxed": 0.9669535283993115, "test_spanlevel-PI_precision_relaxed": 0.7962673611111111, "test_spanlevel-PI_recall_relaxed": 0.9061675272518644, "test_spanlevel-PI_f1_relaxed": 0.947396836637343, "test_spanlevel-PG_precision_relaxed": 0.9535864978902955, "test_spanlevel-PG_recall_relaxed": 0.9887096774193549, "test_spanlevel-PG_f1_relaxed": 0.9830550401978974, "test_doclevel-micro_precision": 0.9486780715396579, "test_doclevel-micro_recall": 0.9682539682539683, "test_doclevel-micro_f1": 0.9583660644147682, "test_doclevel-SG_precision": 0.9135338345864662, "test_doclevel-SG_recall": 0.9101123595505618, "test_doclevel-SG_f1": 0.9118198874296436, "test_doclevel-ORG_precision": 0.8435754189944135, "test_doclevel-ORG_recall": 0.9617834394904459, "test_doclevel-ORG_f1": 0.898809523809524, "test_doclevel-ISG_precision": 0.75, "test_doclevel-ISG_recall": 0.7636363636363637, "test_doclevel-ISG_f1": 0.7567567567567568, "test_doclevel-PI_precision": 0.8229166666666666, "test_doclevel-PI_recall": 0.9518072289156626, "test_doclevel-PI_f1": 0.88268156424581, "test_doclevel-PG_precision": 0.9746835443037974, "test_doclevel-PG_recall": 0.9935483870967742, "test_doclevel-PG_f1": 0.9840255591054313, "test_wordlevel-macro_precision": 0.861525592870353, "test_wordlevel-macro_recall": 0.8709972678432738, "test_wordlevel-macro_f1": 0.8658807911506164, "test_wordlevel-O_precision": 0.983005526175055, "test_wordlevel-O_recall": 0.983999524149417, "test_wordlevel-O_f1": 0.9835022740108796, "test_wordlevel-SG_precision": 0.8746543778801843, "test_wordlevel-SG_recall": 0.8202247191011236, "test_wordlevel-SG_f1": 0.8465655664585191, "test_wordlevel-ORG_precision": 0.8346774193548387, "test_wordlevel-ORG_recall": 0.8661087866108786, "test_wordlevel-ORG_f1": 0.8501026694045175, "test_wordlevel-ISG_precision": 0.6976744186046512, "test_wordlevel-ISG_recall": 0.6896551724137931, "test_wordlevel-ISG_f1": 0.6936416184971099, "test_wordlevel-PI_precision": 0.8316008316008316, "test_wordlevel-PI_recall": 0.8830022075055187, "test_wordlevel-PI_f1": 0.8565310492505354, "test_wordlevel-PG_precision": 0.9475409836065574, "test_wordlevel-PG_recall": 0.9829931972789115, "test_wordlevel-PG_f1": 0.9649415692821368, "test_runtime": 9.018, "test_samples_per_second": 99.356, "test_steps_per_second": 1.552, "epoch": 7.0}