{"test_loss": 0.1407560110092163, "test_seqeval-macro_precision": 0.739154666194411, "test_seqeval-macro_recall": 0.7745377004223567, "test_seqeval-macro_f1": 0.7555075928633549, "test_seqeval-micro_precision": 0.7475832438238453, "test_seqeval-micro_recall": 0.7793952967525196, "test_seqeval-micro_f1": 0.7631578947368421, "test_seqeval-SG_precision": 0.7907608695652174, "test_seqeval-SG_recall": 0.8128491620111732, "test_seqeval-SG_f1": 0.8016528925619836, "test_seqeval-ORG_precision": 0.75, "test_seqeval-ORG_recall": 0.7192982456140351, "test_seqeval-ORG_f1": 0.7343283582089553, "test_seqeval-ISG_precision": 0.603448275862069, "test_seqeval-ISG_recall": 0.7142857142857143, "test_seqeval-ISG_f1": 0.6542056074766354, "test_seqeval-PI_precision": 0.6777777777777778, "test_seqeval-PI_recall": 0.7439024390243902, "test_seqeval-PI_f1": 0.7093023255813954, "test_seqeval-PG_precision": 0.8737864077669902, "test_seqeval-PG_recall": 0.8823529411764706, "test_seqeval-PG_f1": 0.8780487804878048, "test_spanlevel-macro_precision_spanwise": 0.7599612838160719, "test_spanlevel-macro_recall_spanwise": 0.7478987762903413, "test_spanlevel-macro_f1_spanwise": 0.7468442539046343, "test_spanlevel-macro_precision_seqavg": 0.7823167772169373, "test_spanlevel-macro_recall_seqavg": 0.7688104361848579, "test_spanlevel-macro_f1_seqavg": 0.7694489877221532, "test_spanlevel-micro_precision_spanwise": 0.8495140736456526, "test_spanlevel-micro_recall_spanwise": 0.8374021953278918, "test_spanlevel-micro_f1_spanwise": 0.8343715356562968, "test_spanlevel-micro_precision_seqavg": 0.8477949468397972, "test_spanlevel-micro_recall_seqavg": 0.8337062732069572, "test_spanlevel-micro_f1_seqavg": 0.8304475425769915, "test_spanlevel-SG_precision_spanwise": 0.8556594378212417, "test_spanlevel-SG_recall_spanwise": 0.8609518270775877, "test_spanlevel-SG_f1_spanwise": 0.8491909867785813, "test_spanlevel-SG_precision_seqavg": 0.8677930416846561, "test_spanlevel-SG_recall_seqavg": 0.8757929949871587, "test_spanlevel-SG_f1_seqavg": 0.865951202622657, "test_spanlevel-ORG_precision_spanwise": 0.737719298245614, "test_spanlevel-ORG_recall_spanwise": 0.7023684210526315, "test_spanlevel-ORG_f1_spanwise": 0.7113032581453634, "test_spanlevel-ORG_precision_seqavg": 0.7737726430165225, "test_spanlevel-ORG_recall_seqavg": 0.7454776938874945, "test_spanlevel-ORG_f1_seqavg": 0.7511498209194775, "test_spanlevel-ISG_precision_spanwise": 0.5597014925373134, "test_spanlevel-ISG_recall_spanwise": 0.5485074626865671, "test_spanlevel-ISG_f1_spanwise": 0.549502487562189, "test_spanlevel-ISG_precision_seqavg": 0.6385032113555441, "test_spanlevel-ISG_recall_seqavg": 0.6237450588665853, "test_spanlevel-ISG_f1_seqavg": 0.626312461888885, "test_spanlevel-PI_precision_spanwise": 0.713392857142857, "test_spanlevel-PI_recall_spanwise": 0.6911582341269842, "test_spanlevel-PI_f1_spanwise": 0.6934308862433863, "test_spanlevel-PI_precision_seqavg": 0.7035417545189545, "test_spanlevel-PI_recall_seqavg": 0.6823319714148853, "test_spanlevel-PI_f1_seqavg": 0.6856991371753014, "test_spanlevel-PG_precision_spanwise": 0.9333333333333335, "test_spanlevel-PG_recall_spanwise": 0.9365079365079365, "test_spanlevel-PG_f1_spanwise": 0.9307936507936508, "test_spanlevel-PG_precision_seqavg": 0.9279732355090093, "test_spanlevel-PG_recall_seqavg": 0.916704461768165, "test_spanlevel-PG_f1_seqavg": 0.918132316004445, "test_spanlevel-macro_precision_relaxed": 0.8679366148897399, "test_spanlevel-macro_recall_relaxed": 0.8609430358211219, "test_spanlevel-macro_f1_relaxed": 0.9071332802707979, "test_spanlevel-micro_precision_relaxed": 0.8664477680883933, "test_spanlevel-micro_recall_relaxed": 0.8613844098376254, "test_spanlevel-micro_f1_relaxed": 0.9070432966481699, "test_spanlevel-SG_precision_relaxed": 0.9135072999010282, "test_spanlevel-SG_recall_relaxed": 0.9049802460666807, "test_spanlevel-SG_f1_relaxed": 0.9453394189579235, "test_spanlevel-ORG_precision_relaxed": 0.8817401960784313, "test_spanlevel-ORG_recall_relaxed": 0.7794560185185185, "test_spanlevel-ORG_f1_relaxed": 0.9254930254930256, "test_spanlevel-ISG_precision_relaxed": 0.6904761904761905, "test_spanlevel-ISG_recall_relaxed": 0.7631578947368421, "test_spanlevel-ISG_f1_relaxed": 0.955111111111111, "test_spanlevel-PI_precision_relaxed": 0.8067146282973622, "test_spanlevel-PI_recall_relaxed": 0.8488644688644688, "test_spanlevel-PI_f1_relaxed": 0.9137762100112463, "test_spanlevel-PG_precision_relaxed": 0.9539007092198583, "test_spanlevel-PG_recall_relaxed": 0.9609929078014184, "test_spanlevel-PG_f1_relaxed": 0.9729249011857708, "test_doclevel-micro_precision": 0.9600694444444444, "test_doclevel-micro_recall": 0.9550949913644214, "test_doclevel-micro_f1": 0.9575757575757576, "test_doclevel-SG_precision": 0.9581881533101045, "test_doclevel-SG_recall": 0.935374149659864, "test_doclevel-SG_f1": 0.9466437177280552, "test_doclevel-ORG_precision": 0.9044117647058824, "test_doclevel-ORG_recall": 0.8541666666666666, "test_doclevel-ORG_f1": 0.8785714285714286, "test_doclevel-ISG_precision": 0.7238095238095238, "test_doclevel-ISG_recall": 0.8, "test_doclevel-ISG_f1": 0.76, "test_doclevel-PI_precision": 0.8561151079136691, "test_doclevel-PI_recall": 0.9153846153846154, "test_doclevel-PI_f1": 0.8847583643122677, "test_doclevel-PG_precision": 0.9787234042553191, "test_doclevel-PG_recall": 0.9787234042553191, "test_doclevel-PG_f1": 0.9787234042553191, "test_wordlevel-macro_precision": 0.8585868572418106, "test_wordlevel-macro_recall": 0.8404642430398214, "test_wordlevel-macro_f1": 0.8489697700261652, "test_wordlevel-O_precision": 0.9815900158587878, "test_wordlevel-O_recall": 0.9868293359212533, "test_wordlevel-O_f1": 0.9842027031698297, "test_wordlevel-SG_precision": 0.9050632911392406, "test_wordlevel-SG_recall": 0.8788410886742757, "test_wordlevel-SG_f1": 0.8917594654788418, "test_wordlevel-ORG_precision": 0.8516129032258064, "test_wordlevel-ORG_recall": 0.7652173913043478, "test_wordlevel-ORG_f1": 0.8061068702290075, "test_wordlevel-ISG_precision": 0.6758620689655173, "test_wordlevel-ISG_recall": 0.7101449275362319, "test_wordlevel-ISG_f1": 0.6925795053003534, "test_wordlevel-PI_precision": 0.8063583815028902, "test_wordlevel-PI_recall": 0.7707182320441989, "test_wordlevel-PI_f1": 0.788135593220339, "test_wordlevel-PG_precision": 0.9310344827586207, "test_wordlevel-PG_recall": 0.9310344827586207, "test_wordlevel-PG_f1": 0.9310344827586207, "test_runtime": 7.7567, "test_samples_per_second": 104.426, "test_steps_per_second": 1.676, "epoch": 5.0}