{"test_loss": 0.1303110420703888, "test_seqeval-macro_precision": 0.7965984403226953, "test_seqeval-macro_recall": 0.8498014905792353, "test_seqeval-macro_f1": 0.8216580495296059, "test_seqeval-micro_precision": 0.8074468085106383, "test_seqeval-micro_recall": 0.8499440089585666, "test_seqeval-micro_f1": 0.8281505728314239, "test_seqeval-PI_precision": 0.7732558139534884, "test_seqeval-PI_recall": 0.8109756097560976, "test_seqeval-PI_f1": 0.7916666666666666, "test_seqeval-ISG_precision": 0.7168141592920354, "test_seqeval-ISG_recall": 0.826530612244898, "test_seqeval-ISG_f1": 0.7677725118483414, "test_seqeval-PG_precision": 0.8653846153846154, "test_seqeval-PG_recall": 0.8823529411764706, "test_seqeval-PG_f1": 0.8737864077669903, "test_seqeval-SG_precision": 0.8543417366946778, "test_seqeval-SG_recall": 0.8519553072625698, "test_seqeval-SG_f1": 0.8531468531468531, "test_seqeval-ORG_precision": 0.7731958762886598, "test_seqeval-ORG_recall": 0.8771929824561403, "test_seqeval-ORG_f1": 0.821917808219178, "test_spanlevel-macro_precision_spanwise": 0.8110621007021402, "test_spanlevel-macro_recall_spanwise": 0.8154011724223956, "test_spanlevel-macro_f1_spanwise": 0.8084090356862754, "test_spanlevel-macro_precision_seqavg": 0.8403991043034214, "test_spanlevel-macro_recall_seqavg": 0.8453576174296957, "test_spanlevel-macro_f1_seqavg": 0.8389220755216404, "test_spanlevel-micro_precision_spanwise": 0.8945446475960394, "test_spanlevel-micro_recall_spanwise": 0.8946232400508758, "test_spanlevel-micro_f1_spanwise": 0.8879832139468113, "test_spanlevel-micro_precision_seqavg": 0.8916626784717236, "test_spanlevel-micro_recall_seqavg": 0.888596971393306, "test_spanlevel-micro_f1_seqavg": 0.8825070301619715, "test_spanlevel-PI_precision_spanwise": 0.7540768669800928, "test_spanlevel-PI_recall_spanwise": 0.763224621582393, "test_spanlevel-PI_f1_spanwise": 0.7531288305481854, "test_spanlevel-PI_precision_seqavg": 0.793793599073233, "test_spanlevel-PI_recall_seqavg": 0.8104461786542633, "test_spanlevel-PI_f1_seqavg": 0.7975102576502904, "test_spanlevel-ISG_precision_spanwise": 0.6666666666666666, "test_spanlevel-ISG_recall_spanwise": 0.6720430107526881, "test_spanlevel-ISG_f1_spanwise": 0.667741935483871, "test_spanlevel-ISG_precision_seqavg": 0.742895177611986, "test_spanlevel-ISG_recall_seqavg": 0.7424435185949013, "test_spanlevel-ISG_f1_seqavg": 0.7413289231548604, "test_spanlevel-PG_precision_spanwise": 0.9383012820512822, "test_spanlevel-PG_recall_spanwise": 0.9506410256410257, "test_spanlevel-PG_f1_spanwise": 0.9376602564102565, "test_spanlevel-PG_precision_seqavg": 0.9442590802919373, "test_spanlevel-PG_recall_seqavg": 0.9464368161486981, "test_spanlevel-PG_f1_seqavg": 0.9415502182401618, "test_spanlevel-SG_precision_spanwise": 0.8972707129382879, "test_spanlevel-SG_recall_spanwise": 0.89963991770371, "test_spanlevel-SG_f1_spanwise": 0.8917338257665233, "test_spanlevel-SG_precision_seqavg": 0.91876683697032, "test_spanlevel-SG_recall_seqavg": 0.9251109894842745, "test_spanlevel-SG_f1_seqavg": 0.9170543168883848, "test_spanlevel-ORG_precision_spanwise": 0.7989949748743719, "test_spanlevel-ORG_recall_spanwise": 0.7914572864321608, "test_spanlevel-ORG_f1_spanwise": 0.7917803302225412, "test_spanlevel-ORG_precision_seqavg": 0.8022808275696303, "test_spanlevel-ORG_recall_seqavg": 0.8023505842663412, "test_spanlevel-ORG_f1_seqavg": 0.7971666616745056, "test_spanlevel-macro_precision_relaxed": 0.8815446841857097, "test_spanlevel-macro_recall_relaxed": 0.912178477600605, "test_spanlevel-macro_f1_relaxed": 0.9323500091997396, "test_spanlevel-micro_precision_relaxed": 0.8824753584497175, "test_spanlevel-micro_recall_relaxed": 0.9127541828395228, "test_spanlevel-micro_f1_relaxed": 0.9333537882416622, "test_spanlevel-PI_precision_relaxed": 0.8172003649944827, "test_spanlevel-PI_recall_relaxed": 0.8734032634032634, "test_spanlevel-PI_f1_relaxed": 0.946328239661573, "test_spanlevel-ISG_precision_relaxed": 0.7523809523809524, "test_spanlevel-ISG_recall_relaxed": 0.8491228070175437, "test_spanlevel-ISG_f1_relaxed": 0.9810699588477366, "test_spanlevel-PG_precision_relaxed": 0.9530141843971632, "test_spanlevel-PG_recall_relaxed": 0.9693262411347517, "test_spanlevel-PG_f1_relaxed": 0.9651515151515151, "test_spanlevel-SG_precision_relaxed": 0.9480499430147318, "test_spanlevel-SG_recall_relaxed": 0.9176194775834632, "test_spanlevel-SG_f1_relaxed": 0.9632656672659915, "test_spanlevel-ORG_precision_relaxed": 0.8163472706155633, "test_spanlevel-ORG_recall_relaxed": 0.9317129629629629, "test_spanlevel-ORG_f1_relaxed": 0.9627674258109042, "test_doclevel-micro_precision": 0.9692307692307692, "test_doclevel-micro_recall": 0.9792746113989638, "test_doclevel-micro_f1": 0.9742268041237113, "test_doclevel-PI_precision": 0.8602941176470589, "test_doclevel-PI_recall": 0.9, "test_doclevel-PI_f1": 0.8796992481203008, "test_doclevel-ISG_precision": 0.7904761904761904, "test_doclevel-ISG_recall": 0.8736842105263158, "test_doclevel-ISG_f1": 0.8300000000000001, "test_doclevel-PG_precision": 0.9893617021276596, "test_doclevel-PG_recall": 0.9893617021276596, "test_doclevel-PG_f1": 0.9893617021276596, "test_doclevel-SG_precision": 0.9753521126760564, "test_doclevel-SG_recall": 0.9421768707482994, "test_doclevel-SG_f1": 0.9584775086505192, "test_doclevel-ORG_precision": 0.8414634146341463, "test_doclevel-ORG_recall": 0.9583333333333334, "test_doclevel-ORG_f1": 0.8961038961038961, "test_wordlevel-macro_precision": 0.8671672053830743, "test_wordlevel-macro_recall": 0.9032114171355552, "test_wordlevel-macro_f1": 0.8841108663595315, "test_wordlevel-O_precision": 0.9903290892645933, "test_wordlevel-O_recall": 0.9866906973520033, "test_wordlevel-O_f1": 0.9885065453661586, "test_wordlevel-PI_precision": 0.8221024258760108, "test_wordlevel-PI_recall": 0.8425414364640884, "test_wordlevel-PI_f1": 0.8321964529331514, "test_wordlevel-ISG_precision": 0.7368421052631579, "test_wordlevel-ISG_recall": 0.8115942028985508, "test_wordlevel-ISG_f1": 0.7724137931034482, "test_wordlevel-PG_precision": 0.9217877094972067, "test_wordlevel-PG_recall": 0.9482758620689655, "test_wordlevel-PG_f1": 0.9348441926345609, "test_wordlevel-SG_precision": 0.9334532374100719, "test_wordlevel-SG_recall": 0.9113257243195786, "test_wordlevel-SG_f1": 0.9222567747667704, "test_wordlevel-ORG_precision": 0.7984886649874056, "test_wordlevel-ORG_recall": 0.9188405797101449, "test_wordlevel-ORG_f1": 0.8544474393530996, "test_runtime": 4.6526, "test_samples_per_second": 174.098, "test_steps_per_second": 2.794, "epoch": 7.0, "run_id": "rep01-step04"}
