{"test_loss": 0.15644899010658264, "test_seqeval-macro_precision": 0.7506001198203122, "test_seqeval-macro_recall": 0.7976476726690143, "test_seqeval-macro_f1": 0.7722961034557091, "test_seqeval-micro_precision": 0.7465388711395101, "test_seqeval-micro_recall": 0.8076036866359447, "test_seqeval-micro_f1": 0.7758716104039846, "test_seqeval-SG_precision": 0.7557251908396947, "test_seqeval-SG_recall": 0.7951807228915663, "test_seqeval-SG_f1": 0.7749510763209394, "test_seqeval-ORG_precision": 0.6491228070175439, "test_seqeval-ORG_recall": 0.7914438502673797, "test_seqeval-ORG_f1": 0.7132530120481928, "test_seqeval-ISG_precision": 0.7222222222222222, "test_seqeval-ISG_recall": 0.6933333333333334, "test_seqeval-ISG_f1": 0.7074829931972788, "test_seqeval-PI_precision": 0.7417840375586855, "test_seqeval-PI_recall": 0.8020304568527918, "test_seqeval-PI_f1": 0.7707317073170732, "test_seqeval-PG_precision": 0.8841463414634146, "test_seqeval-PG_recall": 0.90625, "test_seqeval-PG_f1": 0.8950617283950617, "test_spanlevel-macro_precision_spanwise": 0.7888326134169025, "test_spanlevel-macro_recall_spanwise": 0.787177981560127, "test_spanlevel-macro_f1_spanwise": 0.7810667127816586, "test_spanlevel-macro_precision_seqavg": 0.7779439764505857, "test_spanlevel-macro_recall_seqavg": 0.7713749354467996, "test_spanlevel-macro_f1_seqavg": 0.768033460144895, "test_spanlevel-micro_precision_spanwise": 0.8565024678082004, "test_spanlevel-micro_recall_spanwise": 0.8563120973152821, "test_spanlevel-micro_f1_spanwise": 0.8481772680021088, "test_spanlevel-micro_precision_seqavg": 0.8573756195495326, "test_spanlevel-micro_recall_seqavg": 0.85626773950687, "test_spanlevel-micro_f1_seqavg": 0.8491048943005466, "test_spanlevel-SG_precision_spanwise": 0.8253745946550375, "test_spanlevel-SG_recall_spanwise": 0.835409445003541, "test_spanlevel-SG_f1_spanwise": 0.8218178090871818, "test_spanlevel-SG_precision_seqavg": 0.8424483595980012, "test_spanlevel-SG_recall_seqavg": 0.8323999588646035, "test_spanlevel-SG_f1_seqavg": 0.8283440421963252, "test_spanlevel-ORG_precision_spanwise": 0.7327172096908938, "test_spanlevel-ORG_recall_spanwise": 0.7314954051796158, "test_spanlevel-ORG_f1_spanwise": 0.7263933272705203, "test_spanlevel-ORG_precision_seqavg": 0.7773337261959601, "test_spanlevel-ORG_recall_seqavg": 0.7760424699071231, "test_spanlevel-ORG_f1_seqavg": 0.7720021180621595, "test_spanlevel-ISG_precision_spanwise": 0.6436781609195402, "test_spanlevel-ISG_recall_spanwise": 0.6302681992337165, "test_spanlevel-ISG_f1_spanwise": 0.6298850574712643, "test_spanlevel-ISG_precision_seqavg": 0.6006159992545257, "test_spanlevel-ISG_recall_seqavg": 0.5845729304887053, "test_spanlevel-ISG_f1_seqavg": 0.5869573138220266, "test_spanlevel-PI_precision_spanwise": 0.8156862745098038, "test_spanlevel-PI_recall_spanwise": 0.8079939668174962, "test_spanlevel-PI_f1_spanwise": 0.8030740501328737, "test_spanlevel-PI_precision_seqavg": 0.7809720847514022, "test_spanlevel-PI_recall_seqavg": 0.7815037675298238, "test_spanlevel-PI_f1_seqavg": 0.77427695748445, "test_spanlevel-PG_precision_spanwise": 0.9267068273092368, "test_spanlevel-PG_recall_spanwise": 0.9307228915662651, "test_spanlevel-PG_f1_spanwise": 0.9241633199464524, "test_spanlevel-PG_precision_seqavg": 0.8883497124530394, "test_spanlevel-PG_recall_seqavg": 0.8823555504437426, "test_spanlevel-PG_f1_seqavg": 0.878586869159514, "test_spanlevel-macro_precision_relaxed": 0.8614519370503413, "test_spanlevel-macro_recall_relaxed": 0.9128528287743619, "test_spanlevel-macro_f1_relaxed": 0.9171232612203146, "test_spanlevel-micro_precision_relaxed": 0.8611536144115933, "test_spanlevel-micro_recall_relaxed": 0.9122023151220233, "test_spanlevel-micro_f1_relaxed": 0.9165084335893386, "test_spanlevel-SG_precision_relaxed": 0.8656818181818182, "test_spanlevel-SG_recall_relaxed": 0.9177575757575758, "test_spanlevel-SG_f1_relaxed": 0.9428087242650958, "test_spanlevel-ORG_precision_relaxed": 0.7618113912231559, "test_spanlevel-ORG_recall_relaxed": 0.8958888888888888, "test_spanlevel-ORG_f1_relaxed": 0.9332235324150918, "test_spanlevel-ISG_precision_relaxed": 0.7985074626865671, "test_spanlevel-ISG_recall_relaxed": 0.7407407407407408, "test_spanlevel-ISG_f1_relaxed": 0.9369047619047619, "test_spanlevel-PI_precision_relaxed": 0.8531130268199234, "test_spanlevel-PI_recall_relaxed": 0.9254286694101509, "test_spanlevel-PI_f1_relaxed": 0.9350838299262455, "test_spanlevel-PG_precision_relaxed": 0.9425465838509317, "test_spanlevel-PG_recall_relaxed": 0.9672995780590717, "test_spanlevel-PG_f1_relaxed": 0.9765591397849462, "test_doclevel-micro_precision": 0.9521276595744681, "test_doclevel-micro_recall": 0.9799270072992701, "test_doclevel-micro_f1": 0.9658273381294964, "test_doclevel-SG_precision": 0.919047619047619, "test_doclevel-SG_recall": 0.965, "test_doclevel-SG_f1": 0.9414634146341463, "test_doclevel-ORG_precision": 0.8294117647058824, "test_doclevel-ORG_recall": 0.94, "test_doclevel-ORG_f1": 0.88125, "test_doclevel-ISG_precision": 0.835820895522388, "test_doclevel-ISG_recall": 0.7777777777777778, "test_doclevel-ISG_f1": 0.8057553956834532, "test_doclevel-PI_precision": 0.9022988505747126, "test_doclevel-PI_recall": 0.9691358024691358, "test_doclevel-PI_f1": 0.9345238095238095, "test_doclevel-PG_precision": 0.9627329192546584, "test_doclevel-PG_recall": 0.9810126582278481, "test_doclevel-PG_f1": 0.9717868338557994, "test_wordlevel-macro_precision": 0.8730154220342451, "test_wordlevel-macro_recall": 0.884659236879036, "test_wordlevel-macro_f1": 0.8777979892672819, "test_wordlevel-O_precision": 0.9864722786850775, "test_wordlevel-O_recall": 0.9813136243201785, "test_wordlevel-O_f1": 0.9838861896605964, "test_wordlevel-SG_precision": 0.8729792147806005, "test_wordlevel-SG_recall": 0.8709677419354839, "test_wordlevel-SG_f1": 0.8719723183391004, "test_wordlevel-ORG_precision": 0.7814814814814814, "test_wordlevel-ORG_recall": 0.8978723404255319, "test_wordlevel-ORG_f1": 0.8356435643564355, "test_wordlevel-ISG_precision": 0.7964601769911505, "test_wordlevel-ISG_recall": 0.72, "test_wordlevel-ISG_f1": 0.7563025210084032, "test_wordlevel-PI_precision": 0.862475442043222, "test_wordlevel-PI_recall": 0.8922764227642277, "test_wordlevel-PI_f1": 0.8771228771228771, "test_wordlevel-PG_precision": 0.9382239382239382, "test_wordlevel-PG_recall": 0.9455252918287937, "test_wordlevel-PG_f1": 0.9418604651162791, "test_runtime": 7.632, "test_samples_per_second": 106.001, "test_steps_per_second": 1.703, "epoch": 5.0}