{"test_loss": 0.0947939082980156, "test_seqeval-macro_precision": 0.7930371750767229, "test_seqeval-macro_recall": 0.8533759657394828, "test_seqeval-macro_f1": 0.8214691626230441, "test_seqeval-micro_precision": 0.7963496637848223, "test_seqeval-micro_recall": 0.851129363449692, "test_seqeval-micro_f1": 0.8228287841191068, "test_seqeval-SG_precision": 0.7985865724381626, "test_seqeval-SG_recall": 0.8432835820895522, "test_seqeval-SG_f1": 0.8203266787658802, "test_seqeval-ORG_precision": 0.7365853658536585, "test_seqeval-ORG_recall": 0.798941798941799, "test_seqeval-ORG_f1": 0.7664974619289341, "test_seqeval-ISG_precision": 0.7286821705426356, "test_seqeval-ISG_recall": 0.8703703703703703, "test_seqeval-ISG_f1": 0.7932489451476793, "test_seqeval-PI_precision": 0.8297101449275363, "test_seqeval-PI_recall": 0.870722433460076, "test_seqeval-PI_f1": 0.849721706864564, "test_seqeval-PG_precision": 0.8716216216216216, "test_seqeval-PG_recall": 0.8835616438356164, "test_seqeval-PG_f1": 0.8775510204081631, "test_spanlevel-macro_precision_spanwise": 0.8228402595290534, "test_spanlevel-macro_recall_spanwise": 0.8164986550488953, "test_spanlevel-macro_f1_spanwise": 0.8157673072948365, "test_spanlevel-macro_precision_seqavg": 0.8245614197111865, "test_spanlevel-macro_recall_seqavg": 0.8126682494394337, "test_spanlevel-macro_f1_seqavg": 0.8150918108543932, "test_spanlevel-micro_precision_spanwise": 0.8843502331002331, "test_spanlevel-micro_recall_spanwise": 0.8818601190476191, "test_spanlevel-micro_f1_spanwise": 0.8775367567988804, "test_spanlevel-micro_precision_seqavg": 0.8769873253299769, "test_spanlevel-micro_recall_seqavg": 0.8737361491454942, "test_spanlevel-micro_f1_seqavg": 0.8696361948619207, "test_spanlevel-SG_precision_spanwise": 0.858622685185185, "test_spanlevel-SG_recall_spanwise": 0.8683573082010583, "test_spanlevel-SG_f1_spanwise": 0.8567298942517447, "test_spanlevel-SG_precision_seqavg": 0.8480810586643814, "test_spanlevel-SG_recall_seqavg": 0.8401390571592012, "test_spanlevel-SG_f1_seqavg": 0.8388825711664892, "test_spanlevel-ORG_precision_spanwise": 0.7592803030303031, "test_spanlevel-ORG_recall_spanwise": 0.7419209956709957, "test_spanlevel-ORG_f1_spanwise": 0.7472968445695719, "test_spanlevel-ORG_precision_seqavg": 0.7925446090856969, "test_spanlevel-ORG_recall_seqavg": 0.765324627732602, "test_spanlevel-ORG_f1_seqavg": 0.7741674669834564, "test_spanlevel-ISG_precision_spanwise": 0.6924019607843137, "test_spanlevel-ISG_recall_spanwise": 0.6948529411764706, "test_spanlevel-ISG_f1_spanwise": 0.6911764705882353, "test_spanlevel-ISG_precision_seqavg": 0.6906654228289479, "test_spanlevel-ISG_recall_seqavg": 0.6934376844625947, "test_spanlevel-ISG_f1_seqavg": 0.6913967520055362, "test_spanlevel-PI_precision_spanwise": 0.8618963486454653, "test_spanlevel-PI_recall_spanwise": 0.8546953635292858, "test_spanlevel-PI_f1_spanwise": 0.8548079302392335, "test_spanlevel-PI_precision_seqavg": 0.8422651838973338, "test_spanlevel-PI_recall_seqavg": 0.8368050367879726, "test_spanlevel-PI_f1_seqavg": 0.8365787854651023, "test_spanlevel-PG_precision_spanwise": 0.9420000000000001, "test_spanlevel-PG_recall_spanwise": 0.9226666666666665, "test_spanlevel-PG_f1_spanwise": 0.9288253968253969, "test_spanlevel-PG_precision_seqavg": 0.9492508240795717, "test_spanlevel-PG_recall_seqavg": 0.927634841054799, "test_spanlevel-PG_f1_seqavg": 0.934433478651382, "test_spanlevel-macro_precision_relaxed": 0.8751394920979608, "test_spanlevel-macro_recall_relaxed": 0.918950944013969, "test_spanlevel-macro_f1_relaxed": 0.9409215704243478, "test_spanlevel-micro_precision_relaxed": 0.8739202557606465, "test_spanlevel-micro_recall_relaxed": 0.9190629888318963, "test_spanlevel-micro_f1_relaxed": 0.9401428844687171, "test_spanlevel-SG_precision_relaxed": 0.8922422422422422, "test_spanlevel-SG_recall_relaxed": 0.9369158361018826, "test_spanlevel-SG_f1_relaxed": 0.9529831698059845, "test_spanlevel-ORG_precision_relaxed": 0.8236872948898267, "test_spanlevel-ORG_recall_relaxed": 0.8871983039791259, "test_spanlevel-ORG_f1_relaxed": 0.9489549749960466, "test_spanlevel-ISG_precision_relaxed": 0.7522935779816514, "test_spanlevel-ISG_recall_relaxed": 0.8871527777777777, "test_spanlevel-ISG_f1_relaxed": 0.9624031007751938, "test_spanlevel-PI_precision_relaxed": 0.9111990950226244, "test_spanlevel-PI_recall_relaxed": 0.9267217630853994, "test_spanlevel-PI_f1_relaxed": 0.9597373355605836, "test_spanlevel-PG_precision_relaxed": 0.9737318840579711, "test_spanlevel-PG_recall_relaxed": 0.9453237410071943, "test_spanlevel-PG_f1_relaxed": 0.9805291005291005, "test_doclevel-micro_precision": 0.9495114006514658, "test_doclevel-micro_recall": 0.9798319327731092, "test_doclevel-micro_f1": 0.9644334160463194, "test_doclevel-SG_precision": 0.9324324324324325, "test_doclevel-SG_recall": 0.9627906976744186, "test_doclevel-SG_f1": 0.9473684210526315, "test_doclevel-ORG_precision": 0.8544303797468354, "test_doclevel-ORG_recall": 0.9246575342465754, "test_doclevel-ORG_f1": 0.8881578947368421, "test_doclevel-ISG_precision": 0.7889908256880734, "test_doclevel-ISG_recall": 0.8958333333333334, "test_doclevel-ISG_f1": 0.8390243902439025, "test_doclevel-PI_precision": 0.9502262443438914, "test_doclevel-PI_recall": 0.9545454545454546, "test_doclevel-PI_f1": 0.9523809523809523, "test_doclevel-PG_precision": 0.9782608695652174, "test_doclevel-PG_recall": 0.9712230215827338, "test_doclevel-PG_f1": 0.9747292418772563, "test_wordlevel-macro_precision": 0.8945497241431442, "test_wordlevel-macro_recall": 0.9183829950864141, "test_wordlevel-macro_f1": 0.9055671743202364, "test_wordlevel-O_precision": 0.9916950728230555, "test_wordlevel-O_recall": 0.9877770232730415, "test_wordlevel-O_f1": 0.9897321704707119, "test_wordlevel-SG_precision": 0.8760951188986232, "test_wordlevel-SG_recall": 0.9186351706036745, "test_wordlevel-SG_f1": 0.8968609865470852, "test_wordlevel-ORG_precision": 0.8494623655913979, "test_wordlevel-ORG_recall": 0.8624454148471615, "test_wordlevel-ORG_f1": 0.8559046587215601, "test_wordlevel-ISG_precision": 0.7619047619047619, "test_wordlevel-ISG_recall": 0.8834355828220859, "test_wordlevel-ISG_f1": 0.8181818181818182, "test_wordlevel-PI_precision": 0.9150641025641025, "test_wordlevel-PI_recall": 0.9209677419354839, "test_wordlevel-PI_f1": 0.9180064308681672, "test_wordlevel-PG_precision": 0.9730769230769231, "test_wordlevel-PG_recall": 0.937037037037037, "test_wordlevel-PG_f1": 0.9547169811320755, "test_runtime": 8.3599, "test_samples_per_second": 104.786, "test_steps_per_second": 1.675, "epoch": 6.0}