{"test_loss": 0.08719924837350845, "test_seqeval-macro_precision": 0.793005713541436, "test_seqeval-macro_recall": 0.8688270837627009, "test_seqeval-macro_f1": 0.8267907234634204, "test_seqeval-micro_precision": 0.8054110301768991, "test_seqeval-micro_recall": 0.8667413213885778, "test_seqeval-micro_f1": 0.8349514563106797, "test_seqeval-SG_precision": 0.852054794520548, "test_seqeval-SG_recall": 0.8687150837988827, "test_seqeval-SG_f1": 0.8603042876901799, "test_seqeval-ORG_precision": 0.8138297872340425, "test_seqeval-ORG_recall": 0.8947368421052632, "test_seqeval-ORG_f1": 0.852367688022284, "test_seqeval-ISG_precision": 0.6417910447761194, "test_seqeval-ISG_recall": 0.8775510204081632, "test_seqeval-ISG_f1": 0.7413793103448276, "test_seqeval-PI_precision": 0.7823529411764706, "test_seqeval-PI_recall": 0.8109756097560976, "test_seqeval-PI_f1": 0.7964071856287426, "test_seqeval-PG_precision": 0.875, "test_seqeval-PG_recall": 0.8921568627450981, "test_seqeval-PG_f1": 0.883495145631068, "test_spanlevel-macro_precision_spanwise": 0.8184311907325938, "test_spanlevel-macro_recall_spanwise": 0.8252389428087937, "test_spanlevel-macro_f1_spanwise": 0.81779992021996, "test_spanlevel-macro_precision_seqavg": 0.8629435564672259, "test_spanlevel-macro_recall_seqavg": 0.867140803804876, "test_spanlevel-macro_f1_seqavg": 0.8617825301954081, "test_spanlevel-micro_precision_spanwise": 0.8919720841761011, "test_spanlevel-micro_recall_spanwise": 0.8944170455627365, "test_spanlevel-micro_f1_spanwise": 0.88820655535897, "test_spanlevel-micro_precision_seqavg": 0.885306715195329, "test_spanlevel-micro_recall_seqavg": 0.8881539651487234, "test_spanlevel-micro_f1_seqavg": 0.8808694893089977, "test_spanlevel-SG_precision_spanwise": 0.9038710166742512, "test_spanlevel-SG_recall_spanwise": 0.9024032399607158, "test_spanlevel-SG_f1_spanwise": 0.8978566844771271, "test_spanlevel-SG_precision_seqavg": 0.925775422720477, "test_spanlevel-SG_recall_seqavg": 0.9217240709052021, "test_spanlevel-SG_f1_seqavg": 0.9205719843204544, "test_spanlevel-ORG_precision_spanwise": 0.8572695035460992, "test_spanlevel-ORG_recall_spanwise": 0.8594858156028368, "test_spanlevel-ORG_f1_spanwise": 0.8551798378926038, "test_spanlevel-ORG_precision_seqavg": 0.9145879189775954, "test_spanlevel-ORG_recall_seqavg": 0.9172887724207, "test_spanlevel-ORG_f1_seqavg": 0.913505951360498, "test_spanlevel-ISG_precision_spanwise": 0.6202380952380953, "test_spanlevel-ISG_recall_spanwise": 0.6238095238095238, "test_spanlevel-ISG_f1_spanwise": 0.6202380952380953, "test_spanlevel-ISG_precision_seqavg": 0.6901645062150665, "test_spanlevel-ISG_recall_seqavg": 0.6904229628305208, "test_spanlevel-ISG_f1_seqavg": 0.6888703802693367, "test_spanlevel-PI_precision_spanwise": 0.7674116424116425, "test_spanlevel-PI_recall_spanwise": 0.7712404712404712, "test_spanlevel-PI_f1_spanwise": 0.7636214236214236, "test_spanlevel-PI_precision_seqavg": 0.811980897232306, "test_spanlevel-PI_recall_seqavg": 0.8221120388611195, "test_spanlevel-PI_f1_seqavg": 0.811906564280441, "test_spanlevel-PG_precision_spanwise": 0.9433656957928803, "test_spanlevel-PG_recall_spanwise": 0.9692556634304208, "test_spanlevel-PG_f1_spanwise": 0.9521035598705502, "test_spanlevel-PG_precision_seqavg": 0.972209037190684, "test_spanlevel-PG_recall_seqavg": 0.9841561740068376, "test_spanlevel-PG_f1_seqavg": 0.9740577707463101, "test_spanlevel-macro_precision_relaxed": 0.8794454729647683, "test_spanlevel-macro_recall_relaxed": 0.9304666893549857, "test_spanlevel-macro_f1_relaxed": 0.9403815507552936, "test_spanlevel-micro_precision_relaxed": 0.8793196340385937, "test_spanlevel-micro_recall_relaxed": 0.9304786832141297, "test_spanlevel-micro_f1_relaxed": 0.9407435169558371, "test_spanlevel-SG_precision_relaxed": 0.9432418192727471, "test_spanlevel-SG_recall_relaxed": 0.9319536728000112, "test_spanlevel-SG_f1_relaxed": 0.972149504421038, "test_spanlevel-ORG_precision_relaxed": 0.8787878787878789, "test_spanlevel-ORG_recall_relaxed": 0.9548611111111112, "test_spanlevel-ORG_f1_relaxed": 0.9673098330241187, "test_spanlevel-ISG_precision_relaxed": 0.6774193548387096, "test_spanlevel-ISG_recall_relaxed": 0.9052631578947369, "test_spanlevel-ISG_f1_relaxed": 0.9693486590038314, "test_spanlevel-PI_precision_relaxed": 0.8415464743589743, "test_spanlevel-PI_recall_relaxed": 0.8907051282051283, "test_spanlevel-PI_f1_relaxed": 0.9430965674110835, "test_spanlevel-PG_precision_relaxed": 0.9468085106382979, "test_spanlevel-PG_recall_relaxed": 0.9840425531914894, "test_spanlevel-PG_f1_relaxed": 0.9696318018898664, "test_doclevel-micro_precision": 0.9546979865771812, "test_doclevel-micro_recall": 0.9827288428324698, "test_doclevel-micro_f1": 0.9685106382978723, "test_doclevel-SG_precision": 0.9621993127147767, "test_doclevel-SG_recall": 0.9523809523809523, "test_doclevel-SG_f1": 0.9572649572649573, "test_doclevel-ORG_precision": 0.9090909090909091, "test_doclevel-ORG_recall": 0.9722222222222222, "test_doclevel-ORG_f1": 0.9395973154362416, "test_doclevel-ISG_precision": 0.7016129032258065, "test_doclevel-ISG_recall": 0.9157894736842105, "test_doclevel-ISG_f1": 0.7945205479452054, "test_doclevel-PI_precision": 0.8823529411764706, "test_doclevel-PI_recall": 0.9230769230769231, "test_doclevel-PI_f1": 0.9022556390977443, "test_doclevel-PG_precision": 0.9893617021276596, "test_doclevel-PG_recall": 0.9893617021276596, "test_doclevel-PG_f1": 0.9893617021276596, "test_wordlevel-macro_precision": 0.8749658942850623, "test_wordlevel-macro_recall": 0.9332154752142768, "test_wordlevel-macro_f1": 0.9010609876956183, "test_wordlevel-O_precision": 0.9926859849540262, "test_wordlevel-O_recall": 0.9878691251906281, "test_wordlevel-O_f1": 0.9902716975887709, "test_wordlevel-SG_precision": 0.9558160504959423, "test_wordlevel-SG_recall": 0.9306409130816505, "test_wordlevel-SG_f1": 0.9430604982206406, "test_wordlevel-ORG_precision": 0.8449612403100775, "test_wordlevel-ORG_recall": 0.9478260869565217, "test_wordlevel-ORG_f1": 0.8934426229508196, "test_wordlevel-ISG_precision": 0.6795580110497238, "test_wordlevel-ISG_recall": 0.8913043478260869, "test_wordlevel-ISG_f1": 0.7711598746081504, "test_wordlevel-PI_precision": 0.8528610354223434, "test_wordlevel-PI_recall": 0.8646408839779005, "test_wordlevel-PI_f1": 0.8587105624142661, "test_wordlevel-PG_precision": 0.9239130434782609, "test_wordlevel-PG_recall": 0.9770114942528736, "test_wordlevel-PG_f1": 0.9497206703910613, "test_runtime": 7.7498, "test_samples_per_second": 104.519, "test_steps_per_second": 1.677, "epoch": 5.0}