{"test_loss": 0.34033942222595215, "test_seqeval-macro_precision": 0.661935093856635, "test_seqeval-macro_recall": 0.734173300529467, "test_seqeval-macro_f1": 0.6947758906414176, "test_seqeval-micro_precision": 0.6573181419807187, "test_seqeval-micro_recall": 0.7246376811594203, "test_seqeval-micro_f1": 0.6893382352941176, "test_seqeval-ISG_precision": 0.5298013245033113, "test_seqeval-ISG_recall": 0.6557377049180327, "test_seqeval-ISG_f1": 0.5860805860805861, "test_seqeval-SG_precision": 0.7181372549019608, "test_seqeval-SG_recall": 0.7181372549019608, "test_seqeval-SG_f1": 0.7181372549019608, "test_seqeval-PG_precision": 0.8469387755102041, "test_seqeval-PG_recall": 0.8556701030927835, "test_seqeval-PG_f1": 0.8512820512820514, "test_seqeval-PI_precision": 0.6097560975609756, "test_seqeval-PI_recall": 0.7177033492822966, "test_seqeval-PI_f1": 0.6593406593406592, "test_seqeval-ORG_precision": 0.6050420168067226, "test_seqeval-ORG_recall": 0.7236180904522613, "test_seqeval-ORG_f1": 0.6590389016018305, "test_spanlevel-macro_precision_spanwise": 0.7002084096498871, "test_spanlevel-macro_recall_spanwise": 0.6890718783561229, "test_spanlevel-macro_f1_spanwise": 0.6866489518495237, "test_spanlevel-macro_precision_seqavg": 0.6900279225449042, "test_spanlevel-macro_recall_seqavg": 0.6809750043192979, "test_spanlevel-macro_f1_seqavg": 0.6777463117731006, "test_spanlevel-micro_precision_spanwise": 0.8013885426189091, "test_spanlevel-micro_recall_spanwise": 0.7859101552591566, "test_spanlevel-micro_f1_spanwise": 0.7810236670096071, "test_spanlevel-micro_precision_seqavg": 0.8040877218259971, "test_spanlevel-micro_recall_seqavg": 0.7869287752247837, "test_spanlevel-micro_f1_seqavg": 0.7822282203196224, "test_spanlevel-ISG_precision_spanwise": 0.5134874759152216, "test_spanlevel-ISG_recall_spanwise": 0.4932562620423892, "test_spanlevel-ISG_f1_spanwise": 0.49913294797687857, "test_spanlevel-ISG_precision_seqavg": 0.5195751512571559, "test_spanlevel-ISG_recall_seqavg": 0.4909256594360067, "test_spanlevel-ISG_f1_seqavg": 0.4997257272795394, "test_spanlevel-SG_precision_spanwise": 0.7853595614317962, "test_spanlevel-SG_recall_spanwise": 0.7623824618275092, "test_spanlevel-SG_f1_spanwise": 0.7572372680165732, "test_spanlevel-SG_precision_seqavg": 0.7761513318307648, "test_spanlevel-SG_recall_seqavg": 0.7535579205096042, "test_spanlevel-SG_f1_seqavg": 0.7515180902964175, "test_spanlevel-PG_precision_spanwise": 0.8724919093851133, "test_spanlevel-PG_recall_spanwise": 0.8676375404530744, "test_spanlevel-PG_f1_spanwise": 0.8660194174757282, "test_spanlevel-PG_precision_seqavg": 0.8448499270846802, "test_spanlevel-PG_recall_seqavg": 0.8601007282597448, "test_spanlevel-PG_f1_seqavg": 0.848589027029214, "test_spanlevel-PI_precision_spanwise": 0.6846303501945525, "test_spanlevel-PI_recall_spanwise": 0.6853437094682231, "test_spanlevel-PI_f1_spanwise": 0.6765816941835784, "test_spanlevel-PI_precision_seqavg": 0.6641929498601226, "test_spanlevel-PI_recall_seqavg": 0.6547854946146531, "test_spanlevel-PI_f1_seqavg": 0.6517634133524752, "test_spanlevel-ORG_precision_spanwise": 0.6450727513227513, "test_spanlevel-ORG_recall_spanwise": 0.636739417989418, "test_spanlevel-ORG_f1_spanwise": 0.6342734315948602, "test_spanlevel-ORG_precision_seqavg": 0.6453702526917973, "test_spanlevel-ORG_recall_seqavg": 0.6455052187764808, "test_spanlevel-ORG_f1_seqavg": 0.637135300907857, "test_spanlevel-macro_precision_relaxed": 0.8034060327427676, "test_spanlevel-macro_recall_relaxed": 0.8297616664078978, "test_spanlevel-macro_f1_relaxed": 0.8712027098634592, "test_spanlevel-micro_precision_relaxed": 0.8032150955620343, "test_spanlevel-micro_recall_relaxed": 0.8285715056589134, "test_spanlevel-micro_f1_relaxed": 0.8702107897893328, "test_spanlevel-ISG_precision_relaxed": 0.6444444444444445, "test_spanlevel-ISG_recall_relaxed": 0.721264367816092, "test_spanlevel-ISG_f1_relaxed": 0.923338566195709, "test_spanlevel-SG_precision_relaxed": 0.8656224605883309, "test_spanlevel-SG_recall_relaxed": 0.8168402166889163, "test_spanlevel-SG_f1_relaxed": 0.9023322433402443, "test_spanlevel-PG_precision_relaxed": 0.9143859649122807, "test_spanlevel-PG_recall_relaxed": 0.9299645390070922, "test_spanlevel-PG_f1_relaxed": 0.9721776350989835, "test_spanlevel-PI_precision_relaxed": 0.7548611111111111, "test_spanlevel-PI_recall_relaxed": 0.8634874759152216, "test_spanlevel-PI_f1_relaxed": 0.8987055679528589, "test_spanlevel-ORG_precision_relaxed": 0.7488553113553115, "test_spanlevel-ORG_recall_relaxed": 0.8496031746031745, "test_spanlevel-ORG_f1_relaxed": 0.8965645601058636, "test_doclevel-micro_precision": 0.9497645211930926, "test_doclevel-micro_recall": 0.9618441971383148, "test_doclevel-micro_f1": 0.9557661927330174, "test_doclevel-ISG_precision": 0.6814814814814815, "test_doclevel-ISG_recall": 0.7931034482758621, "test_doclevel-ISG_f1": 0.7330677290836654, "test_doclevel-SG_precision": 0.9249146757679181, "test_doclevel-SG_recall": 0.8943894389438944, "test_doclevel-SG_f1": 0.9093959731543624, "test_doclevel-PG_precision": 0.9368421052631579, "test_doclevel-PG_recall": 0.9468085106382979, "test_doclevel-PG_f1": 0.9417989417989417, "test_doclevel-PI_precision": 0.84375, "test_doclevel-PI_recall": 0.9364161849710982, "test_doclevel-PI_f1": 0.8876712328767122, "test_doclevel-ORG_precision": 0.8296703296703297, "test_doclevel-ORG_recall": 0.8988095238095238, "test_doclevel-ORG_f1": 0.8628571428571429, "test_wordlevel-macro_precision": 0.8045213262023424, "test_wordlevel-macro_recall": 0.8255290530740004, "test_wordlevel-macro_f1": 0.8120868191236039, "test_wordlevel-O_precision": 0.9697115674113326, "test_wordlevel-O_recall": 0.9764142363426909, "test_wordlevel-O_f1": 0.9730513595166163, "test_wordlevel-ISG_precision": 0.6403940886699507, "test_wordlevel-ISG_recall": 0.6878306878306878, "test_wordlevel-ISG_f1": 0.6632653061224489, "test_wordlevel-SG_precision": 0.8614678899082568, "test_wordlevel-SG_recall": 0.6924778761061947, "test_wordlevel-SG_f1": 0.7677841373671299, "test_wordlevel-PG_precision": 0.9090909090909091, "test_wordlevel-PG_recall": 0.935672514619883, "test_wordlevel-PG_f1": 0.9221902017291066, "test_wordlevel-PI_precision": 0.7289377289377289, "test_wordlevel-PI_recall": 0.8361344537815126, "test_wordlevel-PI_f1": 0.7788649706457926, "test_wordlevel-ORG_precision": 0.7175257731958763, "test_wordlevel-ORG_recall": 0.8246445497630331, "test_wordlevel-ORG_f1": 0.7673649393605292, "test_runtime": 5.387, "test_samples_per_second": 163.17, "test_steps_per_second": 2.599, "epoch": 5.0, "run_id": "rep05-step01"}
