{"test_loss": 0.1565832793712616, "test_seqeval-macro_precision": 0.7765786392518026, "test_seqeval-macro_recall": 0.8127999467399173, "test_seqeval-macro_f1": 0.7940711193973689, "test_seqeval-micro_precision": 0.7768052516411379, "test_seqeval-micro_recall": 0.8179723502304147, "test_seqeval-micro_f1": 0.7968574635241301, "test_seqeval-PI_precision": 0.7684729064039408, "test_seqeval-PI_recall": 0.7918781725888325, "test_seqeval-PI_f1": 0.7799999999999999, "test_seqeval-ISG_precision": 0.7466666666666667, "test_seqeval-ISG_recall": 0.7466666666666667, "test_seqeval-ISG_f1": 0.7466666666666667, "test_seqeval-PG_precision": 0.875, "test_seqeval-PG_recall": 0.91875, "test_seqeval-PG_f1": 0.896341463414634, "test_seqeval-SG_precision": 0.7777777777777778, "test_seqeval-SG_recall": 0.8152610441767069, "test_seqeval-SG_f1": 0.7960784313725491, "test_seqeval-ORG_precision": 0.714975845410628, "test_seqeval-ORG_recall": 0.7914438502673797, "test_seqeval-ORG_f1": 0.7512690355329948, "test_spanlevel-macro_precision_spanwise": 0.7980292795060236, "test_spanlevel-macro_recall_spanwise": 0.7908645930822933, "test_spanlevel-macro_f1_spanwise": 0.7890863596798136, "test_spanlevel-macro_precision_seqavg": 0.7871552061131531, "test_spanlevel-macro_recall_seqavg": 0.7747761210025524, "test_spanlevel-macro_f1_seqavg": 0.7752448713304186, "test_spanlevel-micro_precision_spanwise": 0.8695311730522999, "test_spanlevel-micro_recall_spanwise": 0.8633316214302129, "test_spanlevel-micro_f1_spanwise": 0.8598652362568753, "test_spanlevel-micro_precision_seqavg": 0.8691263426518708, "test_spanlevel-micro_recall_seqavg": 0.8620045716216492, "test_spanlevel-micro_f1_seqavg": 0.8592617552511616, "test_spanlevel-PI_precision_spanwise": 0.824537037037037, "test_spanlevel-PI_recall_spanwise": 0.7938051146384479, "test_spanlevel-PI_f1_spanwise": 0.8014346507402063, "test_spanlevel-PI_precision_seqavg": 0.8041014232004214, "test_spanlevel-PI_recall_seqavg": 0.7887112774310697, "test_spanlevel-PI_f1_seqavg": 0.7926999438086194, "test_spanlevel-ISG_precision_spanwise": 0.6627906976744186, "test_spanlevel-ISG_recall_spanwise": 0.6705426356589147, "test_spanlevel-ISG_f1_spanwise": 0.6643410852713179, "test_spanlevel-ISG_precision_seqavg": 0.6020440102864502, "test_spanlevel-ISG_recall_seqavg": 0.6070803519458706, "test_spanlevel-ISG_f1_seqavg": 0.6027602105090901, "test_spanlevel-PG_precision_spanwise": 0.9186507936507935, "test_spanlevel-PG_recall_spanwise": 0.9107142857142857, "test_spanlevel-PG_f1_spanwise": 0.909920634920635, "test_spanlevel-PG_precision_seqavg": 0.8763678871623397, "test_spanlevel-PG_recall_seqavg": 0.8525882002173416, "test_spanlevel-PG_f1_seqavg": 0.8546213099513216, "test_spanlevel-SG_precision_spanwise": 0.8359315375982043, "test_spanlevel-SG_recall_spanwise": 0.8412869435091658, "test_spanlevel-SG_f1_spanwise": 0.8306052589385923, "test_spanlevel-SG_precision_seqavg": 0.8491175738939974, "test_spanlevel-SG_recall_seqavg": 0.8311799748557414, "test_spanlevel-SG_f1_seqavg": 0.8310604751094915, "test_spanlevel-ORG_precision_spanwise": 0.748236331569665, "test_spanlevel-ORG_recall_spanwise": 0.7379739858906526, "test_spanlevel-ORG_f1_spanwise": 0.7391301685283167, "test_spanlevel-ORG_precision_seqavg": 0.8041451360225568, "test_spanlevel-ORG_recall_seqavg": 0.7943208005627387, "test_spanlevel-ORG_f1_seqavg": 0.7950824172735707, "test_spanlevel-macro_precision_relaxed": 0.8790729365729366, "test_spanlevel-macro_recall_relaxed": 0.8975863299312206, "test_spanlevel-macro_f1_relaxed": 0.9206725124906437, "test_spanlevel-micro_precision_relaxed": 0.8789473109473109, "test_spanlevel-micro_recall_relaxed": 0.8973480898663382, "test_spanlevel-micro_f1_relaxed": 0.920544567999999, "test_spanlevel-PI_precision_relaxed": 0.8808035714285714, "test_spanlevel-PI_recall_relaxed": 0.8798574368018812, "test_spanlevel-PI_f1_relaxed": 0.9432387177679891, "test_spanlevel-ISG_precision_relaxed": 0.7990196078431373, "test_spanlevel-ISG_recall_relaxed": 0.7939814814814814, "test_spanlevel-ISG_f1_relaxed": 0.9477011494252874, "test_spanlevel-PG_precision_relaxed": 0.9399585921325051, "test_spanlevel-PG_recall_relaxed": 0.9620253164556962, "test_spanlevel-PG_f1_relaxed": 0.9711827956989247, "test_spanlevel-SG_precision_relaxed": 0.8740411359976578, "test_spanlevel-SG_recall_relaxed": 0.9175151515151515, "test_spanlevel-SG_f1_relaxed": 0.9451242645472389, "test_spanlevel-ORG_precision_relaxed": 0.8155913978494623, "test_spanlevel-ORG_recall_relaxed": 0.8473333333333334, "test_spanlevel-ORG_f1_relaxed": 0.9465124305318846, "test_doclevel-micro_precision": 0.963963963963964, "test_doclevel-micro_recall": 0.9762773722627737, "test_doclevel-micro_f1": 0.9700815956482322, "test_doclevel-PI_precision": 0.9047619047619048, "test_doclevel-PI_recall": 0.9382716049382716, "test_doclevel-PI_f1": 0.9212121212121211, "test_doclevel-ISG_precision": 0.8529411764705882, "test_doclevel-ISG_recall": 0.8055555555555556, "test_doclevel-ISG_f1": 0.8285714285714286, "test_doclevel-PG_precision": 0.9627329192546584, "test_doclevel-PG_recall": 0.9810126582278481, "test_doclevel-PG_f1": 0.9717868338557994, "test_doclevel-SG_precision": 0.927536231884058, "test_doclevel-SG_recall": 0.96, "test_doclevel-SG_f1": 0.9434889434889435, "test_doclevel-ORG_precision": 0.8709677419354839, "test_doclevel-ORG_recall": 0.9, "test_doclevel-ORG_f1": 0.8852459016393444, "test_wordlevel-macro_precision": 0.8852717716093541, "test_wordlevel-macro_recall": 0.8762945283226733, "test_wordlevel-macro_f1": 0.8806514389569616, "test_wordlevel-O_precision": 0.9840673485006609, "test_wordlevel-O_recall": 0.986194394087296, "test_wordlevel-O_f1": 0.9851297231412154, "test_wordlevel-PI_precision": 0.888421052631579, "test_wordlevel-PI_recall": 0.8577235772357723, "test_wordlevel-PI_f1": 0.8728024819027921, "test_wordlevel-ISG_precision": 0.7851239669421488, "test_wordlevel-ISG_recall": 0.76, "test_wordlevel-ISG_f1": 0.7723577235772359, "test_wordlevel-PG_precision": 0.933852140077821, "test_wordlevel-PG_recall": 0.933852140077821, "test_wordlevel-PG_f1": 0.933852140077821, "test_wordlevel-SG_precision": 0.8816568047337278, "test_wordlevel-SG_recall": 0.8582949308755761, "test_wordlevel-SG_f1": 0.8698190309398717, "test_wordlevel-ORG_precision": 0.8385093167701864, "test_wordlevel-ORG_recall": 0.8617021276595744, "test_wordlevel-ORG_f1": 0.8499475341028331, "test_runtime": 5.2408, "test_samples_per_second": 154.367, "test_steps_per_second": 2.481, "epoch": 5.0, "run_id": "rep03-step03"}
