{"test_loss": 0.09095875173807144, "test_seqeval-macro_precision": 0.7608402655857257, "test_seqeval-macro_recall": 0.8334974973152989, "test_seqeval-macro_f1": 0.7950640858655521, "test_seqeval-micro_precision": 0.7772020725388601, "test_seqeval-micro_recall": 0.8398656215005599, "test_seqeval-micro_f1": 0.8073196986006458, "test_seqeval-PI_precision": 0.7678571428571429, "test_seqeval-PI_recall": 0.7865853658536586, "test_seqeval-PI_f1": 0.7771084337349399, "test_seqeval-ISG_precision": 0.6785714285714286, "test_seqeval-ISG_recall": 0.7755102040816326, "test_seqeval-ISG_f1": 0.7238095238095238, "test_seqeval-PG_precision": 0.7563025210084033, "test_seqeval-PG_recall": 0.8823529411764706, "test_seqeval-PG_f1": 0.8144796380090497, "test_seqeval-SG_precision": 0.8100263852242744, "test_seqeval-SG_recall": 0.8575418994413407, "test_seqeval-SG_f1": 0.8331071913161464, "test_seqeval-ORG_precision": 0.7914438502673797, "test_seqeval-ORG_recall": 0.8654970760233918, "test_seqeval-ORG_f1": 0.8268156424581006, "test_spanlevel-macro_precision_spanwise": 0.793502455766715, "test_spanlevel-macro_recall_spanwise": 0.7928724471168109, "test_spanlevel-macro_f1_spanwise": 0.7876317720818642, "test_spanlevel-macro_precision_seqavg": 0.7990040636488127, "test_spanlevel-macro_recall_seqavg": 0.7979383341612969, "test_spanlevel-macro_f1_seqavg": 0.794316109151587, "test_spanlevel-micro_precision_spanwise": 0.8850047719509745, "test_spanlevel-micro_recall_spanwise": 0.891029470860074, "test_spanlevel-micro_f1_spanwise": 0.8809106058346029, "test_spanlevel-micro_precision_seqavg": 0.8806516761475439, "test_spanlevel-micro_recall_seqavg": 0.8854255310939803, "test_spanlevel-micro_f1_seqavg": 0.8756090864999535, "test_spanlevel-PI_precision_spanwise": 0.762503252667187, "test_spanlevel-PI_recall_spanwise": 0.7581056466302368, "test_spanlevel-PI_f1_spanwise": 0.7557045868521279, "test_spanlevel-PI_precision_seqavg": 0.7581518490457221, "test_spanlevel-PI_recall_seqavg": 0.7575672641972262, "test_spanlevel-PI_f1_seqavg": 0.753063177639397, "test_spanlevel-ISG_precision_spanwise": 0.657258064516129, "test_spanlevel-ISG_recall_spanwise": 0.6505376344086021, "test_spanlevel-ISG_f1_spanwise": 0.6489247311827957, "test_spanlevel-ISG_precision_seqavg": 0.7131619261123231, "test_spanlevel-ISG_recall_seqavg": 0.7090592663295537, "test_spanlevel-ISG_f1_seqavg": 0.7077837555513011, "test_spanlevel-PG_precision_spanwise": 0.8608187134502925, "test_spanlevel-PG_recall_spanwise": 0.8742690058479531, "test_spanlevel-PG_f1_spanwise": 0.8642300194931775, "test_spanlevel-PG_precision_seqavg": 0.8372557695084829, "test_spanlevel-PG_recall_seqavg": 0.8547381614369358, "test_spanlevel-PG_f1_seqavg": 0.8437051971602776, "test_spanlevel-SG_precision_spanwise": 0.8705233134920635, "test_spanlevel-SG_recall_spanwise": 0.8829104297969188, "test_spanlevel-SG_f1_spanwise": 0.8673440327814005, "test_spanlevel-SG_precision_seqavg": 0.8809542186173429, "test_spanlevel-SG_recall_seqavg": 0.8880638998348728, "test_spanlevel-SG_f1_seqavg": 0.8807491972760636, "test_spanlevel-ORG_precision_spanwise": 0.8164089347079038, "test_spanlevel-ORG_recall_spanwise": 0.7985395189003436, "test_spanlevel-ORG_f1_spanwise": 0.80195549009982, "test_spanlevel-ORG_precision_seqavg": 0.8054965549601923, "test_spanlevel-ORG_recall_seqavg": 0.7802630790078966, "test_spanlevel-ORG_f1_seqavg": 0.7862792181308962, "test_spanlevel-macro_precision_relaxed": 0.8661581660323272, "test_spanlevel-macro_recall_relaxed": 0.9202722021451067, "test_spanlevel-macro_f1_relaxed": 0.923885109006857, "test_spanlevel-micro_precision_relaxed": 0.8658844557753954, "test_spanlevel-micro_recall_relaxed": 0.9207375638798986, "test_spanlevel-micro_f1_relaxed": 0.9242117840006423, "test_spanlevel-PI_precision_relaxed": 0.8469760166840459, "test_spanlevel-PI_recall_relaxed": 0.8651709401709402, "test_spanlevel-PI_f1_relaxed": 0.9465698436237239, "test_spanlevel-ISG_precision_relaxed": 0.7452830188679245, "test_spanlevel-ISG_recall_relaxed": 0.8385964912280701, "test_spanlevel-ISG_f1_relaxed": 0.9569105691056911, "test_spanlevel-PG_precision_relaxed": 0.8597087378640776, "test_spanlevel-PG_recall_relaxed": 0.9858156028368793, "test_spanlevel-PG_f1_relaxed": 0.9555509502318014, "test_spanlevel-SG_precision_relaxed": 0.8994500348804985, "test_spanlevel-SG_recall_relaxed": 0.9498255651466936, "test_spanlevel-SG_f1_relaxed": 0.9492203305938148, "test_spanlevel-ORG_precision_relaxed": 0.8534188034188034, "test_spanlevel-ORG_recall_relaxed": 0.9131944444444444, "test_spanlevel-ORG_f1_relaxed": 0.9550078469786499, "test_doclevel-micro_precision": 0.9563758389261745, "test_doclevel-micro_recall": 0.9844559585492227, "test_doclevel-micro_f1": 0.9702127659574468, "test_doclevel-PI_precision": 0.8686131386861314, "test_doclevel-PI_recall": 0.9153846153846154, "test_doclevel-PI_f1": 0.8913857677902622, "test_doclevel-ISG_precision": 0.7735849056603774, "test_doclevel-ISG_recall": 0.8631578947368421, "test_doclevel-ISG_f1": 0.8159203980099502, "test_doclevel-PG_precision": 0.912621359223301, "test_doclevel-PG_recall": 1.0, "test_doclevel-PG_f1": 0.9543147208121827, "test_doclevel-SG_precision": 0.9470198675496688, "test_doclevel-SG_recall": 0.9727891156462585, "test_doclevel-SG_f1": 0.959731543624161, "test_doclevel-ORG_precision": 0.8782051282051282, "test_doclevel-ORG_recall": 0.9513888888888888, "test_doclevel-ORG_f1": 0.9133333333333333, "test_wordlevel-macro_precision": 0.8691308026463238, "test_wordlevel-macro_recall": 0.9064983118436237, "test_wordlevel-macro_f1": 0.8865248157497843, "test_wordlevel-O_precision": 0.9929410120212468, "test_wordlevel-O_recall": 0.9848190766671288, "test_wordlevel-O_f1": 0.9888633674392705, "test_wordlevel-PI_precision": 0.8731563421828908, "test_wordlevel-PI_recall": 0.8176795580110497, "test_wordlevel-PI_f1": 0.8445078459343794, "test_wordlevel-ISG_precision": 0.7551020408163265, "test_wordlevel-ISG_recall": 0.8043478260869565, "test_wordlevel-ISG_f1": 0.7789473684210526, "test_wordlevel-PG_precision": 0.8592964824120602, "test_wordlevel-PG_recall": 0.9827586206896551, "test_wordlevel-PG_f1": 0.9168900804289544, "test_wordlevel-SG_precision": 0.882640586797066, "test_wordlevel-SG_recall": 0.9508340649692713, "test_wordlevel-SG_f1": 0.9154691462383769, "test_wordlevel-ORG_precision": 0.8516483516483516, "test_wordlevel-ORG_recall": 0.8985507246376812, "test_wordlevel-ORG_f1": 0.8744710860366712, "test_runtime": 5.3342, "test_samples_per_second": 151.85, "test_steps_per_second": 2.437, "epoch": 6.0, "run_id": "rep01-step06"}
