{"test_loss": 0.18117128312587738, "test_seqeval-macro_precision": 0.7375764976861415, "test_seqeval-macro_recall": 0.7952311386701725, "test_seqeval-macro_f1": 0.7634767884699352, "test_seqeval-micro_precision": 0.7264731750219877, "test_seqeval-micro_recall": 0.7980676328502415, "test_seqeval-micro_f1": 0.7605893186003684, "test_seqeval-SG_precision": 0.7569444444444444, "test_seqeval-SG_recall": 0.8014705882352942, "test_seqeval-SG_f1": 0.7785714285714286, "test_seqeval-ORG_precision": 0.6826086956521739, "test_seqeval-ORG_recall": 0.7889447236180904, "test_seqeval-ORG_f1": 0.7319347319347319, "test_seqeval-ISG_precision": 0.7130434782608696, "test_seqeval-ISG_recall": 0.6721311475409836, "test_seqeval-ISG_f1": 0.6919831223628692, "test_seqeval-PI_precision": 0.6679389312977099, "test_seqeval-PI_recall": 0.8373205741626795, "test_seqeval-PI_f1": 0.7430997876857749, "test_seqeval-PG_precision": 0.8673469387755102, "test_seqeval-PG_recall": 0.8762886597938144, "test_seqeval-PG_f1": 0.8717948717948717, "test_spanlevel-macro_precision_spanwise": 0.7764260460575934, "test_spanlevel-macro_recall_spanwise": 0.7695721595227948, "test_spanlevel-macro_f1_spanwise": 0.7657907675225065, "test_spanlevel-macro_precision_seqavg": 0.7776316642271563, "test_spanlevel-macro_recall_seqavg": 0.770940714427784, "test_spanlevel-macro_f1_seqavg": 0.768944673887644, "test_spanlevel-micro_precision_spanwise": 0.8494663860615603, "test_spanlevel-micro_recall_spanwise": 0.8440484983448994, "test_spanlevel-micro_f1_spanwise": 0.8364789192897891, "test_spanlevel-micro_precision_seqavg": 0.8491849571498962, "test_spanlevel-micro_recall_seqavg": 0.8426786726782634, "test_spanlevel-micro_f1_seqavg": 0.8352016569211266, "test_spanlevel-SG_precision_spanwise": 0.8333612280891193, "test_spanlevel-SG_recall_spanwise": 0.8377870738367111, "test_spanlevel-SG_f1_spanwise": 0.8247446297681295, "test_spanlevel-SG_precision_seqavg": 0.8461162053952032, "test_spanlevel-SG_recall_seqavg": 0.846832815832352, "test_spanlevel-SG_f1_seqavg": 0.8390599369863436, "test_spanlevel-ORG_precision_spanwise": 0.7290084388185655, "test_spanlevel-ORG_recall_spanwise": 0.7241561181434599, "test_spanlevel-ORG_f1_spanwise": 0.7197172143374676, "test_spanlevel-ORG_precision_seqavg": 0.7777112456811544, "test_spanlevel-ORG_recall_seqavg": 0.7682199059622269, "test_spanlevel-ORG_f1_seqavg": 0.7680741579055798, "test_spanlevel-ISG_precision_spanwise": 0.6267605633802817, "test_spanlevel-ISG_recall_spanwise": 0.6279342723004694, "test_spanlevel-ISG_f1_spanwise": 0.6218309859154928, "test_spanlevel-ISG_precision_seqavg": 0.6021234822230412, "test_spanlevel-ISG_recall_seqavg": 0.611838763751907, "test_spanlevel-ISG_f1_seqavg": 0.6032397714559358, "test_spanlevel-PI_precision_spanwise": 0.776, "test_spanlevel-PI_recall_spanwise": 0.7659833333333333, "test_spanlevel-PI_f1_spanwise": 0.7616610075914423, "test_spanlevel-PI_precision_seqavg": 0.7400536677586828, "test_spanlevel-PI_recall_seqavg": 0.7122493682023727, "test_spanlevel-PI_f1_seqavg": 0.7164509149928572, "test_spanlevel-PG_precision_spanwise": 0.917, "test_spanlevel-PG_recall_spanwise": 0.892, "test_spanlevel-PG_f1_spanwise": 0.9010000000000001, "test_spanlevel-PG_precision_seqavg": 0.9221537200777006, "test_spanlevel-PG_recall_seqavg": 0.9155627183900616, "test_spanlevel-PG_f1_seqavg": 0.9178985880975031, "test_spanlevel-macro_precision_relaxed": 0.8367060415897626, "test_spanlevel-macro_recall_relaxed": 0.8954099653343677, "test_spanlevel-macro_f1_relaxed": 0.8985798668544852, "test_spanlevel-micro_precision_relaxed": 0.836471330134121, "test_spanlevel-micro_recall_relaxed": 0.8949484744317001, "test_spanlevel-micro_f1_relaxed": 0.8980633537639171, "test_spanlevel-SG_precision_relaxed": 0.8563819601914839, "test_spanlevel-SG_recall_relaxed": 0.9100586424774215, "test_spanlevel-SG_f1_relaxed": 0.9322758359340131, "test_spanlevel-ORG_precision_relaxed": 0.8047619047619049, "test_spanlevel-ORG_recall_relaxed": 0.891765873015873, "test_spanlevel-ORG_f1_relaxed": 0.9179192198551841, "test_spanlevel-ISG_precision_relaxed": 0.8168238993710691, "test_spanlevel-ISG_recall_relaxed": 0.7485632183908045, "test_spanlevel-ISG_f1_relaxed": 0.9507797270955166, "test_spanlevel-PI_precision_relaxed": 0.7757877280265341, "test_spanlevel-PI_recall_relaxed": 0.9394026974951829, "test_spanlevel-PI_f1_relaxed": 0.9241081967398153, "test_spanlevel-PG_precision_relaxed": 0.9537634408602151, "test_spanlevel-PG_recall_relaxed": 0.9361702127659575, "test_spanlevel-PG_f1_relaxed": 0.9753439153439154, "test_doclevel-micro_precision": 0.958139534883721, "test_doclevel-micro_recall": 0.9825119236883942, "test_doclevel-micro_f1": 0.9701726844583987, "test_doclevel-SG_precision": 0.9142857142857143, "test_doclevel-SG_recall": 0.9504950495049505, "test_doclevel-SG_f1": 0.9320388349514563, "test_doclevel-ORG_precision": 0.8681318681318682, "test_doclevel-ORG_recall": 0.9404761904761905, "test_doclevel-ORG_f1": 0.9028571428571429, "test_doclevel-ISG_precision": 0.8490566037735849, "test_doclevel-ISG_recall": 0.7758620689655172, "test_doclevel-ISG_f1": 0.8108108108108107, "test_doclevel-PI_precision": 0.8407960199004975, "test_doclevel-PI_recall": 0.976878612716763, "test_doclevel-PI_f1": 0.9037433155080213, "test_doclevel-PG_precision": 0.967741935483871, "test_doclevel-PG_recall": 0.9574468085106383, "test_doclevel-PG_f1": 0.9625668449197862, "test_wordlevel-macro_precision": 0.8665866544021901, "test_wordlevel-macro_recall": 0.8790845783632916, "test_wordlevel-macro_f1": 0.8710770506043432, "test_wordlevel-O_precision": 0.9818402672335257, "test_wordlevel-O_recall": 0.980173406899897, "test_wordlevel-O_f1": 0.9810061290126828, "test_wordlevel-SG_precision": 0.8779342723004695, "test_wordlevel-SG_recall": 0.827433628318584, "test_wordlevel-SG_f1": 0.8519362186788155, "test_wordlevel-ORG_precision": 0.7855626326963907, "test_wordlevel-ORG_recall": 0.8767772511848341, "test_wordlevel-ORG_f1": 0.8286674132138857, "test_wordlevel-ISG_precision": 0.8, "test_wordlevel-ISG_recall": 0.7195767195767195, "test_wordlevel-ISG_f1": 0.7576601671309192, "test_wordlevel-PI_precision": 0.8018018018018018, "test_wordlevel-PI_recall": 0.9348739495798319, "test_wordlevel-PI_f1": 0.863239573229874, "test_wordlevel-PG_precision": 0.9523809523809523, "test_wordlevel-PG_recall": 0.935672514619883, "test_wordlevel-PG_f1": 0.943952802359882, "test_runtime": 8.8463, "test_samples_per_second": 99.363, "test_steps_per_second": 1.583, "epoch": 6.0}