{"test_loss": 0.25239095091819763, "test_seqeval-macro_precision": 0.7014035087719298, "test_seqeval-macro_recall": 0.722853171360124, "test_seqeval-macro_f1": 0.7112882567980121, "test_seqeval-micro_precision": 0.7039827771797632, "test_seqeval-micro_recall": 0.7323628219484882, "test_seqeval-micro_f1": 0.7178924259055982, "test_seqeval-PI_precision": 0.6783625730994152, "test_seqeval-PI_recall": 0.7073170731707317, "test_seqeval-PI_f1": 0.6925373134328359, "test_seqeval-ISG_precision": 0.6444444444444445, "test_seqeval-ISG_recall": 0.5918367346938775, "test_seqeval-ISG_f1": 0.6170212765957447, "test_seqeval-PG_precision": 0.7857142857142857, "test_seqeval-PG_recall": 0.8627450980392157, "test_seqeval-PG_f1": 0.8224299065420562, "test_seqeval-SG_precision": 0.7142857142857143, "test_seqeval-SG_recall": 0.7681564245810056, "test_seqeval-SG_f1": 0.740242261103634, "test_seqeval-ORG_precision": 0.6842105263157895, "test_seqeval-ORG_recall": 0.6842105263157895, "test_seqeval-ORG_f1": 0.6842105263157895, "test_spanlevel-macro_precision_spanwise": 0.7361274846938869, "test_spanlevel-macro_recall_spanwise": 0.7127249454902582, "test_spanlevel-macro_f1_spanwise": 0.7167533777016019, "test_spanlevel-macro_precision_seqavg": 0.7496878575065999, "test_spanlevel-macro_recall_seqavg": 0.73150239609833, "test_spanlevel-macro_f1_seqavg": 0.7341821559934643, "test_spanlevel-micro_precision_spanwise": 0.8323096441767327, "test_spanlevel-micro_recall_spanwise": 0.8081776073957756, "test_spanlevel-micro_f1_spanwise": 0.8092491936738351, "test_spanlevel-micro_precision_seqavg": 0.8310538886081456, "test_spanlevel-micro_recall_seqavg": 0.8015027993055096, "test_spanlevel-micro_f1_seqavg": 0.8038830433540938, "test_spanlevel-PI_precision_spanwise": 0.6862004662004663, "test_spanlevel-PI_recall_spanwise": 0.6646411164592984, "test_spanlevel-PI_f1_spanwise": 0.6682956549623217, "test_spanlevel-PI_precision_seqavg": 0.6884157115672023, "test_spanlevel-PI_recall_seqavg": 0.6728567902555167, "test_spanlevel-PI_f1_seqavg": 0.6740311226744775, "test_spanlevel-ISG_precision_spanwise": 0.5588235294117647, "test_spanlevel-ISG_recall_spanwise": 0.5350140056022409, "test_spanlevel-ISG_f1_spanwise": 0.5417366946778711, "test_spanlevel-ISG_precision_seqavg": 0.5967439070760368, "test_spanlevel-ISG_recall_seqavg": 0.5773183237116725, "test_spanlevel-ISG_f1_seqavg": 0.5839819092124243, "test_spanlevel-PG_precision_spanwise": 0.9135802469135803, "test_spanlevel-PG_recall_spanwise": 0.9097222222222222, "test_spanlevel-PG_f1_spanwise": 0.9091710758377425, "test_spanlevel-PG_precision_seqavg": 0.9167281045097713, "test_spanlevel-PG_recall_seqavg": 0.9048264226670157, "test_spanlevel-PG_f1_seqavg": 0.9082885955882012, "test_spanlevel-SG_precision_spanwise": 0.8200773986306981, "test_spanlevel-SG_recall_spanwise": 0.790982077045081, "test_spanlevel-SG_f1_spanwise": 0.7923088468979068, "test_spanlevel-SG_precision_seqavg": 0.826245089593644, "test_spanlevel-SG_recall_seqavg": 0.7958359327476208, "test_spanlevel-SG_f1_seqavg": 0.800379496036419, "test_spanlevel-ORG_precision_spanwise": 0.7019557823129251, "test_spanlevel-ORG_recall_spanwise": 0.6632653061224489, "test_spanlevel-ORG_f1_spanwise": 0.6722546161321672, "test_spanlevel-ORG_precision_seqavg": 0.7203064747863457, "test_spanlevel-ORG_recall_seqavg": 0.7066745111098243, "test_spanlevel-ORG_f1_seqavg": 0.7042296564557996, "test_spanlevel-macro_precision_relaxed": 0.8693316516325369, "test_spanlevel-macro_recall_relaxed": 0.8251745985058999, "test_spanlevel-macro_f1_relaxed": 0.8863847810693771, "test_spanlevel-micro_precision_relaxed": 0.8679353881123796, "test_spanlevel-micro_recall_relaxed": 0.8251410157002964, "test_spanlevel-micro_f1_relaxed": 0.886014336036095, "test_spanlevel-PI_precision_relaxed": 0.7930804524114383, "test_spanlevel-PI_recall_relaxed": 0.8180461205461206, "test_spanlevel-PI_f1_relaxed": 0.9103126297570743, "test_spanlevel-ISG_precision_relaxed": 0.7616279069767442, "test_spanlevel-ISG_recall_relaxed": 0.6649122807017543, "test_spanlevel-ISG_f1_relaxed": 0.9472636815920398, "test_spanlevel-PG_precision_relaxed": 0.9468085106382981, "test_spanlevel-PG_recall_relaxed": 0.9636524822695035, "test_spanlevel-PG_f1_relaxed": 0.969922830792396, "test_spanlevel-SG_precision_relaxed": 0.8881392605882402, "test_spanlevel-SG_recall_relaxed": 0.867948082774013, "test_spanlevel-SG_f1_relaxed": 0.9154836078627102, "test_spanlevel-ORG_precision_relaxed": 0.8452380952380953, "test_spanlevel-ORG_recall_relaxed": 0.7711226851851851, "test_spanlevel-ORG_f1_relaxed": 0.9220140515222482, "test_doclevel-micro_precision": 0.9646017699115044, "test_doclevel-micro_recall": 0.9412780656303973, "test_doclevel-micro_f1": 0.9527972027972028, "test_doclevel-PI_precision": 0.823943661971831, "test_doclevel-PI_recall": 0.9, "test_doclevel-PI_f1": 0.8602941176470589, "test_doclevel-ISG_precision": 0.7906976744186046, "test_doclevel-ISG_recall": 0.7157894736842105, "test_doclevel-ISG_f1": 0.7513812154696132, "test_doclevel-PG_precision": 0.9787234042553191, "test_doclevel-PG_recall": 0.9787234042553191, "test_doclevel-PG_f1": 0.9787234042553191, "test_doclevel-SG_precision": 0.935374149659864, "test_doclevel-SG_recall": 0.935374149659864, "test_doclevel-SG_f1": 0.935374149659864, "test_doclevel-ORG_precision": 0.8714285714285714, "test_doclevel-ORG_recall": 0.8472222222222222, "test_doclevel-ORG_f1": 0.8591549295774648, "test_wordlevel-macro_precision": 0.8566179257237807, "test_wordlevel-macro_recall": 0.8026976370642194, "test_wordlevel-macro_f1": 0.8274899755236834, "test_wordlevel-O_precision": 0.9746930937521432, "test_wordlevel-O_recall": 0.9851656730902537, "test_wordlevel-O_f1": 0.9799014031095943, "test_wordlevel-PI_precision": 0.8192771084337349, "test_wordlevel-PI_recall": 0.7513812154696132, "test_wordlevel-PI_f1": 0.7838616714697406, "test_wordlevel-ISG_precision": 0.7431192660550459, "test_wordlevel-ISG_recall": 0.5869565217391305, "test_wordlevel-ISG_f1": 0.6558704453441295, "test_wordlevel-PG_precision": 0.9261363636363636, "test_wordlevel-PG_recall": 0.9367816091954023, "test_wordlevel-PG_f1": 0.9314285714285715, "test_wordlevel-SG_precision": 0.8663551401869158, "test_wordlevel-SG_recall": 0.8138718173836699, "test_wordlevel-SG_f1": 0.8392937980986871, "test_wordlevel-ORG_precision": 0.810126582278481, "test_wordlevel-ORG_recall": 0.7420289855072464, "test_wordlevel-ORG_f1": 0.7745839636913767, "test_runtime": 4.675, "test_samples_per_second": 173.262, "test_steps_per_second": 2.781, "epoch": 7.0, "run_id": "rep01-step01"}
