{"test_loss": 0.07267960160970688, "test_seqeval-macro_precision": 0.808789065475799, "test_seqeval-macro_recall": 0.8738338389797959, "test_seqeval-macro_f1": 0.8397553711767193, "test_seqeval-micro_precision": 0.8133616118769883, "test_seqeval-micro_recall": 0.8836405529953917, "test_seqeval-micro_f1": 0.8470458310325786, "test_seqeval-PI_precision": 0.7787610619469026, "test_seqeval-PI_recall": 0.8934010152284264, "test_seqeval-PI_f1": 0.8321513002364067, "test_seqeval-ISG_precision": 0.759493670886076, "test_seqeval-ISG_recall": 0.8, "test_seqeval-ISG_f1": 0.7792207792207794, "test_seqeval-PG_precision": 0.8975903614457831, "test_seqeval-PG_recall": 0.93125, "test_seqeval-PG_f1": 0.9141104294478528, "test_seqeval-SG_precision": 0.8484848484848485, "test_seqeval-SG_recall": 0.8995983935742972, "test_seqeval-SG_f1": 0.8732943469785576, "test_seqeval-ORG_precision": 0.7596153846153846, "test_seqeval-ORG_recall": 0.8449197860962567, "test_seqeval-ORG_f1": 0.7999999999999999, "test_spanlevel-macro_precision_spanwise": 0.8456430488630827, "test_spanlevel-macro_recall_spanwise": 0.8534795322317497, "test_spanlevel-macro_f1_spanwise": 0.8453217126988484, "test_spanlevel-macro_precision_seqavg": 0.8548427093363756, "test_spanlevel-macro_recall_seqavg": 0.8574075441023421, "test_spanlevel-macro_f1_seqavg": 0.8520429635034038, "test_spanlevel-micro_precision_spanwise": 0.8965233860342555, "test_spanlevel-micro_recall_spanwise": 0.9027333113746157, "test_spanlevel-micro_f1_spanwise": 0.8952668317757833, "test_spanlevel-micro_precision_seqavg": 0.899443699532195, "test_spanlevel-micro_recall_seqavg": 0.9081578320073896, "test_spanlevel-micro_f1_seqavg": 0.8994767901522196, "test_spanlevel-PI_precision_spanwise": 0.8395927601809955, "test_spanlevel-PI_recall_spanwise": 0.8322775263951735, "test_spanlevel-PI_f1_spanwise": 0.832579185520362, "test_spanlevel-PI_precision_seqavg": 0.8382966231574956, "test_spanlevel-PI_recall_seqavg": 0.8376736834560041, "test_spanlevel-PI_f1_seqavg": 0.8366583199055267, "test_spanlevel-ISG_precision_spanwise": 0.7098039215686275, "test_spanlevel-ISG_recall_spanwise": 0.7215686274509804, "test_spanlevel-ISG_f1_spanwise": 0.7137254901960784, "test_spanlevel-ISG_precision_seqavg": 0.7214997814552685, "test_spanlevel-ISG_recall_seqavg": 0.730904400542008, "test_spanlevel-ISG_f1_seqavg": 0.7246346544841817, "test_spanlevel-PG_precision_spanwise": 0.9483739837398374, "test_spanlevel-PG_recall_spanwise": 0.9639227642276421, "test_spanlevel-PG_f1_spanwise": 0.9514227642276423, "test_spanlevel-PG_precision_seqavg": 0.9448379405517267, "test_spanlevel-PG_recall_seqavg": 0.9396269569836531, "test_spanlevel-PG_f1_seqavg": 0.9336250434097225, "test_spanlevel-SG_precision_spanwise": 0.8967860422405877, "test_spanlevel-SG_recall_spanwise": 0.9086260330578513, "test_spanlevel-SG_f1_spanwise": 0.8981613825865163, "test_spanlevel-SG_precision_seqavg": 0.8945881175527408, "test_spanlevel-SG_recall_seqavg": 0.8987660463624678, "test_spanlevel-SG_f1_seqavg": 0.892720174586288, "test_spanlevel-ORG_precision_spanwise": 0.8336585365853659, "test_spanlevel-ORG_recall_spanwise": 0.8410027100271004, "test_spanlevel-ORG_f1_spanwise": 0.8307197409636434, "test_spanlevel-ORG_precision_seqavg": 0.874991083964646, "test_spanlevel-ORG_recall_seqavg": 0.8800666331675773, "test_spanlevel-ORG_f1_seqavg": 0.8725766251313003, "test_spanlevel-macro_precision_relaxed": 0.8967151424963927, "test_spanlevel-macro_recall_relaxed": 0.9536931050160978, "test_spanlevel-macro_f1_relaxed": 0.9434669544579194, "test_spanlevel-micro_precision_relaxed": 0.8939299242424247, "test_spanlevel-micro_recall_relaxed": 0.953400796284008, "test_spanlevel-micro_f1_relaxed": 0.941340350297696, "test_spanlevel-PI_precision_relaxed": 0.8721098265895953, "test_spanlevel-PI_recall_relaxed": 0.9556927297668036, "test_spanlevel-PI_f1_relaxed": 0.9586985554321057, "test_spanlevel-ISG_precision_relaxed": 0.8098591549295775, "test_spanlevel-ISG_recall_relaxed": 0.8402777777777778, "test_spanlevel-ISG_f1_relaxed": 0.9562841530054644, "test_spanlevel-PG_precision_relaxed": 0.9525879917184266, "test_spanlevel-PG_recall_relaxed": 0.9894514767932489, "test_spanlevel-PG_f1_relaxed": 0.9804670912951168, "test_spanlevel-SG_precision_relaxed": 0.9186523774328652, "test_spanlevel-SG_recall_relaxed": 0.968659090909091, "test_spanlevel-SG_f1_relaxed": 0.9674603839471886, "test_spanlevel-ORG_precision_relaxed": 0.8641935483870967, "test_spanlevel-ORG_recall_relaxed": 0.9289999999999999, "test_spanlevel-ORG_f1_relaxed": 0.9390204691744586, "test_doclevel-micro_precision": 0.9696428571428571, "test_doclevel-micro_recall": 0.9908759124087592, "test_doclevel-micro_f1": 0.98014440433213, "test_doclevel-PI_precision": 0.9132947976878613, "test_doclevel-PI_recall": 0.9753086419753086, "test_doclevel-PI_f1": 0.9432835820895523, "test_doclevel-ISG_precision": 0.8732394366197183, "test_doclevel-ISG_recall": 0.8611111111111112, "test_doclevel-ISG_f1": 0.8671328671328671, "test_doclevel-PG_precision": 0.9751552795031055, "test_doclevel-PG_recall": 0.9936708860759493, "test_doclevel-PG_f1": 0.9843260188087773, "test_doclevel-SG_precision": 0.9560975609756097, "test_doclevel-SG_recall": 0.98, "test_doclevel-SG_f1": 0.9679012345679012, "test_doclevel-ORG_precision": 0.9225806451612903, "test_doclevel-ORG_recall": 0.9533333333333334, "test_doclevel-ORG_f1": 0.9377049180327869, "test_wordlevel-macro_precision": 0.9076664404366811, "test_wordlevel-macro_recall": 0.9376536819054996, "test_wordlevel-macro_f1": 0.9221554405237476, "test_wordlevel-O_precision": 0.9938241280089831, "test_wordlevel-O_recall": 0.9873797238878818, "test_wordlevel-O_f1": 0.9905914448602707, "test_wordlevel-PI_precision": 0.8916827852998066, "test_wordlevel-PI_recall": 0.9369918699186992, "test_wordlevel-PI_f1": 0.9137760158572844, "test_wordlevel-ISG_precision": 0.8387096774193549, "test_wordlevel-ISG_recall": 0.832, "test_wordlevel-ISG_f1": 0.8353413654618473, "test_wordlevel-PG_precision": 0.9236363636363636, "test_wordlevel-PG_recall": 0.9883268482490273, "test_wordlevel-PG_f1": 0.9548872180451128, "test_wordlevel-SG_precision": 0.9342403628117913, "test_wordlevel-SG_recall": 0.9493087557603687, "test_wordlevel-SG_f1": 0.9417142857142856, "test_wordlevel-ORG_precision": 0.863905325443787, "test_wordlevel-ORG_recall": 0.9319148936170213, "test_wordlevel-ORG_f1": 0.8966223132036848, "test_runtime": 4.6812, "test_samples_per_second": 172.818, "test_steps_per_second": 2.777, "epoch": 4.0, "run_id": "rep03-step06"}
