{"test_loss": 0.25622251629829407, "test_seqeval-macro_precision": 0.6735945590433834, "test_seqeval-macro_recall": 0.7363973227528317, "test_seqeval-macro_f1": 0.7024458518126118, "test_seqeval-micro_precision": 0.6701030927835051, "test_seqeval-micro_recall": 0.7488479262672811, "test_seqeval-micro_f1": 0.7072905331882482, "test_seqeval-ISG_precision": 0.6301369863013698, "test_seqeval-ISG_recall": 0.6133333333333333, "test_seqeval-ISG_f1": 0.6216216216216216, "test_seqeval-SG_precision": 0.6607773851590106, "test_seqeval-SG_recall": 0.751004016064257, "test_seqeval-SG_f1": 0.7030075187969925, "test_seqeval-PG_precision": 0.8273809523809523, "test_seqeval-PG_recall": 0.86875, "test_seqeval-PG_f1": 0.8475609756097561, "test_seqeval-PI_precision": 0.6556603773584906, "test_seqeval-PI_recall": 0.7055837563451777, "test_seqeval-PI_f1": 0.6797066014669927, "test_seqeval-ORG_precision": 0.594017094017094, "test_seqeval-ORG_recall": 0.7433155080213903, "test_seqeval-ORG_f1": 0.6603325415676959, "test_spanlevel-macro_precision_spanwise": 0.7225522068944008, "test_spanlevel-macro_recall_spanwise": 0.7064192698059498, "test_spanlevel-macro_f1_spanwise": 0.7065207910538225, "test_spanlevel-macro_precision_seqavg": 0.7360458266094466, "test_spanlevel-macro_recall_seqavg": 0.7123266576405178, "test_spanlevel-macro_f1_seqavg": 0.7143144098628769, "test_spanlevel-micro_precision_spanwise": 0.8202784232195998, "test_spanlevel-micro_recall_spanwise": 0.8041834291834292, "test_spanlevel-micro_f1_spanwise": 0.8028317512733959, "test_spanlevel-micro_precision_seqavg": 0.8133875077055757, "test_spanlevel-micro_recall_seqavg": 0.8004246652457896, "test_spanlevel-micro_f1_seqavg": 0.7970551298497311, "test_spanlevel-ISG_precision_spanwise": 0.5567765567765568, "test_spanlevel-ISG_recall_spanwise": 0.553113553113553, "test_spanlevel-ISG_f1_spanwise": 0.550915750915751, "test_spanlevel-ISG_precision_seqavg": 0.5686348561898057, "test_spanlevel-ISG_recall_seqavg": 0.5595051857989093, "test_spanlevel-ISG_f1_seqavg": 0.5597442333728073, "test_spanlevel-SG_precision_spanwise": 0.7844587502406727, "test_spanlevel-SG_recall_spanwise": 0.7628816789095536, "test_spanlevel-SG_f1_spanwise": 0.7610827356658187, "test_spanlevel-SG_precision_seqavg": 0.8165682713133099, "test_spanlevel-SG_recall_seqavg": 0.7712291403272775, "test_spanlevel-SG_f1_seqavg": 0.7776906075850113, "test_spanlevel-PG_precision_spanwise": 0.8745098039215687, "test_spanlevel-PG_recall_spanwise": 0.8651960784313725, "test_spanlevel-PG_f1_spanwise": 0.8613725490196079, "test_spanlevel-PG_precision_seqavg": 0.8384871194020059, "test_spanlevel-PG_recall_seqavg": 0.8174769937192502, "test_spanlevel-PG_f1_seqavg": 0.8149666711546166, "test_spanlevel-PI_precision_spanwise": 0.7157205240174671, "test_spanlevel-PI_recall_spanwise": 0.7016011644832604, "test_spanlevel-PI_f1_spanwise": 0.7006443095962747, "test_spanlevel-PI_precision_seqavg": 0.7215733579741148, "test_spanlevel-PI_recall_seqavg": 0.7150031014172262, "test_spanlevel-PI_f1_seqavg": 0.7113353266269218, "test_spanlevel-ORG_precision_spanwise": 0.6812953995157385, "test_spanlevel-ORG_recall_spanwise": 0.6493038740920097, "test_spanlevel-ORG_f1_spanwise": 0.6585886100716609, "test_spanlevel-ORG_precision_seqavg": 0.7349655281679968, "test_spanlevel-ORG_recall_seqavg": 0.6984188669399263, "test_spanlevel-ORG_f1_seqavg": 0.7078352105750269, "test_spanlevel-macro_precision_relaxed": 0.8137588669701251, "test_spanlevel-macro_recall_relaxed": 0.8586569553722838, "test_spanlevel-macro_f1_relaxed": 0.8860505199018618, "test_spanlevel-micro_precision_relaxed": 0.8135541775958399, "test_spanlevel-micro_recall_relaxed": 0.8580366139672709, "test_spanlevel-micro_f1_relaxed": 0.8856058227866144, "test_spanlevel-ISG_precision_relaxed": 0.7297979797979798, "test_spanlevel-ISG_recall_relaxed": 0.7037037037037037, "test_spanlevel-ISG_f1_relaxed": 0.911320754716981, "test_spanlevel-SG_precision_relaxed": 0.8193403265509527, "test_spanlevel-SG_recall_relaxed": 0.8873567821067821, "test_spanlevel-SG_f1_relaxed": 0.926184818465977, "test_spanlevel-PG_precision_relaxed": 0.915625, "test_spanlevel-PG_recall_relaxed": 0.9309071729957805, "test_spanlevel-PG_f1_relaxed": 0.9524122807017543, "test_spanlevel-PI_precision_relaxed": 0.7935404339250492, "test_spanlevel-PI_recall_relaxed": 0.8298868312757202, "test_spanlevel-PI_f1_relaxed": 0.92133004406714, "test_spanlevel-ORG_precision_relaxed": 0.748062015503876, "test_spanlevel-ORG_recall_relaxed": 0.8428888888888889, "test_spanlevel-ORG_f1_relaxed": 0.9104016814211524, "test_doclevel-micro_precision": 0.9314586994727593, "test_doclevel-micro_recall": 0.9671532846715328, "test_doclevel-micro_f1": 0.9489704565801254, "test_doclevel-ISG_precision": 0.803030303030303, "test_doclevel-ISG_recall": 0.7361111111111112, "test_doclevel-ISG_f1": 0.7681159420289856, "test_doclevel-SG_precision": 0.8709677419354839, "test_doclevel-SG_recall": 0.945, "test_doclevel-SG_f1": 0.9064748201438848, "test_doclevel-PG_precision": 0.95625, "test_doclevel-PG_recall": 0.9683544303797469, "test_doclevel-PG_f1": 0.9622641509433963, "test_doclevel-PI_precision": 0.8579881656804734, "test_doclevel-PI_recall": 0.8950617283950617, "test_doclevel-PI_f1": 0.8761329305135952, "test_doclevel-ORG_precision": 0.8081395348837209, "test_doclevel-ORG_recall": 0.9266666666666666, "test_doclevel-ORG_f1": 0.8633540372670808, "test_wordlevel-macro_precision": 0.8289714743397664, "test_wordlevel-macro_recall": 0.8348505739894052, "test_wordlevel-macro_f1": 0.8318252218007384, "test_wordlevel-O_precision": 0.980586592178771, "test_wordlevel-O_recall": 0.9790824152837819, "test_wordlevel-O_f1": 0.9798339264531436, "test_wordlevel-ISG_precision": 0.6854838709677419, "test_wordlevel-ISG_recall": 0.68, "test_wordlevel-ISG_f1": 0.6827309236947792, "test_wordlevel-SG_precision": 0.8385598141695703, "test_wordlevel-SG_recall": 0.8317972350230415, "test_wordlevel-SG_f1": 0.8351648351648351, "test_wordlevel-PG_precision": 0.8988326848249028, "test_wordlevel-PG_recall": 0.8988326848249028, "test_wordlevel-PG_f1": 0.8988326848249028, "test_wordlevel-PI_precision": 0.8016032064128257, "test_wordlevel-PI_recall": 0.8130081300813008, "test_wordlevel-PI_f1": 0.8072653884964683, "test_wordlevel-ORG_precision": 0.768762677484787, "test_wordlevel-ORG_recall": 0.8063829787234043, "test_wordlevel-ORG_f1": 0.7871235721703012, "test_runtime": 4.7435, "test_samples_per_second": 170.548, "test_steps_per_second": 2.741, "epoch": 6.0, "run_id": "rep03-step01"}
