{"test_loss": 0.11136039346456528, "test_seqeval-macro_precision": 0.7618374981325774, "test_seqeval-macro_recall": 0.8392454879031142, "test_seqeval-macro_f1": 0.7972297823754111, "test_seqeval-micro_precision": 0.7660878447395302, "test_seqeval-micro_recall": 0.8398656215005599, "test_seqeval-micro_f1": 0.8012820512820513, "test_seqeval-SG_precision": 0.8119891008174387, "test_seqeval-SG_recall": 0.8324022346368715, "test_seqeval-SG_f1": 0.8220689655172413, "test_seqeval-ORG_precision": 0.6877828054298643, "test_seqeval-ORG_recall": 0.8888888888888888, "test_seqeval-ORG_f1": 0.7755102040816326, "test_seqeval-ISG_precision": 0.6909090909090909, "test_seqeval-ISG_recall": 0.7755102040816326, "test_seqeval-ISG_f1": 0.7307692307692308, "test_seqeval-PI_precision": 0.7613636363636364, "test_seqeval-PI_recall": 0.8170731707317073, "test_seqeval-PI_f1": 0.788235294117647, "test_seqeval-PG_precision": 0.8571428571428571, "test_seqeval-PG_recall": 0.8823529411764706, "test_seqeval-PG_f1": 0.8695652173913043, "test_spanlevel-macro_precision_spanwise": 0.7937489098241775, "test_spanlevel-macro_recall_spanwise": 0.7945331402548633, "test_spanlevel-macro_f1_spanwise": 0.7880996375683219, "test_spanlevel-macro_precision_seqavg": 0.8150573780098382, "test_spanlevel-macro_recall_seqavg": 0.8166845096139879, "test_spanlevel-macro_f1_seqavg": 0.8108517295043469, "test_spanlevel-micro_precision_spanwise": 0.8701077875450915, "test_spanlevel-micro_recall_spanwise": 0.8679870016952812, "test_spanlevel-micro_f1_spanwise": 0.8620586261445634, "test_spanlevel-micro_precision_seqavg": 0.8668707333760877, "test_spanlevel-micro_recall_seqavg": 0.8646858619409254, "test_spanlevel-micro_f1_seqavg": 0.8579220381878883, "test_spanlevel-SG_precision_spanwise": 0.8859930837356713, "test_spanlevel-SG_recall_spanwise": 0.8786538461978449, "test_spanlevel-SG_f1_spanwise": 0.8716508253441999, "test_spanlevel-SG_precision_seqavg": 0.8919306204212241, "test_spanlevel-SG_recall_seqavg": 0.8933239345236463, "test_spanlevel-SG_f1_seqavg": 0.8862545208322373, "test_spanlevel-ORG_precision_spanwise": 0.7373853211009175, "test_spanlevel-ORG_recall_spanwise": 0.7396788990825688, "test_spanlevel-ORG_f1_spanwise": 0.7357361293141109, "test_spanlevel-ORG_precision_seqavg": 0.7338819000946087, "test_spanlevel-ORG_recall_seqavg": 0.7436842908777112, "test_spanlevel-ORG_f1_seqavg": 0.7338828472039634, "test_spanlevel-ISG_precision_spanwise": 0.6424731182795699, "test_spanlevel-ISG_recall_spanwise": 0.6411290322580645, "test_spanlevel-ISG_f1_spanwise": 0.6384408602150536, "test_spanlevel-ISG_precision_seqavg": 0.7158095988164328, "test_spanlevel-ISG_recall_seqavg": 0.7114770980948413, "test_spanlevel-ISG_f1_seqavg": 0.7108076616095463, "test_spanlevel-PI_precision_spanwise": 0.7651152482269503, "test_spanlevel-PI_recall_spanwise": 0.7668547173866321, "test_spanlevel-PI_f1_spanwise": 0.7595380978359701, "test_spanlevel-PI_precision_seqavg": 0.7853142834323373, "test_spanlevel-PI_recall_seqavg": 0.7868790560193107, "test_spanlevel-PI_f1_seqavg": 0.779310075559051, "test_spanlevel-PG_precision_spanwise": 0.9377777777777779, "test_spanlevel-PG_recall_spanwise": 0.9463492063492064, "test_spanlevel-PG_f1_spanwise": 0.9351322751322753, "test_spanlevel-PG_precision_seqavg": 0.9483504872845879, "test_spanlevel-PG_recall_seqavg": 0.9480581685544296, "test_spanlevel-PG_f1_seqavg": 0.9440035423169362, "test_spanlevel-macro_precision_relaxed": 0.8636779702557013, "test_spanlevel-macro_recall_relaxed": 0.9159403382353702, "test_spanlevel-macro_f1_relaxed": 0.9227553606647787, "test_spanlevel-micro_precision_relaxed": 0.863075729359343, "test_spanlevel-micro_recall_relaxed": 0.9165640189108646, "test_spanlevel-micro_f1_relaxed": 0.9235260030034432, "test_spanlevel-SG_precision_relaxed": 0.9303928775444453, "test_spanlevel-SG_recall_relaxed": 0.9112456582144457, "test_spanlevel-SG_f1_relaxed": 0.9456822801228775, "test_spanlevel-ORG_precision_relaxed": 0.7481632653061224, "test_spanlevel-ORG_recall_relaxed": 0.9537037037037037, "test_spanlevel-ORG_f1_relaxed": 0.9554268273692733, "test_spanlevel-ISG_precision_relaxed": 0.7727272727272727, "test_spanlevel-ISG_recall_relaxed": 0.8192982456140352, "test_spanlevel-ISG_f1_relaxed": 0.9713080168776371, "test_spanlevel-PI_precision_relaxed": 0.8211011904761905, "test_spanlevel-PI_recall_relaxed": 0.8884770784770785, "test_spanlevel-PI_f1_relaxed": 0.9462068538108437, "test_spanlevel-PG_precision_relaxed": 0.9588652482269504, "test_spanlevel-PG_recall_relaxed": 0.9719858156028368, "test_spanlevel-PG_f1_relaxed": 0.9684370587596394, "test_doclevel-micro_precision": 0.9529411764705882, "test_doclevel-micro_recall": 0.9792746113989638, "test_doclevel-micro_f1": 0.9659284497444633, "test_doclevel-SG_precision": 0.9686411149825784, "test_doclevel-SG_recall": 0.9455782312925171, "test_doclevel-SG_f1": 0.9569707401032703, "test_doclevel-ORG_precision": 0.7942857142857143, "test_doclevel-ORG_recall": 0.9652777777777778, "test_doclevel-ORG_f1": 0.8714733542319748, "test_doclevel-ISG_precision": 0.8080808080808081, "test_doclevel-ISG_recall": 0.8421052631578947, "test_doclevel-ISG_f1": 0.8247422680412371, "test_doclevel-PI_precision": 0.8571428571428571, "test_doclevel-PI_recall": 0.9230769230769231, "test_doclevel-PI_f1": 0.888888888888889, "test_doclevel-PG_precision": 0.9893617021276596, "test_doclevel-PG_recall": 0.9893617021276596, "test_doclevel-PG_f1": 0.9893617021276596, "test_wordlevel-macro_precision": 0.8668114472581719, "test_wordlevel-macro_recall": 0.8994003762289778, "test_wordlevel-macro_f1": 0.8809261130143176, "test_wordlevel-O_precision": 0.9890018098287624, "test_wordlevel-O_recall": 0.9848883959517538, "test_wordlevel-O_f1": 0.9869408168935816, "test_wordlevel-SG_precision": 0.9225922592259226, "test_wordlevel-SG_recall": 0.8999122036874452, "test_wordlevel-SG_f1": 0.9111111111111111, "test_wordlevel-ORG_precision": 0.7488584474885844, "test_wordlevel-ORG_recall": 0.9507246376811594, "test_wordlevel-ORG_f1": 0.8378033205619413, "test_wordlevel-ISG_precision": 0.7482517482517482, "test_wordlevel-ISG_recall": 0.7753623188405797, "test_wordlevel-ISG_f1": 0.7615658362989324, "test_wordlevel-PI_precision": 0.869942196531792, "test_wordlevel-PI_recall": 0.8314917127071824, "test_wordlevel-PI_f1": 0.8502824858757063, "test_wordlevel-PG_precision": 0.9222222222222223, "test_wordlevel-PG_recall": 0.9540229885057471, "test_wordlevel-PG_f1": 0.9378531073446328, "test_runtime": 7.8134, "test_samples_per_second": 103.668, "test_steps_per_second": 1.664, "epoch": 4.0}