{"test_loss": 0.1451036036014557, "test_seqeval-macro_precision": 0.7250278723554124, "test_seqeval-macro_recall": 0.8055285146932579, "test_seqeval-macro_f1": 0.761169626730257, "test_seqeval-micro_precision": 0.727427597955707, "test_seqeval-micro_recall": 0.801125703564728, "test_seqeval-micro_f1": 0.7625000000000002, "test_seqeval-SG_precision": 0.7621621621621621, "test_seqeval-SG_recall": 0.7899159663865546, "test_seqeval-SG_f1": 0.7757909215955983, "test_seqeval-ORG_precision": 0.7148936170212766, "test_seqeval-ORG_recall": 0.7466666666666667, "test_seqeval-ORG_f1": 0.7304347826086957, "test_seqeval-ISG_precision": 0.5802469135802469, "test_seqeval-ISG_recall": 0.7642276422764228, "test_seqeval-ISG_f1": 0.6596491228070176, "test_seqeval-PI_precision": 0.6721311475409836, "test_seqeval-PI_recall": 0.82, "test_seqeval-PI_f1": 0.7387387387387387, "test_seqeval-PG_precision": 0.8957055214723927, "test_seqeval-PG_recall": 0.906832298136646, "test_seqeval-PG_f1": 0.9012345679012346, "test_spanlevel-macro_precision_spanwise": 0.7636232903700911, "test_spanlevel-macro_recall_spanwise": 0.7588001218266933, "test_spanlevel-macro_f1_spanwise": 0.7552034890942622, "test_spanlevel-macro_precision_seqavg": 0.7777689234229246, "test_spanlevel-macro_recall_seqavg": 0.7712210752435497, "test_spanlevel-macro_f1_seqavg": 0.7688930778985956, "test_spanlevel-micro_precision_spanwise": 0.8567430675838437, "test_spanlevel-micro_recall_spanwise": 0.8568901430157975, "test_spanlevel-micro_f1_spanwise": 0.8488071727528479, "test_spanlevel-micro_precision_seqavg": 0.8493056694622949, "test_spanlevel-micro_recall_seqavg": 0.8488650553514396, "test_spanlevel-micro_f1_seqavg": 0.8406089157023252, "test_spanlevel-SG_precision_spanwise": 0.7946021716444462, "test_spanlevel-SG_recall_spanwise": 0.7946162391175178, "test_spanlevel-SG_f1_spanwise": 0.7855176243618889, "test_spanlevel-SG_precision_seqavg": 0.8057508129334161, "test_spanlevel-SG_recall_seqavg": 0.8056170591875293, "test_spanlevel-SG_f1_seqavg": 0.7971072112450871, "test_spanlevel-ORG_precision_spanwise": 0.7940136054421769, "test_spanlevel-ORG_recall_spanwise": 0.7796190476190475, "test_spanlevel-ORG_f1_spanwise": 0.7796916099773242, "test_spanlevel-ORG_precision_seqavg": 0.7957163655165438, "test_spanlevel-ORG_recall_seqavg": 0.7737345268315887, "test_spanlevel-ORG_f1_seqavg": 0.7782346126409676, "test_spanlevel-ISG_precision_spanwise": 0.56, "test_spanlevel-ISG_recall_spanwise": 0.5571428571428572, "test_spanlevel-ISG_f1_spanwise": 0.5542857142857143, "test_spanlevel-ISG_precision_seqavg": 0.6170314406826812, "test_spanlevel-ISG_recall_seqavg": 0.6272201999005798, "test_spanlevel-ISG_f1_seqavg": 0.6168718743049186, "test_spanlevel-PI_precision_spanwise": 0.7361673414304992, "test_spanlevel-PI_recall_spanwise": 0.7171679197994988, "test_spanlevel-PI_f1_spanwise": 0.7213709816948682, "test_spanlevel-PI_precision_seqavg": 0.7210449565623701, "test_spanlevel-PI_recall_seqavg": 0.701361474634204, "test_spanlevel-PI_f1_seqavg": 0.7069594518607966, "test_spanlevel-PG_precision_spanwise": 0.9333333333333333, "test_spanlevel-PG_recall_spanwise": 0.9454545454545454, "test_spanlevel-PG_f1_spanwise": 0.9351515151515152, "test_spanlevel-PG_precision_seqavg": 0.9493010414196121, "test_spanlevel-PG_recall_seqavg": 0.9481721156638468, "test_spanlevel-PG_f1_seqavg": 0.9452922394412078, "test_spanlevel-macro_precision_relaxed": 0.833971557853911, "test_spanlevel-macro_recall_relaxed": 0.8922560067798166, "test_spanlevel-macro_f1_relaxed": 0.9002399187217305, "test_spanlevel-micro_precision_relaxed": 0.8351199095022626, "test_spanlevel-micro_recall_relaxed": 0.8924345782083878, "test_spanlevel-micro_f1_relaxed": 0.9017696619061293, "test_spanlevel-SG_precision_relaxed": 0.863470622817028, "test_spanlevel-SG_recall_relaxed": 0.8751683501683502, "test_spanlevel-SG_f1_relaxed": 0.9368062767182092, "test_spanlevel-ORG_precision_relaxed": 0.8612341772151898, "test_spanlevel-ORG_recall_relaxed": 0.863747346072187, "test_spanlevel-ORG_f1_relaxed": 0.9192094509910839, "test_spanlevel-ISG_precision_relaxed": 0.6357142857142857, "test_spanlevel-ISG_recall_relaxed": 0.8204545454545454, "test_spanlevel-ISG_f1_relaxed": 0.9373860182370822, "test_spanlevel-PI_precision_relaxed": 0.7769658119658119, "test_spanlevel-PI_recall_relaxed": 0.9020008605851979, "test_spanlevel-PI_f1_relaxed": 0.9479942209241571, "test_spanlevel-PG_precision_relaxed": 0.9503205128205128, "test_spanlevel-PG_recall_relaxed": 0.9741935483870968, "test_spanlevel-PG_f1_relaxed": 0.980513784461153, "test_doclevel-micro_precision": 0.9523076923076923, "test_doclevel-micro_recall": 0.9825396825396825, "test_doclevel-micro_f1": 0.9671875, "test_doclevel-SG_precision": 0.9074074074074074, "test_doclevel-SG_recall": 0.9176029962546817, "test_doclevel-SG_f1": 0.9124767225325885, "test_doclevel-ORG_precision": 0.9177215189873418, "test_doclevel-ORG_recall": 0.9235668789808917, "test_doclevel-ORG_f1": 0.9206349206349206, "test_doclevel-ISG_precision": 0.6785714285714286, "test_doclevel-ISG_recall": 0.8636363636363636, "test_doclevel-ISG_f1": 0.76, "test_doclevel-PI_precision": 0.8051282051282052, "test_doclevel-PI_recall": 0.9457831325301205, "test_doclevel-PI_f1": 0.8698060941828255, "test_doclevel-PG_precision": 0.9743589743589743, "test_doclevel-PG_recall": 0.9806451612903225, "test_doclevel-PG_f1": 0.977491961414791, "test_wordlevel-macro_precision": 0.8475282253536136, "test_wordlevel-macro_recall": 0.8831882311729883, "test_wordlevel-macro_f1": 0.8633640947855614, "test_wordlevel-O_precision": 0.9858566569194963, "test_wordlevel-O_recall": 0.9826314537235308, "test_wordlevel-O_f1": 0.9842414132086151, "test_wordlevel-SG_precision": 0.8595406360424028, "test_wordlevel-SG_recall": 0.8409680207433017, "test_wordlevel-SG_f1": 0.8501529051987767, "test_wordlevel-ORG_precision": 0.8730853391684902, "test_wordlevel-ORG_recall": 0.8347280334728033, "test_wordlevel-ORG_f1": 0.853475935828877, "test_wordlevel-ISG_precision": 0.6210045662100456, "test_wordlevel-ISG_recall": 0.7816091954022989, "test_wordlevel-ISG_f1": 0.6921119592875319, "test_wordlevel-PI_precision": 0.8016032064128257, "test_wordlevel-PI_recall": 0.8830022075055187, "test_wordlevel-PI_f1": 0.8403361344537815, "test_wordlevel-PG_precision": 0.944078947368421, "test_wordlevel-PG_recall": 0.9761904761904762, "test_wordlevel-PG_f1": 0.959866220735786, "test_runtime": 9.0756, "test_samples_per_second": 98.726, "test_steps_per_second": 1.543, "epoch": 5.0}