{"test_loss": 0.17301078140735626, "test_seqeval-macro_precision": 0.664940767517544, "test_seqeval-macro_recall": 0.7536704974610633, "test_seqeval-macro_f1": 0.7056089959681346, "test_seqeval-micro_precision": 0.6639784946236559, "test_seqeval-micro_recall": 0.7607802874743327, "test_seqeval-micro_f1": 0.7090909090909091, "test_seqeval-PI_precision": 0.7432432432432432, "test_seqeval-PI_recall": 0.8365019011406845, "test_seqeval-PI_f1": 0.7871198568872987, "test_seqeval-ISG_precision": 0.6090909090909091, "test_seqeval-ISG_recall": 0.6203703703703703, "test_seqeval-ISG_f1": 0.6146788990825688, "test_seqeval-PG_precision": 0.7926829268292683, "test_seqeval-PG_recall": 0.8904109589041096, "test_seqeval-PG_f1": 0.8387096774193549, "test_seqeval-SG_precision": 0.6245847176079734, "test_seqeval-SG_recall": 0.7014925373134329, "test_seqeval-SG_f1": 0.6608084358523725, "test_seqeval-ORG_precision": 0.5551020408163265, "test_seqeval-ORG_recall": 0.7195767195767195, "test_seqeval-ORG_f1": 0.6267281105990783, "test_spanlevel-macro_precision_spanwise": 0.7084309996619913, "test_spanlevel-macro_recall_spanwise": 0.710411181061356, "test_spanlevel-macro_f1_spanwise": 0.7025530747359369, "test_spanlevel-macro_precision_seqavg": 0.7103656382370376, "test_spanlevel-macro_recall_seqavg": 0.7043963336998132, "test_spanlevel-macro_f1_seqavg": 0.701259887784204, "test_spanlevel-micro_precision_spanwise": 0.7905703646192775, "test_spanlevel-micro_recall_spanwise": 0.799413290513834, "test_spanlevel-micro_f1_spanwise": 0.785649179289271, "test_spanlevel-micro_precision_seqavg": 0.7840806260198784, "test_spanlevel-micro_recall_seqavg": 0.7911975085748449, "test_spanlevel-micro_f1_seqavg": 0.7777004485919704, "test_spanlevel-PI_precision_spanwise": 0.7586479683567062, "test_spanlevel-PI_recall_spanwise": 0.7622437971952536, "test_spanlevel-PI_f1_spanwise": 0.7579416448348487, "test_spanlevel-PI_precision_seqavg": 0.7452718891317813, "test_spanlevel-PI_recall_seqavg": 0.7469178856619599, "test_spanlevel-PI_f1_seqavg": 0.7445376592301604, "test_spanlevel-ISG_precision_spanwise": 0.6072351421188631, "test_spanlevel-ISG_recall_spanwise": 0.5891472868217055, "test_spanlevel-ISG_f1_spanwise": 0.5894918173987941, "test_spanlevel-ISG_precision_seqavg": 0.592807045730722, "test_spanlevel-ISG_recall_seqavg": 0.5694620808300569, "test_spanlevel-ISG_f1_seqavg": 0.5755999815172681, "test_spanlevel-PG_precision_spanwise": 0.8411458333333333, "test_spanlevel-PG_recall_spanwise": 0.8587499999999999, "test_spanlevel-PG_f1_spanwise": 0.8467063492063491, "test_spanlevel-PG_precision_seqavg": 0.8520412053580783, "test_spanlevel-PG_recall_seqavg": 0.8627979160573298, "test_spanlevel-PG_f1_seqavg": 0.853700779176417, "test_spanlevel-SG_precision_spanwise": 0.7203397297147297, "test_spanlevel-SG_recall_spanwise": 0.7284212315462315, "test_spanlevel-SG_f1_spanwise": 0.712555937420068, "test_spanlevel-SG_precision_seqavg": 0.7159249098846593, "test_spanlevel-SG_recall_seqavg": 0.7131304105688475, "test_spanlevel-SG_f1_seqavg": 0.7029905386544618, "test_spanlevel-ORG_precision_spanwise": 0.6147863247863248, "test_spanlevel-ORG_recall_spanwise": 0.6134935897435897, "test_spanlevel-ORG_f1_spanwise": 0.6060696248196248, "test_spanlevel-ORG_precision_seqavg": 0.6457831410799472, "test_spanlevel-ORG_recall_seqavg": 0.6296733753808722, "test_spanlevel-ORG_f1_seqavg": 0.629470480342713, "test_spanlevel-macro_precision_relaxed": 0.7795641321044546, "test_spanlevel-macro_recall_relaxed": 0.8699894957983194, "test_spanlevel-macro_f1_relaxed": 0.8878444866318396, "test_spanlevel-micro_precision_relaxed": 0.7770730926779316, "test_spanlevel-micro_recall_relaxed": 0.86999883286648, "test_spanlevel-micro_f1_relaxed": 0.8862631759853056, "test_spanlevel-PI_precision_relaxed": 0.807890325670498, "test_spanlevel-PI_recall_relaxed": 0.9026515151515151, "test_spanlevel-PI_f1_relaxed": 0.9464732613986345, "test_spanlevel-ISG_precision_relaxed": 0.7391493055555555, "test_spanlevel-ISG_recall_relaxed": 0.734375, "test_spanlevel-ISG_f1_relaxed": 0.9045397584871268, "test_spanlevel-PG_precision_relaxed": 0.8761574074074074, "test_spanlevel-PG_recall_relaxed": 0.9705035971223022, "test_spanlevel-PG_f1_relaxed": 0.9480508870214751, "test_spanlevel-SG_precision_relaxed": 0.8015438138725811, "test_spanlevel-SG_recall_relaxed": 0.8448837209302326, "test_spanlevel-SG_f1_relaxed": 0.9117743365325085, "test_spanlevel-ORG_precision_relaxed": 0.6585735735735736, "test_spanlevel-ORG_recall_relaxed": 0.8765981735159818, "test_spanlevel-ORG_f1_relaxed": 0.9004015163025468, "test_doclevel-micro_precision": 0.9241935483870968, "test_doclevel-micro_recall": 0.9630252100840336, "test_doclevel-micro_f1": 0.9432098765432099, "test_doclevel-PI_precision": 0.875, "test_doclevel-PI_recall": 0.9227272727272727, "test_doclevel-PI_f1": 0.8982300884955752, "test_doclevel-ISG_precision": 0.8020833333333334, "test_doclevel-ISG_recall": 0.8020833333333334, "test_doclevel-ISG_f1": 0.8020833333333334, "test_doclevel-PG_precision": 0.9444444444444444, "test_doclevel-PG_recall": 0.9784172661870504, "test_doclevel-PG_f1": 0.96113074204947, "test_doclevel-SG_precision": 0.8721461187214612, "test_doclevel-SG_recall": 0.8883720930232558, "test_doclevel-SG_f1": 0.880184331797235, "test_doclevel-ORG_precision": 0.7405405405405405, "test_doclevel-ORG_recall": 0.9383561643835616, "test_doclevel-ORG_f1": 0.8277945619335346, "test_wordlevel-macro_precision": 0.8108864425527739, "test_wordlevel-macro_recall": 0.862740077512992, "test_wordlevel-macro_f1": 0.8344891839558359, "test_wordlevel-O_precision": 0.9859269452089067, "test_wordlevel-O_recall": 0.9730847583184147, "test_wordlevel-O_f1": 0.9794637586603288, "test_wordlevel-PI_precision": 0.8094534711964549, "test_wordlevel-PI_recall": 0.8838709677419355, "test_wordlevel-PI_f1": 0.8450269853508096, "test_wordlevel-ISG_precision": 0.7435897435897436, "test_wordlevel-ISG_recall": 0.7116564417177914, "test_wordlevel-ISG_f1": 0.7272727272727273, "test_wordlevel-PG_precision": 0.8633333333333333, "test_wordlevel-PG_recall": 0.9592592592592593, "test_wordlevel-PG_f1": 0.9087719298245613, "test_wordlevel-SG_precision": 0.7881899871630296, "test_wordlevel-SG_recall": 0.8057742782152231, "test_wordlevel-SG_f1": 0.7968851395197923, "test_wordlevel-ORG_precision": 0.6748251748251748, "test_wordlevel-ORG_recall": 0.8427947598253275, "test_wordlevel-ORG_f1": 0.7495145631067961, "test_runtime": 6.3871, "test_samples_per_second": 137.15, "test_steps_per_second": 2.192, "epoch": 6.0, "run_id": "rep02-step02"}
