{"test_loss": 0.21572256088256836, "test_seqeval-macro_precision": 0.6689342165429121, "test_seqeval-macro_recall": 0.7267219231213004, "test_seqeval-macro_f1": 0.696405574264341, "test_seqeval-micro_precision": 0.6751893939393939, "test_seqeval-micro_recall": 0.7320328542094456, "test_seqeval-micro_f1": 0.7024630541871921, "test_seqeval-SG_precision": 0.6182432432432432, "test_seqeval-SG_recall": 0.6828358208955224, "test_seqeval-SG_f1": 0.648936170212766, "test_seqeval-ORG_precision": 0.6047619047619047, "test_seqeval-ORG_recall": 0.671957671957672, "test_seqeval-ORG_f1": 0.6365914786967418, "test_seqeval-ISG_precision": 0.5826086956521739, "test_seqeval-ISG_recall": 0.6203703703703703, "test_seqeval-ISG_f1": 0.6008968609865469, "test_seqeval-PI_precision": 0.7814814814814814, "test_seqeval-PI_recall": 0.8022813688212928, "test_seqeval-PI_f1": 0.7917448405253283, "test_seqeval-PG_precision": 0.7575757575757576, "test_seqeval-PG_recall": 0.8561643835616438, "test_seqeval-PG_f1": 0.8038585209003216, "test_spanlevel-macro_precision_spanwise": 0.6953984614770451, "test_spanlevel-macro_recall_spanwise": 0.6981117073110807, "test_spanlevel-macro_f1_spanwise": 0.6901860494641894, "test_spanlevel-macro_precision_seqavg": 0.6776919082358264, "test_spanlevel-macro_recall_seqavg": 0.6786615292649503, "test_spanlevel-macro_f1_seqavg": 0.6723877723761837, "test_spanlevel-micro_precision_spanwise": 0.8021864447122179, "test_spanlevel-micro_recall_spanwise": 0.8066826891217707, "test_spanlevel-micro_f1_spanwise": 0.7940683727894351, "test_spanlevel-micro_precision_seqavg": 0.7962379457277418, "test_spanlevel-micro_recall_seqavg": 0.7979616330381636, "test_spanlevel-micro_f1_seqavg": 0.7864791673784978, "test_spanlevel-SG_precision_spanwise": 0.7006010171058714, "test_spanlevel-SG_recall_spanwise": 0.7258135562747213, "test_spanlevel-SG_f1_spanwise": 0.7018838888538139, "test_spanlevel-SG_precision_seqavg": 0.7146451398698926, "test_spanlevel-SG_recall_seqavg": 0.7344039698574129, "test_spanlevel-SG_f1_seqavg": 0.7127030466507841, "test_spanlevel-ORG_precision_spanwise": 0.6467021276595746, "test_spanlevel-ORG_recall_spanwise": 0.6178014184397164, "test_spanlevel-ORG_f1_spanwise": 0.6247068061961678, "test_spanlevel-ORG_precision_seqavg": 0.6471859309777255, "test_spanlevel-ORG_recall_seqavg": 0.6290192032927275, "test_spanlevel-ORG_f1_seqavg": 0.632978277693559, "test_spanlevel-ISG_precision_spanwise": 0.515547263681592, "test_spanlevel-ISG_recall_spanwise": 0.5167910447761194, "test_spanlevel-ISG_f1_spanwise": 0.5102611940298507, "test_spanlevel-ISG_precision_seqavg": 0.46611384731805594, "test_spanlevel-ISG_recall_seqavg": 0.45887514279866304, "test_spanlevel-ISG_f1_seqavg": 0.45906508279082714, "test_spanlevel-PI_precision_spanwise": 0.7782043989381874, "test_spanlevel-PI_recall_spanwise": 0.775881683731513, "test_spanlevel-PI_f1_spanwise": 0.7731904614157173, "test_spanlevel-PI_precision_seqavg": 0.760798244323203, "test_spanlevel-PI_recall_seqavg": 0.7554032987469094, "test_spanlevel-PI_f1_seqavg": 0.7538905889441376, "test_spanlevel-PG_precision_spanwise": 0.8359375, "test_spanlevel-PG_recall_spanwise": 0.8542708333333333, "test_spanlevel-PG_f1_spanwise": 0.8408878968253969, "test_spanlevel-PG_precision_seqavg": 0.7997163786902546, "test_spanlevel-PG_recall_seqavg": 0.8156060316290386, "test_spanlevel-PG_f1_seqavg": 0.8033018658016107, "test_spanlevel-macro_precision_relaxed": 0.7928703271432029, "test_spanlevel-macro_recall_relaxed": 0.8392565359477124, "test_spanlevel-macro_f1_relaxed": 0.8942603669758697, "test_spanlevel-micro_precision_relaxed": 0.7907786725801432, "test_spanlevel-micro_recall_relaxed": 0.8398377684407098, "test_spanlevel-micro_f1_relaxed": 0.8933534654540329, "test_spanlevel-SG_precision_relaxed": 0.7779401154401154, "test_spanlevel-SG_recall_relaxed": 0.8405232558139535, "test_spanlevel-SG_f1_relaxed": 0.9126997360294513, "test_spanlevel-ORG_precision_relaxed": 0.7722046413502109, "test_spanlevel-ORG_recall_relaxed": 0.7949771689497717, "test_spanlevel-ORG_f1_relaxed": 0.8954853843655757, "test_spanlevel-ISG_precision_relaxed": 0.6517543859649123, "test_spanlevel-ISG_recall_relaxed": 0.689236111111111, "test_spanlevel-ISG_f1_relaxed": 0.9027605244996549, "test_spanlevel-PI_precision_relaxed": 0.854040404040404, "test_spanlevel-PI_recall_relaxed": 0.8704545454545455, "test_spanlevel-PI_f1_relaxed": 0.9473921494730608, "test_spanlevel-PG_precision_relaxed": 0.8680555555555556, "test_spanlevel-PG_recall_relaxed": 0.9674460431654676, "test_spanlevel-PG_f1_relaxed": 0.9399700789406671, "test_doclevel-micro_precision": 0.9313725490196079, "test_doclevel-micro_recall": 0.957983193277311, "test_doclevel-micro_f1": 0.9444904722452362, "test_doclevel-SG_precision": 0.8545454545454545, "test_doclevel-SG_recall": 0.8744186046511628, "test_doclevel-SG_f1": 0.864367816091954, "test_doclevel-ORG_precision": 0.8164556962025317, "test_doclevel-ORG_recall": 0.8835616438356164, "test_doclevel-ORG_f1": 0.8486842105263157, "test_doclevel-ISG_precision": 0.7473684210526316, "test_doclevel-ISG_recall": 0.7395833333333334, "test_doclevel-ISG_f1": 0.743455497382199, "test_doclevel-PI_precision": 0.9090909090909091, "test_doclevel-PI_recall": 0.9090909090909091, "test_doclevel-PI_f1": 0.9090909090909091, "test_doclevel-PG_precision": 0.9444444444444444, "test_doclevel-PG_recall": 0.9784172661870504, "test_doclevel-PG_f1": 0.96113074204947, "test_wordlevel-macro_precision": 0.8030432584222719, "test_wordlevel-macro_recall": 0.8283357036377349, "test_wordlevel-macro_f1": 0.8149993686690836, "test_wordlevel-O_precision": 0.9811402692474719, "test_wordlevel-O_recall": 0.9762948330143836, "test_wordlevel-O_f1": 0.9787115539327929, "test_wordlevel-SG_precision": 0.7335811648079306, "test_wordlevel-SG_recall": 0.7769028871391076, "test_wordlevel-SG_f1": 0.7546207775653282, "test_wordlevel-ORG_precision": 0.780045351473923, "test_wordlevel-ORG_recall": 0.7510917030567685, "test_wordlevel-ORG_f1": 0.7652947719688543, "test_wordlevel-ISG_precision": 0.6488095238095238, "test_wordlevel-ISG_recall": 0.6687116564417178, "test_wordlevel-ISG_f1": 0.6586102719033232, "test_wordlevel-PI_precision": 0.8264984227129337, "test_wordlevel-PI_recall": 0.8451612903225807, "test_wordlevel-PI_f1": 0.8357256778309411, "test_wordlevel-PG_precision": 0.8481848184818482, "test_wordlevel-PG_recall": 0.9518518518518518, "test_wordlevel-PG_f1": 0.8970331588132635, "test_runtime": 8.5726, "test_samples_per_second": 102.186, "test_steps_per_second": 1.633, "epoch": 6.0}