{"test_loss": 0.14068226516246796, "test_seqeval-macro_precision": 0.7337972653916058, "test_seqeval-macro_recall": 0.7727511931664087, "test_seqeval-macro_f1": 0.7517158359715556, "test_seqeval-micro_precision": 0.7419700214132763, "test_seqeval-micro_recall": 0.7760358342665173, "test_seqeval-micro_f1": 0.7586206896551724, "test_seqeval-PI_precision": 0.6684491978609626, "test_seqeval-PI_recall": 0.7621951219512195, "test_seqeval-PI_f1": 0.7122507122507122, "test_seqeval-ISG_precision": 0.5948275862068966, "test_seqeval-ISG_recall": 0.7040816326530612, "test_seqeval-ISG_f1": 0.6448598130841122, "test_seqeval-PG_precision": 0.8823529411764706, "test_seqeval-PG_recall": 0.8823529411764706, "test_seqeval-PG_f1": 0.8823529411764706, "test_seqeval-SG_precision": 0.7928176795580111, "test_seqeval-SG_recall": 0.8016759776536313, "test_seqeval-SG_f1": 0.7972222222222223, "test_seqeval-ORG_precision": 0.7305389221556886, "test_seqeval-ORG_recall": 0.7134502923976608, "test_seqeval-ORG_f1": 0.7218934911242603, "test_spanlevel-macro_precision_spanwise": 0.7584915963588694, "test_spanlevel-macro_recall_spanwise": 0.7455651577106744, "test_spanlevel-macro_f1_spanwise": 0.7446918797538533, "test_spanlevel-macro_precision_seqavg": 0.7764409967411048, "test_spanlevel-macro_recall_seqavg": 0.7623287546120251, "test_spanlevel-macro_f1_seqavg": 0.7632210267685636, "test_spanlevel-micro_precision_spanwise": 0.8468681055786319, "test_spanlevel-micro_recall_spanwise": 0.834127781145583, "test_spanlevel-micro_f1_spanwise": 0.8311559512199815, "test_spanlevel-micro_precision_seqavg": 0.8467507187765091, "test_spanlevel-micro_recall_seqavg": 0.8312071264515719, "test_spanlevel-micro_f1_seqavg": 0.8282105309726143, "test_spanlevel-PI_precision_spanwise": 0.7115889212827988, "test_spanlevel-PI_recall_spanwise": 0.6888362487852283, "test_spanlevel-PI_f1_spanwise": 0.6914372098045569, "test_spanlevel-PI_precision_seqavg": 0.7051072158062002, "test_spanlevel-PI_recall_seqavg": 0.6859728805055753, "test_spanlevel-PI_f1_seqavg": 0.6886729013589992, "test_spanlevel-ISG_precision_spanwise": 0.5681818181818182, "test_spanlevel-ISG_recall_spanwise": 0.5568181818181818, "test_spanlevel-ISG_f1_spanwise": 0.5578282828282828, "test_spanlevel-ISG_precision_seqavg": 0.6304061992290975, "test_spanlevel-ISG_recall_seqavg": 0.6158660535155136, "test_spanlevel-ISG_f1_seqavg": 0.6183900362476239, "test_spanlevel-PG_precision_spanwise": 0.923809523809524, "test_spanlevel-PG_recall_spanwise": 0.9317460317460317, "test_spanlevel-PG_f1_spanwise": 0.9244444444444444, "test_spanlevel-PG_precision_seqavg": 0.9155520953355482, "test_spanlevel-PG_recall_seqavg": 0.9104938916814342, "test_spanlevel-PG_f1_seqavg": 0.9098515558888043, "test_spanlevel-SG_precision_spanwise": 0.8626255596255596, "test_spanlevel-SG_recall_spanwise": 0.8615652225769872, "test_spanlevel-SG_f1_spanwise": 0.8512298465920567, "test_spanlevel-SG_precision_seqavg": 0.8675653038806794, "test_spanlevel-SG_recall_seqavg": 0.8713340408353047, "test_spanlevel-SG_f1_seqavg": 0.8630645295750553, "test_spanlevel-ORG_precision_spanwise": 0.7262521588946459, "test_spanlevel-ORG_recall_spanwise": 0.6888601036269429, "test_spanlevel-ORG_f1_spanwise": 0.698519615099926, "test_spanlevel-ORG_precision_seqavg": 0.7635741694539986, "test_spanlevel-ORG_recall_seqavg": 0.7279769065222971, "test_spanlevel-ORG_f1_seqavg": 0.736126110772335, "test_spanlevel-macro_precision_relaxed": 0.8672607069259245, "test_spanlevel-macro_recall_relaxed": 0.8609738771732068, "test_spanlevel-macro_f1_relaxed": 0.904307716986016, "test_spanlevel-micro_precision_relaxed": 0.8654214447388364, "test_spanlevel-micro_recall_relaxed": 0.8615591774994399, "test_spanlevel-micro_f1_relaxed": 0.9041712970836111, "test_spanlevel-PI_precision_relaxed": 0.7877011494252874, "test_spanlevel-PI_recall_relaxed": 0.8666300366300367, "test_spanlevel-PI_f1_relaxed": 0.9073649379548503, "test_spanlevel-ISG_precision_relaxed": 0.6971153846153846, "test_spanlevel-ISG_recall_relaxed": 0.7631578947368421, "test_spanlevel-ISG_f1_relaxed": 0.955111111111111, "test_spanlevel-PG_precision_relaxed": 0.953405017921147, "test_spanlevel-PG_recall_relaxed": 0.9556737588652482, "test_spanlevel-PG_f1_relaxed": 0.9762903762903762, "test_spanlevel-SG_precision_relaxed": 0.9129034681197311, "test_spanlevel-SG_recall_relaxed": 0.9002183413047758, "test_spanlevel-SG_f1_relaxed": 0.9410131987663398, "test_spanlevel-ORG_precision_relaxed": 0.8680048661800486, "test_spanlevel-ORG_recall_relaxed": 0.7777199074074075, "test_spanlevel-ORG_f1_relaxed": 0.9202665446567887, "test_doclevel-micro_precision": 0.9617391304347827, "test_doclevel-micro_recall": 0.9550949913644214, "test_doclevel-micro_f1": 0.9584055459272097, "test_doclevel-PI_precision": 0.8413793103448276, "test_doclevel-PI_recall": 0.9384615384615385, "test_doclevel-PI_f1": 0.8872727272727273, "test_doclevel-ISG_precision": 0.7403846153846154, "test_doclevel-ISG_recall": 0.8105263157894737, "test_doclevel-ISG_f1": 0.7738693467336684, "test_doclevel-PG_precision": 0.978494623655914, "test_doclevel-PG_recall": 0.9680851063829787, "test_doclevel-PG_f1": 0.9732620320855615, "test_doclevel-SG_precision": 0.9550173010380623, "test_doclevel-SG_recall": 0.9387755102040817, "test_doclevel-SG_f1": 0.9468267581475128, "test_doclevel-ORG_precision": 0.8978102189781022, "test_doclevel-ORG_recall": 0.8541666666666666, "test_doclevel-ORG_f1": 0.8754448398576512, "test_wordlevel-macro_precision": 0.8559457751190345, "test_wordlevel-macro_recall": 0.8414084154453697, "test_wordlevel-macro_f1": 0.8482759129331248, "test_wordlevel-O_precision": 0.9813026079757141, "test_wordlevel-O_recall": 0.9859281852211286, "test_wordlevel-O_f1": 0.983609958506224, "test_wordlevel-PI_precision": 0.7922437673130194, "test_wordlevel-PI_recall": 0.7900552486187845, "test_wordlevel-PI_f1": 0.7911479944674966, "test_wordlevel-ISG_precision": 0.6853146853146853, "test_wordlevel-ISG_recall": 0.7101449275362319, "test_wordlevel-ISG_f1": 0.697508896797153, "test_wordlevel-PG_precision": 0.930635838150289, "test_wordlevel-PG_recall": 0.9252873563218391, "test_wordlevel-PG_f1": 0.9279538904899136, "test_wordlevel-SG_precision": 0.9027272727272727, "test_wordlevel-SG_recall": 0.8718173836698858, "test_wordlevel-SG_f1": 0.8870031263957123, "test_wordlevel-ORG_precision": 0.8434504792332268, "test_wordlevel-ORG_recall": 0.7652173913043478, "test_wordlevel-ORG_f1": 0.8024316109422494, "test_runtime": 4.7014, "test_samples_per_second": 172.288, "test_steps_per_second": 2.765, "epoch": 6.0, "run_id": "rep01-step03"}
