{"test_loss": 0.33810797333717346, "test_seqeval-macro_precision": 0.6604162663383975, "test_seqeval-macro_recall": 0.7400035058482735, "test_seqeval-macro_f1": 0.6973059595806913, "test_seqeval-micro_precision": 0.6478632478632479, "test_seqeval-micro_recall": 0.7323671497584541, "test_seqeval-micro_f1": 0.6875283446712019, "test_seqeval-PI_precision": 0.6837606837606838, "test_seqeval-PI_recall": 0.7655502392344498, "test_seqeval-PI_f1": 0.7223476297968398, "test_seqeval-ISG_precision": 0.5416666666666666, "test_seqeval-ISG_recall": 0.639344262295082, "test_seqeval-ISG_f1": 0.5864661654135339, "test_seqeval-PG_precision": 0.85, "test_seqeval-PG_recall": 0.8762886597938144, "test_seqeval-PG_f1": 0.8629441624365483, "test_seqeval-SG_precision": 0.6651785714285714, "test_seqeval-SG_recall": 0.7303921568627451, "test_seqeval-SG_f1": 0.6962616822429907, "test_seqeval-ORG_precision": 0.5614754098360656, "test_seqeval-ORG_recall": 0.6884422110552764, "test_seqeval-ORG_f1": 0.6185101580135441, "test_spanlevel-macro_precision_spanwise": 0.6937198945793808, "test_spanlevel-macro_recall_spanwise": 0.6891601981871428, "test_spanlevel-macro_f1_spanwise": 0.6842547444261495, "test_spanlevel-macro_precision_seqavg": 0.6837734438146489, "test_spanlevel-macro_recall_seqavg": 0.6836565623635893, "test_spanlevel-macro_f1_seqavg": 0.6776061393231512, "test_spanlevel-micro_precision_spanwise": 0.788237863216367, "test_spanlevel-micro_recall_spanwise": 0.7864519314837413, "test_spanlevel-micro_f1_spanwise": 0.775624274044945, "test_spanlevel-micro_precision_seqavg": 0.7852287825942533, "test_spanlevel-micro_recall_seqavg": 0.7833091751592951, "test_spanlevel-micro_f1_seqavg": 0.7718956622346306, "test_spanlevel-PI_precision_spanwise": 0.7168005354752344, "test_spanlevel-PI_recall_spanwise": 0.7144243641231592, "test_spanlevel-PI_f1_spanwise": 0.7093619900848818, "test_spanlevel-PI_precision_seqavg": 0.6669645062556336, "test_spanlevel-PI_recall_seqavg": 0.662571130159795, "test_spanlevel-PI_f1_seqavg": 0.6595452738987644, "test_spanlevel-ISG_precision_spanwise": 0.5059171597633136, "test_spanlevel-ISG_recall_spanwise": 0.4911242603550296, "test_spanlevel-ISG_f1_spanwise": 0.4938856015779093, "test_spanlevel-ISG_precision_seqavg": 0.5175167290498636, "test_spanlevel-ISG_recall_seqavg": 0.5009391190553787, "test_spanlevel-ISG_f1_seqavg": 0.5050832593822063, "test_spanlevel-PG_precision_spanwise": 0.8733009708737864, "test_spanlevel-PG_recall_spanwise": 0.8692556634304208, "test_spanlevel-PG_f1_spanwise": 0.8686084142394822, "test_spanlevel-PG_precision_seqavg": 0.846371612012281, "test_spanlevel-PG_recall_seqavg": 0.8643901962071803, "test_spanlevel-PG_f1_seqavg": 0.851747830135389, "test_spanlevel-SG_precision_spanwise": 0.7582720212548538, "test_spanlevel-SG_recall_spanwise": 0.7553959278333063, "test_spanlevel-SG_f1_spanwise": 0.7420579893920034, "test_spanlevel-SG_precision_seqavg": 0.7383399706531082, "test_spanlevel-SG_recall_seqavg": 0.7374484918004407, "test_spanlevel-SG_f1_seqavg": 0.727071257857645, "test_spanlevel-ORG_precision_spanwise": 0.6143087855297157, "test_spanlevel-ORG_recall_spanwise": 0.6156007751937984, "test_spanlevel-ORG_f1_spanwise": 0.607359726836471, "test_spanlevel-ORG_precision_seqavg": 0.6496744011023587, "test_spanlevel-ORG_recall_seqavg": 0.652933874595152, "test_spanlevel-ORG_f1_seqavg": 0.6445830753417507, "test_spanlevel-macro_precision_relaxed": 0.7832717674883576, "test_spanlevel-macro_recall_relaxed": 0.8495953532530186, "test_spanlevel-macro_f1_relaxed": 0.8643366473547689, "test_spanlevel-micro_precision_relaxed": 0.7823656523541318, "test_spanlevel-micro_recall_relaxed": 0.8488092730551736, "test_spanlevel-micro_f1_relaxed": 0.863618935068066, "test_spanlevel-PI_precision_relaxed": 0.7784869976359338, "test_spanlevel-PI_recall_relaxed": 0.8705684007707128, "test_spanlevel-PI_f1_relaxed": 0.9140459121591197, "test_spanlevel-ISG_precision_relaxed": 0.6561679790026246, "test_spanlevel-ISG_recall_relaxed": 0.7155172413793104, "test_spanlevel-ISG_f1_relaxed": 0.9131086142322097, "test_spanlevel-PG_precision_relaxed": 0.9152631578947369, "test_spanlevel-PG_recall_relaxed": 0.9370567375886524, "test_spanlevel-PG_f1_relaxed": 0.9759229534510434, "test_spanlevel-SG_precision_relaxed": 0.8079087931468885, "test_spanlevel-SG_recall_relaxed": 0.8555687626836751, "test_spanlevel-SG_f1_relaxed": 0.8971134831592117, "test_spanlevel-ORG_precision_relaxed": 0.7133244206773618, "test_spanlevel-ORG_recall_relaxed": 0.8396825396825397, "test_spanlevel-ORG_f1_relaxed": 0.8831914098972923, "test_doclevel-micro_precision": 0.9385560675883257, "test_doclevel-micro_recall": 0.9713831478537361, "test_doclevel-micro_f1": 0.9546875, "test_doclevel-PI_precision": 0.8563829787234043, "test_doclevel-PI_recall": 0.930635838150289, "test_doclevel-PI_f1": 0.8919667590027701, "test_doclevel-ISG_precision": 0.7086614173228346, "test_doclevel-ISG_recall": 0.7758620689655172, "test_doclevel-ISG_f1": 0.7407407407407407, "test_doclevel-PG_precision": 0.9368421052631579, "test_doclevel-PG_recall": 0.9468085106382979, "test_doclevel-PG_f1": 0.9417989417989417, "test_doclevel-SG_precision": 0.8857142857142857, "test_doclevel-SG_recall": 0.9207920792079208, "test_doclevel-SG_f1": 0.9029126213592233, "test_doclevel-ORG_precision": 0.8021390374331551, "test_doclevel-ORG_recall": 0.8928571428571429, "test_doclevel-ORG_f1": 0.8450704225352113, "test_wordlevel-macro_precision": 0.8008068900581105, "test_wordlevel-macro_recall": 0.8386692941404083, "test_wordlevel-macro_f1": 0.8180780493229104, "test_wordlevel-O_precision": 0.9739241429613421, "test_wordlevel-O_recall": 0.9715030619050506, "test_wordlevel-O_f1": 0.9727120959174381, "test_wordlevel-PI_precision": 0.7901960784313725, "test_wordlevel-PI_recall": 0.8466386554621849, "test_wordlevel-PI_f1": 0.8174442190669372, "test_wordlevel-ISG_precision": 0.6292682926829268, "test_wordlevel-ISG_recall": 0.6825396825396826, "test_wordlevel-ISG_f1": 0.6548223350253808, "test_wordlevel-PG_precision": 0.9050279329608939, "test_wordlevel-PG_recall": 0.9473684210526315, "test_wordlevel-PG_f1": 0.9257142857142858, "test_wordlevel-SG_precision": 0.8127490039840638, "test_wordlevel-SG_recall": 0.7522123893805309, "test_wordlevel-SG_f1": 0.7813098429720413, "test_wordlevel-ORG_precision": 0.6936758893280632, "test_wordlevel-ORG_recall": 0.8317535545023697, "test_wordlevel-ORG_f1": 0.7564655172413793, "test_runtime": 6.0243, "test_samples_per_second": 145.908, "test_steps_per_second": 2.324, "epoch": 9.0, "run_id": "rep05-step01"}
