{"test_loss": 0.21467897295951843, "test_seqeval-macro_precision": 0.6905059008066625, "test_seqeval-macro_recall": 0.7730105075695164, "test_seqeval-macro_f1": 0.7287204013297948, "test_seqeval-micro_precision": 0.6993865030674846, "test_seqeval-micro_recall": 0.7880184331797235, "test_seqeval-micro_f1": 0.7410617551462622, "test_seqeval-ISG_precision": 0.5925925925925926, "test_seqeval-ISG_recall": 0.64, "test_seqeval-ISG_f1": 0.6153846153846153, "test_seqeval-SG_precision": 0.7509433962264151, "test_seqeval-SG_recall": 0.7991967871485943, "test_seqeval-SG_f1": 0.77431906614786, "test_seqeval-PG_precision": 0.8228571428571428, "test_seqeval-PG_recall": 0.9, "test_seqeval-PG_f1": 0.8597014925373134, "test_seqeval-PI_precision": 0.6894977168949772, "test_seqeval-PI_recall": 0.766497461928934, "test_seqeval-PI_f1": 0.7259615384615384, "test_seqeval-ORG_precision": 0.5966386554621849, "test_seqeval-ORG_recall": 0.7593582887700535, "test_seqeval-ORG_f1": 0.668235294117647, "test_spanlevel-macro_precision_spanwise": 0.7474623419736396, "test_spanlevel-macro_recall_spanwise": 0.739423010987348, "test_spanlevel-macro_f1_spanwise": 0.7348675207452319, "test_spanlevel-macro_precision_seqavg": 0.7539195261195604, "test_spanlevel-macro_recall_seqavg": 0.7406097820007014, "test_spanlevel-macro_f1_seqavg": 0.7387223601742192, "test_spanlevel-micro_precision_spanwise": 0.8404885558187445, "test_spanlevel-micro_recall_spanwise": 0.8354334752133495, "test_spanlevel-micro_f1_spanwise": 0.8294514042294286, "test_spanlevel-micro_precision_seqavg": 0.8299902363468916, "test_spanlevel-micro_recall_seqavg": 0.8260562105698624, "test_spanlevel-micro_f1_seqavg": 0.8192994703735519, "test_spanlevel-ISG_precision_spanwise": 0.5491228070175438, "test_spanlevel-ISG_recall_spanwise": 0.5543859649122808, "test_spanlevel-ISG_f1_spanwise": 0.5435087719298246, "test_spanlevel-ISG_precision_seqavg": 0.5627681789398982, "test_spanlevel-ISG_recall_seqavg": 0.5620011433979535, "test_spanlevel-ISG_f1_seqavg": 0.5575885626786105, "test_spanlevel-SG_precision_spanwise": 0.8334614527629233, "test_spanlevel-SG_recall_spanwise": 0.8222305778371954, "test_spanlevel-SG_f1_spanwise": 0.8140232418725065, "test_spanlevel-SG_precision_seqavg": 0.8627175229780724, "test_spanlevel-SG_recall_seqavg": 0.8223963984881841, "test_spanlevel-SG_f1_seqavg": 0.8216256037657897, "test_spanlevel-PG_precision_spanwise": 0.8812260536398469, "test_spanlevel-PG_recall_spanwise": 0.8759578544061304, "test_spanlevel-PG_f1_spanwise": 0.8726053639846744, "test_spanlevel-PG_precision_seqavg": 0.8468264524765242, "test_spanlevel-PG_recall_seqavg": 0.8411355675360722, "test_spanlevel-PG_f1_seqavg": 0.8384126852810263, "test_spanlevel-PI_precision_spanwise": 0.762280701754386, "test_spanlevel-PI_recall_spanwise": 0.7498538011695907, "test_spanlevel-PI_f1_spanwise": 0.7479582795372268, "test_spanlevel-PI_precision_seqavg": 0.7423753805607172, "test_spanlevel-PI_recall_seqavg": 0.7428920743631082, "test_spanlevel-PI_f1_seqavg": 0.7373926631649173, "test_spanlevel-ORG_precision_spanwise": 0.7112206946934981, "test_spanlevel-ORG_recall_spanwise": 0.6946868566115427, "test_spanlevel-ORG_f1_spanwise": 0.6962419464019267, "test_spanlevel-ORG_precision_seqavg": 0.7549100956425898, "test_spanlevel-ORG_recall_seqavg": 0.7346237262181889, "test_spanlevel-ORG_f1_seqavg": 0.7385922859807524, "test_spanlevel-macro_precision_relaxed": 0.8231285444353627, "test_spanlevel-macro_recall_relaxed": 0.8935442472166926, "test_spanlevel-macro_f1_relaxed": 0.901204471064663, "test_spanlevel-micro_precision_relaxed": 0.8235187792005977, "test_spanlevel-micro_recall_relaxed": 0.8925773473788984, "test_spanlevel-micro_f1_relaxed": 0.9008992443261644, "test_spanlevel-ISG_precision_relaxed": 0.6644144144144145, "test_spanlevel-ISG_recall_relaxed": 0.7175925925925927, "test_spanlevel-ISG_f1_relaxed": 0.9098765432098764, "test_spanlevel-SG_precision_relaxed": 0.8784355752648436, "test_spanlevel-SG_recall_relaxed": 0.9019229797979798, "test_spanlevel-SG_f1_relaxed": 0.9333132783043743, "test_spanlevel-PG_precision_relaxed": 0.907070707070707, "test_spanlevel-PG_recall_relaxed": 0.9604430379746836, "test_spanlevel-PG_f1_relaxed": 0.9619354838709678, "test_spanlevel-PI_precision_relaxed": 0.8189523809523809, "test_spanlevel-PI_recall_relaxed": 0.8874485596707818, "test_spanlevel-PI_f1_relaxed": 0.9290092266771373, "test_spanlevel-ORG_precision_relaxed": 0.7399921507064363, "test_spanlevel-ORG_recall_relaxed": 0.8969444444444445, "test_spanlevel-ORG_f1_relaxed": 0.9316963512921872, "test_doclevel-micro_precision": 0.9335664335664335, "test_doclevel-micro_recall": 0.9744525547445255, "test_doclevel-micro_f1": 0.9535714285714285, "test_doclevel-ISG_precision": 0.7567567567567568, "test_doclevel-ISG_recall": 0.7777777777777778, "test_doclevel-ISG_f1": 0.7671232876712328, "test_doclevel-SG_precision": 0.926829268292683, "test_doclevel-SG_recall": 0.95, "test_doclevel-SG_f1": 0.9382716049382716, "test_doclevel-PG_precision": 0.9393939393939394, "test_doclevel-PG_recall": 0.9810126582278481, "test_doclevel-PG_f1": 0.9597523219814241, "test_doclevel-PI_precision": 0.8685714285714285, "test_doclevel-PI_recall": 0.9382716049382716, "test_doclevel-PI_f1": 0.9020771513353115, "test_doclevel-ORG_precision": 0.7802197802197802, "test_doclevel-ORG_recall": 0.9466666666666667, "test_doclevel-ORG_f1": 0.8554216867469879, "test_wordlevel-macro_precision": 0.8287439292187501, "test_wordlevel-macro_recall": 0.8651363615586455, "test_wordlevel-macro_f1": 0.8453385219425661, "test_wordlevel-O_precision": 0.9835870098898787, "test_wordlevel-O_recall": 0.9777576349184214, "test_wordlevel-O_f1": 0.9806636595685163, "test_wordlevel-ISG_precision": 0.6641221374045801, "test_wordlevel-ISG_recall": 0.696, "test_wordlevel-ISG_f1": 0.6796874999999999, "test_wordlevel-SG_precision": 0.8822085889570552, "test_wordlevel-SG_recall": 0.8283410138248848, "test_wordlevel-SG_f1": 0.8544266191325015, "test_wordlevel-PG_precision": 0.8736462093862816, "test_wordlevel-PG_recall": 0.9416342412451362, "test_wordlevel-PG_f1": 0.9063670411985018, "test_wordlevel-PI_precision": 0.8290766208251473, "test_wordlevel-PI_recall": 0.8577235772357723, "test_wordlevel-PI_f1": 0.8431568431568431, "test_wordlevel-ORG_precision": 0.7398230088495575, "test_wordlevel-ORG_recall": 0.8893617021276595, "test_wordlevel-ORG_f1": 0.8077294685990338, "test_runtime": 4.6326, "test_samples_per_second": 174.631, "test_steps_per_second": 2.806, "epoch": 5.0, "run_id": "rep03-step02"}
