{"test_loss": 0.06044995039701462, "test_seqeval-macro_precision": 0.8510266954559386, "test_seqeval-macro_recall": 0.9110334495124048, "test_seqeval-macro_f1": 0.879160059960691, "test_seqeval-micro_precision": 0.8578336557059961, "test_seqeval-micro_recall": 0.9106776180698152, "test_seqeval-micro_f1": 0.8834661354581673, "test_seqeval-PI_precision": 0.894927536231884, "test_seqeval-PI_recall": 0.9391634980988594, "test_seqeval-PI_f1": 0.9165120593692021, "test_seqeval-ISG_precision": 0.7633587786259542, "test_seqeval-ISG_recall": 0.9259259259259259, "test_seqeval-ISG_f1": 0.8368200836820084, "test_seqeval-PG_precision": 0.8933333333333333, "test_seqeval-PG_recall": 0.9178082191780822, "test_seqeval-PG_f1": 0.9054054054054055, "test_seqeval-SG_precision": 0.8485915492957746, "test_seqeval-SG_recall": 0.8992537313432836, "test_seqeval-SG_f1": 0.8731884057971014, "test_seqeval-ORG_precision": 0.8549222797927462, "test_seqeval-ORG_recall": 0.873015873015873, "test_seqeval-ORG_f1": 0.8638743455497383, "test_spanlevel-macro_precision_spanwise": 0.8841254235910447, "test_spanlevel-macro_recall_spanwise": 0.8793953108146828, "test_spanlevel-macro_f1_spanwise": 0.8789570697093418, "test_spanlevel-macro_precision_seqavg": 0.8929028039810472, "test_spanlevel-macro_recall_seqavg": 0.8892592910281334, "test_spanlevel-macro_f1_seqavg": 0.888958695688331, "test_spanlevel-micro_precision_spanwise": 0.9148139158576052, "test_spanlevel-micro_recall_spanwise": 0.9132639852057327, "test_spanlevel-micro_f1_spanwise": 0.9108940560713461, "test_spanlevel-micro_precision_seqavg": 0.9079397029880121, "test_spanlevel-micro_recall_seqavg": 0.9076233928890933, "test_spanlevel-micro_f1_seqavg": 0.9044512105966283, "test_spanlevel-PI_precision_spanwise": 0.913798309178744, "test_spanlevel-PI_recall_spanwise": 0.9164745278875713, "test_spanlevel-PI_f1_spanwise": 0.9136093998103542, "test_spanlevel-PI_precision_seqavg": 0.9048511743615355, "test_spanlevel-PI_recall_seqavg": 0.9101017352430485, "test_spanlevel-PI_f1_seqavg": 0.9061815956859066, "test_spanlevel-ISG_precision_spanwise": 0.7862595419847328, "test_spanlevel-ISG_recall_spanwise": 0.77735368956743, "test_spanlevel-ISG_f1_spanwise": 0.7798982188295165, "test_spanlevel-ISG_precision_seqavg": 0.790751904233068, "test_spanlevel-ISG_recall_seqavg": 0.7845749815748281, "test_spanlevel-ISG_f1_seqavg": 0.7862594381525327, "test_spanlevel-PG_precision_spanwise": 0.9695945945945946, "test_spanlevel-PG_recall_spanwise": 0.9600225225225226, "test_spanlevel-PG_f1_spanwise": 0.9623230373230374, "test_spanlevel-PG_precision_seqavg": 0.9700998678626359, "test_spanlevel-PG_recall_seqavg": 0.9621468181252234, "test_spanlevel-PG_f1_seqavg": 0.9642740661540341, "test_spanlevel-SG_precision_spanwise": 0.9022691705790298, "test_spanlevel-SG_recall_spanwise": 0.9152131927366669, "test_spanlevel-SG_f1_spanwise": 0.9039415934930326, "test_spanlevel-SG_precision_seqavg": 0.9132790307962103, "test_spanlevel-SG_recall_seqavg": 0.9198085141667095, "test_spanlevel-SG_f1_seqavg": 0.9129874668804766, "test_spanlevel-ORG_precision_spanwise": 0.848705501618123, "test_spanlevel-ORG_recall_spanwise": 0.8279126213592234, "test_spanlevel-ORG_f1_spanwise": 0.8350130990907689, "test_spanlevel-ORG_precision_seqavg": 0.8855320426517869, "test_spanlevel-ORG_recall_seqavg": 0.8696644060308576, "test_spanlevel-ORG_f1_seqavg": 0.8750909115687053, "test_spanlevel-macro_precision_relaxed": 0.9112739775606226, "test_spanlevel-macro_recall_relaxed": 0.9559486218729918, "test_spanlevel-macro_f1_relaxed": 0.961569331710615, "test_spanlevel-micro_precision_relaxed": 0.9105591748099892, "test_spanlevel-micro_recall_relaxed": 0.9558505826573056, "test_spanlevel-micro_f1_relaxed": 0.9611079584971675, "test_spanlevel-PI_precision_relaxed": 0.9243759177679882, "test_spanlevel-PI_recall_relaxed": 0.9698347107438017, "test_spanlevel-PI_f1_relaxed": 0.9795046322556248, "test_spanlevel-ISG_precision_relaxed": 0.8095238095238094, "test_spanlevel-ISG_recall_relaxed": 0.9461805555555555, "test_spanlevel-ISG_f1_relaxed": 0.981521739130435, "test_spanlevel-PG_precision_relaxed": 0.9820143884892086, "test_spanlevel-PG_recall_relaxed": 0.9718225419664267, "test_spanlevel-PG_f1_relaxed": 0.9884949600278068, "test_spanlevel-SG_precision_relaxed": 0.9177777777777778, "test_spanlevel-SG_recall_relaxed": 0.9705721668512367, "test_spanlevel-SG_f1_relaxed": 0.9710564719716158, "test_spanlevel-ORG_precision_relaxed": 0.8959731543624161, "test_spanlevel-ORG_recall_relaxed": 0.9105593607305936, "test_spanlevel-ORG_f1_relaxed": 0.9735880476592551, "test_doclevel-micro_precision": 0.9576547231270358, "test_doclevel-micro_recall": 0.9882352941176471, "test_doclevel-micro_f1": 0.9727047146401985, "test_doclevel-PI_precision": 0.9515418502202643, "test_doclevel-PI_recall": 0.9818181818181818, "test_doclevel-PI_f1": 0.9664429530201342, "test_doclevel-ISG_precision": 0.8214285714285714, "test_doclevel-ISG_recall": 0.9583333333333334, "test_doclevel-ISG_f1": 0.8846153846153847, "test_doclevel-PG_precision": 0.9856115107913669, "test_doclevel-PG_recall": 0.9856115107913669, "test_doclevel-PG_f1": 0.9856115107913669, "test_doclevel-SG_precision": 0.9422222222222222, "test_doclevel-SG_recall": 0.986046511627907, "test_doclevel-SG_f1": 0.9636363636363636, "test_doclevel-ORG_precision": 0.912751677852349, "test_doclevel-ORG_recall": 0.9315068493150684, "test_doclevel-ORG_f1": 0.9220338983050848, "test_wordlevel-macro_precision": 0.9332837334339331, "test_wordlevel-macro_recall": 0.9617724917378245, "test_wordlevel-macro_f1": 0.946573931370355, "test_wordlevel-O_precision": 0.9957824226260622, "test_wordlevel-O_recall": 0.9911105623803939, "test_wordlevel-O_f1": 0.9934409999381226, "test_wordlevel-PI_precision": 0.934984520123839, "test_wordlevel-PI_recall": 0.9741935483870968, "test_wordlevel-PI_f1": 0.9541864139020538, "test_wordlevel-ISG_precision": 0.8297872340425532, "test_wordlevel-ISG_recall": 0.9570552147239264, "test_wordlevel-ISG_f1": 0.888888888888889, "test_wordlevel-PG_precision": 0.9886363636363636, "test_wordlevel-PG_recall": 0.9666666666666667, "test_wordlevel-PG_f1": 0.9775280898876404, "test_wordlevel-SG_precision": 0.9238451935081149, "test_wordlevel-SG_recall": 0.9711286089238845, "test_wordlevel-SG_f1": 0.9468969929622522, "test_wordlevel-ORG_precision": 0.9266666666666666, "test_wordlevel-ORG_recall": 0.9104803493449781, "test_wordlevel-ORG_f1": 0.9185022026431717, "test_runtime": 4.9487, "test_samples_per_second": 177.016, "test_steps_per_second": 2.829, "epoch": 7.0, "run_id": "rep02-step06"}
