{"test_loss": 0.17082872986793518, "test_seqeval-macro_precision": 0.7704443706871229, "test_seqeval-macro_recall": 0.8413484538512428, "test_seqeval-macro_f1": 0.8038371273916832, "test_seqeval-micro_precision": 0.7726415094339623, "test_seqeval-micro_recall": 0.8408624229979466, "test_seqeval-micro_f1": 0.8053097345132745, "test_seqeval-ISG_precision": 0.689922480620155, "test_seqeval-ISG_recall": 0.8240740740740741, "test_seqeval-ISG_f1": 0.7510548523206751, "test_seqeval-SG_precision": 0.7612456747404844, "test_seqeval-SG_recall": 0.8208955223880597, "test_seqeval-SG_f1": 0.7899461400359067, "test_seqeval-PG_precision": 0.8866666666666667, "test_seqeval-PG_recall": 0.910958904109589, "test_seqeval-PG_f1": 0.8986486486486487, "test_seqeval-PI_precision": 0.8191489361702128, "test_seqeval-PI_recall": 0.8783269961977186, "test_seqeval-PI_f1": 0.8477064220183486, "test_seqeval-ORG_precision": 0.6952380952380952, "test_seqeval-ORG_recall": 0.7724867724867724, "test_seqeval-ORG_f1": 0.731829573934837, "test_spanlevel-macro_precision_spanwise": 0.7940577445093228, "test_spanlevel-macro_recall_spanwise": 0.7927246759211228, "test_spanlevel-macro_f1_spanwise": 0.7888573147875649, "test_spanlevel-macro_precision_seqavg": 0.7805831200087402, "test_spanlevel-macro_recall_seqavg": 0.774285302890318, "test_spanlevel-macro_f1_seqavg": 0.7726429135733744, "test_spanlevel-micro_precision_spanwise": 0.862600435789187, "test_spanlevel-micro_recall_spanwise": 0.8639572511559438, "test_spanlevel-micro_f1_spanwise": 0.857224916798704, "test_spanlevel-micro_precision_seqavg": 0.8523278848576468, "test_spanlevel-micro_recall_seqavg": 0.8541125643379044, "test_spanlevel-micro_f1_seqavg": 0.8467043817168396, "test_spanlevel-ISG_precision_spanwise": 0.6739659367396593, "test_spanlevel-ISG_recall_spanwise": 0.6678832116788321, "test_spanlevel-ISG_f1_spanwise": 0.6674776966747769, "test_spanlevel-ISG_precision_seqavg": 0.6141550206678411, "test_spanlevel-ISG_recall_seqavg": 0.6094645618218789, "test_spanlevel-ISG_f1_seqavg": 0.6101164006026228, "test_spanlevel-SG_precision_spanwise": 0.8309931506849315, "test_spanlevel-SG_recall_spanwise": 0.8236301369863014, "test_spanlevel-SG_f1_spanwise": 0.819927353600671, "test_spanlevel-SG_precision_seqavg": 0.8101541620566052, "test_spanlevel-SG_recall_seqavg": 0.7805850135407704, "test_spanlevel-SG_f1_seqavg": 0.7833961000177189, "test_spanlevel-PG_precision_spanwise": 0.9231111111111111, "test_spanlevel-PG_recall_spanwise": 0.9337777777777777, "test_spanlevel-PG_f1_spanwise": 0.9241798941798942, "test_spanlevel-PG_precision_seqavg": 0.9195201595610435, "test_spanlevel-PG_recall_seqavg": 0.9257147966120118, "test_spanlevel-PG_f1_seqavg": 0.9180106862486389, "test_spanlevel-PI_precision_spanwise": 0.8331603229527105, "test_spanlevel-PI_recall_spanwise": 0.8340253748558247, "test_spanlevel-PI_f1_spanwise": 0.8297660240566814, "test_spanlevel-PI_precision_seqavg": 0.8229682521620227, "test_spanlevel-PI_recall_seqavg": 0.8244581408435447, "test_spanlevel-PI_f1_seqavg": 0.8206223989567242, "test_spanlevel-ORG_precision_spanwise": 0.7090582010582009, "test_spanlevel-ORG_recall_spanwise": 0.7043068783068783, "test_spanlevel-ORG_f1_spanwise": 0.7029356054258016, "test_spanlevel-ORG_precision_seqavg": 0.7361180055961885, "test_spanlevel-ORG_recall_seqavg": 0.7312040016333842, "test_spanlevel-ORG_f1_seqavg": 0.7310689820411677, "test_spanlevel-macro_precision_relaxed": 0.8488343253968252, "test_spanlevel-macro_recall_relaxed": 0.9058643457382954, "test_spanlevel-macro_f1_relaxed": 0.9272817937741549, "test_spanlevel-micro_precision_relaxed": 0.8472098214285713, "test_spanlevel-micro_recall_relaxed": 0.9053227957849805, "test_spanlevel-micro_f1_relaxed": 0.9261344929535903, "test_spanlevel-ISG_precision_relaxed": 0.7397727272727272, "test_spanlevel-ISG_recall_relaxed": 0.8585069444444445, "test_spanlevel-ISG_f1_relaxed": 0.9641465677179962, "test_spanlevel-SG_precision_relaxed": 0.8799439347604485, "test_spanlevel-SG_recall_relaxed": 0.8973643410852713, "test_spanlevel-SG_f1_relaxed": 0.9472957130486869, "test_spanlevel-PG_precision_relaxed": 0.9406619385342789, "test_spanlevel-PG_recall_relaxed": 0.9729016786570744, "test_spanlevel-PG_f1_relaxed": 0.9705132661337041, "test_spanlevel-PI_precision_relaxed": 0.8785029498525073, "test_spanlevel-PI_recall_relaxed": 0.9276515151515152, "test_spanlevel-PI_f1_relaxed": 0.9565642690642691, "test_spanlevel-ORG_precision_relaxed": 0.7771624472573839, "test_spanlevel-ORG_recall_relaxed": 0.8643672537508155, "test_spanlevel-ORG_f1_relaxed": 0.9368327051643268, "test_doclevel-micro_precision": 0.9431818181818182, "test_doclevel-micro_recall": 0.9764705882352941, "test_doclevel-micro_f1": 0.9595375722543352, "test_doclevel-ISG_precision": 0.7636363636363637, "test_doclevel-ISG_recall": 0.875, "test_doclevel-ISG_f1": 0.8155339805825242, "test_doclevel-SG_precision": 0.9174311926605505, "test_doclevel-SG_recall": 0.9302325581395349, "test_doclevel-SG_f1": 0.9237875288683602, "test_doclevel-PG_precision": 0.9716312056737588, "test_doclevel-PG_recall": 0.9856115107913669, "test_doclevel-PG_f1": 0.9785714285714285, "test_doclevel-PI_precision": 0.9203539823008849, "test_doclevel-PI_recall": 0.9454545454545454, "test_doclevel-PI_f1": 0.9327354260089686, "test_doclevel-ORG_precision": 0.8354430379746836, "test_doclevel-ORG_recall": 0.9041095890410958, "test_doclevel-ORG_f1": 0.8684210526315789, "test_wordlevel-macro_precision": 0.8711155024044562, "test_wordlevel-macro_recall": 0.9013766333322027, "test_wordlevel-macro_f1": 0.8857267691244802, "test_wordlevel-O_precision": 0.9894560565651553, "test_wordlevel-O_recall": 0.9848138773998395, "test_wordlevel-O_f1": 0.9871295093125426, "test_wordlevel-ISG_precision": 0.7679558011049724, "test_wordlevel-ISG_recall": 0.852760736196319, "test_wordlevel-ISG_f1": 0.808139534883721, "test_wordlevel-SG_precision": 0.8645833333333334, "test_wordlevel-SG_recall": 0.8713910761154856, "test_wordlevel-SG_f1": 0.8679738562091505, "test_wordlevel-PG_precision": 0.9280575539568345, "test_wordlevel-PG_recall": 0.9555555555555556, "test_wordlevel-PG_f1": 0.9416058394160584, "test_wordlevel-PI_precision": 0.8690292758089369, "test_wordlevel-PI_recall": 0.9096774193548387, "test_wordlevel-PI_f1": 0.888888888888889, "test_wordlevel-ORG_precision": 0.8076109936575053, "test_wordlevel-ORG_recall": 0.834061135371179, "test_wordlevel-ORG_f1": 0.8206229860365198, "test_runtime": 5.0299, "test_samples_per_second": 174.159, "test_steps_per_second": 2.783, "epoch": 6.0, "run_id": "rep02-step03"}
