{"test_loss": 0.0839766338467598, "test_seqeval-macro_precision": 0.8104473896296973, "test_seqeval-macro_recall": 0.8674548130509294, "test_seqeval-macro_f1": 0.8360638318196868, "test_seqeval-micro_precision": 0.826963906581741, "test_seqeval-micro_recall": 0.8723404255319149, "test_seqeval-micro_f1": 0.8490463215258857, "test_seqeval-PI_precision": 0.8125, "test_seqeval-PI_recall": 0.7926829268292683, "test_seqeval-PI_f1": 0.8024691358024691, "test_seqeval-ISG_precision": 0.664, "test_seqeval-ISG_recall": 0.8469387755102041, "test_seqeval-ISG_f1": 0.7443946188340808, "test_seqeval-PG_precision": 0.8737864077669902, "test_seqeval-PG_recall": 0.8823529411764706, "test_seqeval-PG_f1": 0.8780487804878048, "test_seqeval-SG_precision": 0.8781163434903048, "test_seqeval-SG_recall": 0.8854748603351955, "test_seqeval-SG_f1": 0.8817802503477051, "test_seqeval-ORG_precision": 0.8238341968911918, "test_seqeval-ORG_recall": 0.9298245614035088, "test_seqeval-ORG_f1": 0.8736263736263737, "test_spanlevel-macro_precision_spanwise": 0.8276694723982129, "test_spanlevel-macro_recall_spanwise": 0.8333729198034154, "test_spanlevel-macro_f1_spanwise": 0.8262694255660323, "test_spanlevel-macro_precision_seqavg": 0.8599424623265362, "test_spanlevel-macro_recall_seqavg": 0.8614768481244421, "test_spanlevel-macro_f1_seqavg": 0.8570007345248716, "test_spanlevel-micro_precision_spanwise": 0.8974586672193055, "test_spanlevel-micro_recall_spanwise": 0.8975235069477873, "test_spanlevel-micro_f1_spanwise": 0.8921287758268441, "test_spanlevel-micro_precision_seqavg": 0.8913391149271548, "test_spanlevel-micro_recall_seqavg": 0.8916249296379255, "test_spanlevel-micro_f1_seqavg": 0.8850324890845525, "test_spanlevel-PI_precision_spanwise": 0.7800530010027217, "test_spanlevel-PI_recall_spanwise": 0.7942988110585876, "test_spanlevel-PI_f1_spanwise": 0.7812900321280211, "test_spanlevel-PI_precision_seqavg": 0.8037967100130524, "test_spanlevel-PI_recall_seqavg": 0.8214835117553748, "test_spanlevel-PI_f1_seqavg": 0.8075312537198991, "test_spanlevel-ISG_precision_spanwise": 0.6478696741854637, "test_spanlevel-ISG_recall_spanwise": 0.6441102756892231, "test_spanlevel-ISG_f1_spanwise": 0.6426065162907268, "test_spanlevel-ISG_precision_seqavg": 0.7127142140901442, "test_spanlevel-ISG_recall_seqavg": 0.7031200727969391, "test_spanlevel-ISG_f1_seqavg": 0.7040466720663482, "test_spanlevel-PG_precision_spanwise": 0.9514563106796118, "test_spanlevel-PG_recall_spanwise": 0.9757281553398058, "test_spanlevel-PG_f1_spanwise": 0.9598705501618122, "test_spanlevel-PG_precision_seqavg": 0.97751066179221, "test_spanlevel-PG_recall_seqavg": 0.9872996436107424, "test_spanlevel-PG_f1_seqavg": 0.9789277643483117, "test_spanlevel-SG_precision_spanwise": 0.9123188915871844, "test_spanlevel-SG_recall_spanwise": 0.9073665321871922, "test_spanlevel-SG_f1_spanwise": 0.9041583306732637, "test_spanlevel-SG_precision_seqavg": 0.9339531144133743, "test_spanlevel-SG_recall_seqavg": 0.9257857060216125, "test_spanlevel-SG_f1_seqavg": 0.926135481678571, "test_spanlevel-ORG_precision_spanwise": 0.8466494845360825, "test_spanlevel-ORG_recall_spanwise": 0.845360824742268, "test_spanlevel-ORG_f1_spanwise": 0.8434216985763379, "test_spanlevel-ORG_precision_seqavg": 0.8717376113238997, "test_spanlevel-ORG_recall_seqavg": 0.869695306437542, "test_spanlevel-ORG_f1_seqavg": 0.8683625008112279, "test_spanlevel-macro_precision_relaxed": 0.8913196085071083, "test_spanlevel-macro_recall_relaxed": 0.9319447809237507, "test_spanlevel-macro_f1_relaxed": 0.9408860339581825, "test_spanlevel-micro_precision_relaxed": 0.890578242140742, "test_spanlevel-micro_recall_relaxed": 0.9319351858364355, "test_spanlevel-micro_f1_relaxed": 0.9407491333101152, "test_spanlevel-PI_precision_relaxed": 0.8608294483294483, "test_spanlevel-PI_recall_relaxed": 0.8842948717948718, "test_spanlevel-PI_f1_relaxed": 0.9475990396158464, "test_spanlevel-ISG_precision_relaxed": 0.7076271186440678, "test_spanlevel-ISG_recall_relaxed": 0.8894736842105263, "test_spanlevel-ISG_f1_relaxed": 0.953639846743295, "test_spanlevel-PG_precision_relaxed": 0.9592198581560284, "test_spanlevel-PG_recall_relaxed": 0.9840425531914894, "test_spanlevel-PG_f1_relaxed": 0.9782339524275008, "test_spanlevel-SG_precision_relaxed": 0.9525705647677968, "test_spanlevel-SG_recall_relaxed": 0.9346803678736452, "test_spanlevel-SG_f1_relaxed": 0.9707092524086819, "test_spanlevel-ORG_precision_relaxed": 0.8679245283018868, "test_spanlevel-ORG_recall_relaxed": 0.9699074074074076, "test_spanlevel-ORG_f1_relaxed": 0.9712273641851107, "test_doclevel-micro_precision": 0.9611486486486487, "test_doclevel-micro_recall": 0.9827288428324698, "test_doclevel-micro_f1": 0.9718189581554226, "test_doclevel-PI_precision": 0.9015151515151515, "test_doclevel-PI_recall": 0.9153846153846154, "test_doclevel-PI_f1": 0.9083969465648855, "test_doclevel-ISG_precision": 0.7372881355932204, "test_doclevel-ISG_recall": 0.9157894736842105, "test_doclevel-ISG_f1": 0.8169014084507042, "test_doclevel-PG_precision": 0.9893617021276596, "test_doclevel-PG_recall": 0.9893617021276596, "test_doclevel-PG_f1": 0.9893617021276596, "test_doclevel-SG_precision": 0.972318339100346, "test_doclevel-SG_recall": 0.95578231292517, "test_doclevel-SG_f1": 0.9639794168096055, "test_doclevel-ORG_precision": 0.8930817610062893, "test_doclevel-ORG_recall": 0.9861111111111112, "test_doclevel-ORG_f1": 0.9372937293729373, "test_wordlevel-macro_precision": 0.891347516443926, "test_wordlevel-macro_recall": 0.9310802392871621, "test_wordlevel-macro_f1": 0.9095095773732357, "test_wordlevel-O_precision": 0.9925611790878754, "test_wordlevel-O_recall": 0.9896714265908776, "test_wordlevel-O_f1": 0.9911141964595626, "test_wordlevel-PI_precision": 0.8806818181818182, "test_wordlevel-PI_recall": 0.856353591160221, "test_wordlevel-PI_f1": 0.8683473389355743, "test_wordlevel-ISG_precision": 0.7168674698795181, "test_wordlevel-ISG_recall": 0.8623188405797102, "test_wordlevel-ISG_f1": 0.7828947368421053, "test_wordlevel-PG_precision": 0.9392265193370166, "test_wordlevel-PG_recall": 0.9770114942528736, "test_wordlevel-PG_f1": 0.9577464788732395, "test_wordlevel-SG_precision": 0.9560538116591928, "test_wordlevel-SG_recall": 0.935908691834943, "test_wordlevel-SG_f1": 0.945874001774623, "test_wordlevel-ORG_precision": 0.8626943005181347, "test_wordlevel-ORG_recall": 0.9652173913043478, "test_wordlevel-ORG_f1": 0.9110807113543091, "test_runtime": 4.6216, "test_samples_per_second": 175.265, "test_steps_per_second": 2.813, "epoch": 5.0, "run_id": "rep01-step05"}
