{"test_loss": 0.14828281104564667, "test_seqeval-macro_precision": 0.771328299688493, "test_seqeval-macro_recall": 0.742144282951781, "test_seqeval-macro_f1": 0.7527806343651811, "test_seqeval-micro_precision": 0.7662213740458015, "test_seqeval-micro_recall": 0.7532833020637899, "test_seqeval-micro_f1": 0.7596972563859982, "test_seqeval-ISG_precision": 0.7613636363636364, "test_seqeval-ISG_recall": 0.5447154471544715, "test_seqeval-ISG_f1": 0.6350710900473933, "test_seqeval-SG_precision": 0.7675070028011205, "test_seqeval-SG_recall": 0.7675070028011205, "test_seqeval-SG_f1": 0.7675070028011205, "test_seqeval-PG_precision": 0.8848484848484849, "test_seqeval-PG_recall": 0.906832298136646, "test_seqeval-PG_f1": 0.8957055214723927, "test_seqeval-PI_precision": 0.7168949771689498, "test_seqeval-PI_recall": 0.785, "test_seqeval-PI_f1": 0.7494033412887828, "test_seqeval-ORG_precision": 0.726027397260274, "test_seqeval-ORG_recall": 0.7066666666666667, "test_seqeval-ORG_f1": 0.7162162162162162, "test_spanlevel-macro_precision_spanwise": 0.7555022053531847, "test_spanlevel-macro_recall_spanwise": 0.7495074289911356, "test_spanlevel-macro_f1_spanwise": 0.7463390741382535, "test_spanlevel-macro_precision_seqavg": 0.7471276339669173, "test_spanlevel-macro_recall_seqavg": 0.739616687872924, "test_spanlevel-macro_f1_seqavg": 0.7378580712474183, "test_spanlevel-micro_precision_spanwise": 0.8482954646363737, "test_spanlevel-micro_recall_spanwise": 0.8476880165289256, "test_spanlevel-micro_f1_spanwise": 0.8390844484599467, "test_spanlevel-micro_precision_seqavg": 0.8357133786675712, "test_spanlevel-micro_recall_seqavg": 0.8368961352657006, "test_spanlevel-micro_f1_seqavg": 0.8271771842937187, "test_spanlevel-ISG_precision_spanwise": 0.5481481481481482, "test_spanlevel-ISG_recall_spanwise": 0.5333333333333333, "test_spanlevel-ISG_f1_spanwise": 0.5358024691358025, "test_spanlevel-ISG_precision_seqavg": 0.544341829889944, "test_spanlevel-ISG_recall_seqavg": 0.5251260762410201, "test_spanlevel-ISG_f1_seqavg": 0.5300957130086221, "test_spanlevel-SG_precision_spanwise": 0.8065355781714622, "test_spanlevel-SG_recall_spanwise": 0.8084278518315459, "test_spanlevel-SG_f1_spanwise": 0.7973118034580087, "test_spanlevel-SG_precision_seqavg": 0.803504869513324, "test_spanlevel-SG_recall_seqavg": 0.8045313114407574, "test_spanlevel-SG_f1_seqavg": 0.7933918831943594, "test_spanlevel-PG_precision_spanwise": 0.9206827309236948, "test_spanlevel-PG_recall_spanwise": 0.9297188755020079, "test_spanlevel-PG_f1_spanwise": 0.9220883534136546, "test_spanlevel-PG_precision_seqavg": 0.9256453782974544, "test_spanlevel-PG_recall_seqavg": 0.9287533093403196, "test_spanlevel-PG_f1_seqavg": 0.9248570423884268, "test_spanlevel-PI_precision_spanwise": 0.739102564102564, "test_spanlevel-PI_recall_spanwise": 0.7279202279202279, "test_spanlevel-PI_f1_spanwise": 0.7286562203228869, "test_spanlevel-PI_precision_seqavg": 0.7022800361519503, "test_spanlevel-PI_recall_seqavg": 0.6944395399240874, "test_spanlevel-PI_f1_seqavg": 0.6956272145548038, "test_spanlevel-ORG_precision_spanwise": 0.7630420054200541, "test_spanlevel-ORG_recall_spanwise": 0.7481368563685636, "test_spanlevel-ORG_f1_spanwise": 0.7478365243609145, "test_spanlevel-ORG_precision_seqavg": 0.7598660559819133, "test_spanlevel-ORG_recall_seqavg": 0.7452332024184355, "test_spanlevel-ORG_f1_seqavg": 0.7453185030908793, "test_spanlevel-macro_precision_relaxed": 0.8776828419005572, "test_spanlevel-macro_recall_relaxed": 0.8370308241141576, "test_spanlevel-macro_f1_relaxed": 0.9073711060165326, "test_spanlevel-micro_precision_relaxed": 0.8785185404183748, "test_spanlevel-micro_recall_relaxed": 0.8365788840788844, "test_spanlevel-micro_f1_relaxed": 0.9079257813508477, "test_spanlevel-ISG_precision_relaxed": 0.8395061728395061, "test_spanlevel-ISG_recall_relaxed": 0.5886363636363636, "test_spanlevel-ISG_f1_relaxed": 0.9485162180814356, "test_spanlevel-SG_precision_relaxed": 0.8814261104958779, "test_spanlevel-SG_recall_relaxed": 0.8612430484621496, "test_spanlevel-SG_f1_relaxed": 0.928872965786244, "test_spanlevel-PG_precision_relaxed": 0.9467741935483871, "test_spanlevel-PG_recall_relaxed": 0.9629032258064516, "test_spanlevel-PG_f1_relaxed": 0.9829841269841272, "test_spanlevel-PI_precision_relaxed": 0.8300287356321839, "test_spanlevel-PI_recall_relaxed": 0.8623326639892906, "test_spanlevel-PI_f1_relaxed": 0.9545167240447604, "test_spanlevel-ORG_precision_relaxed": 0.8579793028322441, "test_spanlevel-ORG_recall_relaxed": 0.8225053078556263, "test_spanlevel-ORG_f1_relaxed": 0.9288567564475751, "test_doclevel-micro_precision": 0.9768211920529801, "test_doclevel-micro_recall": 0.9365079365079365, "test_doclevel-micro_f1": 0.9562398703403565, "test_doclevel-ISG_precision": 0.8641975308641975, "test_doclevel-ISG_recall": 0.6363636363636364, "test_doclevel-ISG_f1": 0.7329842931937173, "test_doclevel-SG_precision": 0.937984496124031, "test_doclevel-SG_recall": 0.9063670411985019, "test_doclevel-SG_f1": 0.9219047619047619, "test_doclevel-PG_precision": 0.967741935483871, "test_doclevel-PG_recall": 0.967741935483871, "test_doclevel-PG_f1": 0.967741935483871, "test_doclevel-PI_precision": 0.8563218390804598, "test_doclevel-PI_recall": 0.8975903614457831, "test_doclevel-PI_f1": 0.8764705882352941, "test_doclevel-ORG_precision": 0.9019607843137255, "test_doclevel-ORG_recall": 0.8789808917197452, "test_doclevel-ORG_f1": 0.8903225806451612, "test_wordlevel-macro_precision": 0.8846769609145193, "test_wordlevel-macro_recall": 0.8308322216152061, "test_wordlevel-macro_f1": 0.8521048957809075, "test_wordlevel-O_precision": 0.9807385524372231, "test_wordlevel-O_recall": 0.9873304782298359, "test_wordlevel-O_f1": 0.9840234757091622, "test_wordlevel-ISG_precision": 0.8018018018018018, "test_wordlevel-ISG_recall": 0.5114942528735632, "test_wordlevel-ISG_f1": 0.624561403508772, "test_wordlevel-SG_precision": 0.8714285714285714, "test_wordlevel-SG_recall": 0.8435609334485739, "test_wordlevel-SG_f1": 0.8572683355292051, "test_wordlevel-PG_precision": 0.9437086092715232, "test_wordlevel-PG_recall": 0.9693877551020408, "test_wordlevel-PG_f1": 0.9563758389261744, "test_wordlevel-PI_precision": 0.8458244111349036, "test_wordlevel-PI_recall": 0.8719646799116998, "test_wordlevel-PI_f1": 0.858695652173913, "test_wordlevel-ORG_precision": 0.8645598194130926, "test_wordlevel-ORG_recall": 0.801255230125523, "test_wordlevel-ORG_f1": 0.8317046688382193, "test_runtime": 5.1622, "test_samples_per_second": 173.568, "test_steps_per_second": 2.712, "epoch": 5.0, "run_id": "rep04-step03"}
