{"test_loss": 0.07415894418954849, "test_seqeval-macro_precision": 0.8337405714292488, "test_seqeval-macro_recall": 0.8729149851527744, "test_seqeval-macro_f1": 0.85208395766677, "test_seqeval-micro_precision": 0.8383017163504969, "test_seqeval-micro_recall": 0.8705440900562852, "test_seqeval-micro_f1": 0.854118729866544, "test_seqeval-SG_precision": 0.850415512465374, "test_seqeval-SG_recall": 0.8599439775910365, "test_seqeval-SG_f1": 0.8551532033426184, "test_seqeval-ORG_precision": 0.8663594470046083, "test_seqeval-ORG_recall": 0.8355555555555556, "test_seqeval-ORG_f1": 0.8506787330316742, "test_seqeval-ISG_precision": 0.7463768115942029, "test_seqeval-ISG_recall": 0.8373983739837398, "test_seqeval-ISG_f1": 0.789272030651341, "test_seqeval-PI_precision": 0.7964601769911505, "test_seqeval-PI_recall": 0.9, "test_seqeval-PI_f1": 0.8450704225352113, "test_seqeval-PG_precision": 0.9090909090909091, "test_seqeval-PG_recall": 0.9316770186335404, "test_seqeval-PG_f1": 0.9202453987730062, "test_spanlevel-macro_precision_spanwise": 0.8567354870749796, "test_spanlevel-macro_recall_spanwise": 0.8577248492041301, "test_spanlevel-macro_f1_spanwise": 0.853684689226017, "test_spanlevel-macro_precision_seqavg": 0.8816230977973106, "test_spanlevel-macro_recall_seqavg": 0.88627807511943, "test_spanlevel-macro_f1_seqavg": 0.8810945949247572, "test_spanlevel-micro_precision_spanwise": 0.921283868380057, "test_spanlevel-micro_recall_spanwise": 0.9242944316220179, "test_spanlevel-micro_f1_spanwise": 0.9183104643261653, "test_spanlevel-micro_precision_seqavg": 0.9103741563480827, "test_spanlevel-micro_recall_seqavg": 0.9122090035050158, "test_spanlevel-micro_f1_seqavg": 0.907145886524186, "test_spanlevel-SG_precision_spanwise": 0.9062528462528462, "test_spanlevel-SG_recall_spanwise": 0.9047999972999973, "test_spanlevel-SG_f1_spanwise": 0.9011982926617074, "test_spanlevel-SG_precision_seqavg": 0.938196288796623, "test_spanlevel-SG_recall_seqavg": 0.9393280230543825, "test_spanlevel-SG_f1_seqavg": 0.9351273459499057, "test_spanlevel-ORG_precision_spanwise": 0.8837625178826896, "test_spanlevel-ORG_recall_spanwise": 0.8818516247700798, "test_spanlevel-ORG_f1_spanwise": 0.8793746787309018, "test_spanlevel-ORG_precision_seqavg": 0.893049041354955, "test_spanlevel-ORG_recall_seqavg": 0.8931979993349645, "test_spanlevel-ORG_f1_seqavg": 0.8904120731171989, "test_spanlevel-ISG_precision_spanwise": 0.7114093959731543, "test_spanlevel-ISG_recall_spanwise": 0.714765100671141, "test_spanlevel-ISG_f1_spanwise": 0.7102908277404921, "test_spanlevel-ISG_precision_seqavg": 0.7933603633930222, "test_spanlevel-ISG_recall_seqavg": 0.7991769413624135, "test_spanlevel-ISG_f1_seqavg": 0.7927966287387296, "test_spanlevel-PI_precision_spanwise": 0.8491189427312775, "test_spanlevel-PI_recall_spanwise": 0.8381057268722467, "test_spanlevel-PI_f1_spanwise": 0.8394358945019738, "test_spanlevel-PI_precision_seqavg": 0.8496129173235373, "test_spanlevel-PI_recall_seqavg": 0.8467117295385708, "test_spanlevel-PI_f1_seqavg": 0.846324374311893, "test_spanlevel-PG_precision_spanwise": 0.93313373253493, "test_spanlevel-PG_recall_spanwise": 0.9491017964071856, "test_spanlevel-PG_f1_spanwise": 0.9381237524950099, "test_spanlevel-PG_precision_seqavg": 0.9338968781184158, "test_spanlevel-PG_recall_seqavg": 0.9529756823068188, "test_spanlevel-PG_f1_seqavg": 0.9408125525060583, "test_spanlevel-macro_precision_relaxed": 0.9048755915409643, "test_spanlevel-macro_recall_relaxed": 0.9408728154561488, "test_spanlevel-macro_f1_relaxed": 0.9461464702971562, "test_spanlevel-micro_precision_relaxed": 0.9052947229616486, "test_spanlevel-micro_recall_relaxed": 0.9409499759499759, "test_spanlevel-micro_f1_relaxed": 0.9465272668582866, "test_spanlevel-SG_precision_relaxed": 0.946733006179571, "test_spanlevel-SG_recall_relaxed": 0.9365813025925386, "test_spanlevel-SG_f1_relaxed": 0.9709849637701384, "test_spanlevel-ORG_precision_relaxed": 0.9342261904761905, "test_spanlevel-ORG_recall_relaxed": 0.9075674855929633, "test_spanlevel-ORG_f1_relaxed": 0.9690185299115259, "test_spanlevel-ISG_precision_relaxed": 0.7668010752688171, "test_spanlevel-ISG_recall_relaxed": 0.8727272727272727, "test_spanlevel-ISG_f1_relaxed": 0.9662293488824101, "test_spanlevel-PI_precision_relaxed": 0.8685383244206774, "test_spanlevel-PI_recall_relaxed": 0.9598393574297187, "test_spanlevel-PI_f1_relaxed": 0.9686698150334514, "test_spanlevel-PG_precision_relaxed": 0.9439203354297693, "test_spanlevel-PG_recall_relaxed": 0.9838709677419355, "test_spanlevel-PG_f1_relaxed": 0.9859943977591037, "test_doclevel-micro_precision": 0.9658385093167702, "test_doclevel-micro_recall": 0.9873015873015873, "test_doclevel-micro_f1": 0.9764521193092621, "test_doclevel-SG_precision": 0.9732824427480916, "test_doclevel-SG_recall": 0.9550561797752809, "test_doclevel-SG_f1": 0.9640831758034027, "test_doclevel-ORG_precision": 0.9545454545454546, "test_doclevel-ORG_recall": 0.9363057324840764, "test_doclevel-ORG_f1": 0.9453376205787781, "test_doclevel-ISG_precision": 0.7983870967741935, "test_doclevel-ISG_recall": 0.9, "test_doclevel-ISG_f1": 0.8461538461538461, "test_doclevel-PI_precision": 0.8823529411764706, "test_doclevel-PI_recall": 0.9939759036144579, "test_doclevel-PI_f1": 0.934844192634561, "test_doclevel-PG_precision": 0.9622641509433962, "test_doclevel-PG_recall": 0.9870967741935484, "test_doclevel-PG_f1": 0.9745222929936306, "test_wordlevel-macro_precision": 0.9138413101724701, "test_wordlevel-macro_recall": 0.9354083300038916, "test_wordlevel-macro_f1": 0.923923502602083, "test_wordlevel-O_precision": 0.9926772637971066, "test_wordlevel-O_recall": 0.9917915774446824, "test_wordlevel-O_f1": 0.9922342229759886, "test_wordlevel-SG_precision": 0.9504424778761061, "test_wordlevel-SG_recall": 0.9282627484874676, "test_wordlevel-SG_f1": 0.9392216878006121, "test_wordlevel-ORG_precision": 0.937365010799136, "test_wordlevel-ORG_recall": 0.9079497907949791, "test_wordlevel-ORG_f1": 0.922422954303932, "test_wordlevel-ISG_precision": 0.7653061224489796, "test_wordlevel-ISG_recall": 0.8620689655172413, "test_wordlevel-ISG_f1": 0.8108108108108109, "test_wordlevel-PI_precision": 0.8926315789473684, "test_wordlevel-PI_recall": 0.9359823399558499, "test_wordlevel-PI_f1": 0.9137931034482759, "test_wordlevel-PG_precision": 0.9446254071661238, "test_wordlevel-PG_recall": 0.9863945578231292, "test_wordlevel-PG_f1": 0.9650582362728786, "test_runtime": 8.6961, "test_samples_per_second": 103.035, "test_steps_per_second": 1.61, "epoch": 7.0}