{"test_loss": 0.08427411317825317, "test_seqeval-macro_precision": 0.7674083013520306, "test_seqeval-macro_recall": 0.8428637226555102, "test_seqeval-macro_f1": 0.8030011132915427, "test_seqeval-micro_precision": 0.7814432989690722, "test_seqeval-micro_recall": 0.8488241881298992, "test_seqeval-micro_f1": 0.8137412775093935, "test_seqeval-SG_precision": 0.8288770053475936, "test_seqeval-SG_recall": 0.8659217877094972, "test_seqeval-SG_f1": 0.8469945355191258, "test_seqeval-ORG_precision": 0.764102564102564, "test_seqeval-ORG_recall": 0.8713450292397661, "test_seqeval-ORG_f1": 0.8142076502732241, "test_seqeval-ISG_precision": 0.6782608695652174, "test_seqeval-ISG_recall": 0.7959183673469388, "test_seqeval-ISG_f1": 0.7323943661971831, "test_seqeval-PI_precision": 0.7401129943502824, "test_seqeval-PI_recall": 0.7987804878048781, "test_seqeval-PI_f1": 0.7683284457478007, "test_seqeval-PG_precision": 0.8256880733944955, "test_seqeval-PG_recall": 0.8823529411764706, "test_seqeval-PG_f1": 0.8530805687203792, "test_spanlevel-macro_precision_spanwise": 0.7936208089606567, "test_spanlevel-macro_recall_spanwise": 0.7943458051570798, "test_spanlevel-macro_f1_spanwise": 0.7891513493140234, "test_spanlevel-macro_precision_seqavg": 0.8088577787428026, "test_spanlevel-macro_recall_seqavg": 0.8056138978948997, "test_spanlevel-macro_f1_seqavg": 0.8034168543460727, "test_spanlevel-micro_precision_spanwise": 0.87959973637763, "test_spanlevel-micro_recall_spanwise": 0.8802301809907772, "test_spanlevel-micro_f1_spanwise": 0.8743967234561073, "test_spanlevel-micro_precision_seqavg": 0.8785924079581411, "test_spanlevel-micro_recall_seqavg": 0.8780714542319351, "test_spanlevel-micro_f1_seqavg": 0.8724775217097699, "test_spanlevel-SG_precision_spanwise": 0.8883897243107769, "test_spanlevel-SG_recall_spanwise": 0.8894493251846194, "test_spanlevel-SG_f1_spanwise": 0.8815705751178098, "test_spanlevel-SG_precision_seqavg": 0.8987895288300232, "test_spanlevel-SG_recall_seqavg": 0.8974628476810966, "test_spanlevel-SG_f1_seqavg": 0.8943153047145042, "test_spanlevel-ORG_precision_spanwise": 0.7663398692810457, "test_spanlevel-ORG_recall_spanwise": 0.7569444444444444, "test_spanlevel-ORG_f1_spanwise": 0.7579598506069094, "test_spanlevel-ORG_precision_seqavg": 0.7667655534029965, "test_spanlevel-ORG_recall_seqavg": 0.7576402130947404, "test_spanlevel-ORG_f1_seqavg": 0.758959981806574, "test_spanlevel-ISG_precision_spanwise": 0.6484375, "test_spanlevel-ISG_recall_spanwise": 0.6510416666666666, "test_spanlevel-ISG_f1_spanwise": 0.64453125, "test_spanlevel-ISG_precision_seqavg": 0.7342433088936192, "test_spanlevel-ISG_recall_seqavg": 0.7232333932816652, "test_spanlevel-ISG_f1_seqavg": 0.7234553366291964, "test_spanlevel-PI_precision_spanwise": 0.7532085561497326, "test_spanlevel-PI_recall_spanwise": 0.7499108734402853, "test_spanlevel-PI_f1_spanwise": 0.7460572107630931, "test_spanlevel-PI_precision_seqavg": 0.7618597850091043, "test_spanlevel-PI_recall_seqavg": 0.7608105699119847, "test_spanlevel-PI_f1_seqavg": 0.756301140594451, "test_spanlevel-PG_precision_spanwise": 0.9117283950617284, "test_spanlevel-PG_recall_spanwise": 0.9243827160493827, "test_spanlevel-PG_f1_spanwise": 0.9156378600823045, "test_spanlevel-PG_precision_seqavg": 0.8826307175782695, "test_spanlevel-PG_recall_seqavg": 0.8889224655050112, "test_spanlevel-PG_f1_seqavg": 0.8840525079856372, "test_spanlevel-macro_precision_relaxed": 0.8683097756084333, "test_spanlevel-macro_recall_relaxed": 0.9198013575032776, "test_spanlevel-macro_f1_relaxed": 0.9276071978555129, "test_spanlevel-micro_precision_relaxed": 0.8670946037556776, "test_spanlevel-micro_recall_relaxed": 0.9198637255708271, "test_spanlevel-micro_f1_relaxed": 0.9268711394133471, "test_spanlevel-SG_precision_relaxed": 0.9222897566331909, "test_spanlevel-SG_recall_relaxed": 0.94311597654935, "test_spanlevel-SG_f1_relaxed": 0.9558179018326319, "test_spanlevel-ORG_precision_relaxed": 0.8418803418803418, "test_spanlevel-ORG_recall_relaxed": 0.9079861111111112, "test_spanlevel-ORG_f1_relaxed": 0.9626422959756294, "test_spanlevel-ISG_precision_relaxed": 0.7272727272727273, "test_spanlevel-ISG_recall_relaxed": 0.8561403508771931, "test_spanlevel-ISG_f1_relaxed": 0.961847389558233, "test_spanlevel-PI_precision_relaxed": 0.8103286384976526, "test_spanlevel-PI_recall_relaxed": 0.87991452991453, "test_spanlevel-PI_f1_relaxed": 0.9449387766802627, "test_spanlevel-PG_precision_relaxed": 0.9240549828178695, "test_spanlevel-PG_recall_relaxed": 0.9769503546099291, "test_spanlevel-PG_f1_relaxed": 0.9713044422721843, "test_doclevel-micro_precision": 0.9530201342281879, "test_doclevel-micro_recall": 0.9810017271157168, "test_doclevel-micro_f1": 0.9668085106382979, "test_doclevel-SG_precision": 0.9595959595959596, "test_doclevel-SG_recall": 0.9693877551020408, "test_doclevel-SG_f1": 0.964467005076142, "test_doclevel-ORG_precision": 0.8653846153846154, "test_doclevel-ORG_recall": 0.9375, "test_doclevel-ORG_f1": 0.9, "test_doclevel-ISG_precision": 0.7545454545454545, "test_doclevel-ISG_recall": 0.8736842105263158, "test_doclevel-ISG_f1": 0.8097560975609758, "test_doclevel-PI_precision": 0.8450704225352113, "test_doclevel-PI_recall": 0.9230769230769231, "test_doclevel-PI_f1": 0.8823529411764706, "test_doclevel-PG_precision": 0.9587628865979382, "test_doclevel-PG_recall": 0.9893617021276596, "test_doclevel-PG_f1": 0.9738219895287958, "test_wordlevel-macro_precision": 0.872581487573865, "test_wordlevel-macro_recall": 0.9108222063262165, "test_wordlevel-macro_f1": 0.8908831957866935, "test_wordlevel-O_precision": 0.9927450296477154, "test_wordlevel-O_recall": 0.9864827394981284, "test_wordlevel-O_f1": 0.9896039776085671, "test_wordlevel-SG_precision": 0.9110169491525424, "test_wordlevel-SG_recall": 0.9438103599648815, "test_wordlevel-SG_f1": 0.9271237602414835, "test_wordlevel-ORG_precision": 0.8378378378378378, "test_wordlevel-ORG_recall": 0.8985507246376812, "test_wordlevel-ORG_f1": 0.8671328671328672, "test_wordlevel-ISG_precision": 0.7419354838709677, "test_wordlevel-ISG_recall": 0.8333333333333334, "test_wordlevel-ISG_f1": 0.7849829351535836, "test_wordlevel-PI_precision": 0.8384401114206128, "test_wordlevel-PI_recall": 0.8314917127071824, "test_wordlevel-PI_f1": 0.8349514563106796, "test_wordlevel-PG_precision": 0.9135135135135135, "test_wordlevel-PG_recall": 0.9712643678160919, "test_wordlevel-PG_f1": 0.9415041782729805, "test_runtime": 7.788, "test_samples_per_second": 104.006, "test_steps_per_second": 1.669, "epoch": 6.0}