{"test_loss": 0.12098022550344467, "test_seqeval-macro_precision": 0.736446016358612, "test_seqeval-macro_recall": 0.7612751464672118, "test_seqeval-macro_f1": 0.7479827188472721, "test_seqeval-micro_precision": 0.7407071622846781, "test_seqeval-micro_recall": 0.7664165103189493, "test_seqeval-micro_f1": 0.7533425541724297, "test_seqeval-PI_precision": 0.6991150442477876, "test_seqeval-PI_recall": 0.79, "test_seqeval-PI_f1": 0.7417840375586855, "test_seqeval-ISG_precision": 0.6779661016949152, "test_seqeval-ISG_recall": 0.6504065040650406, "test_seqeval-ISG_f1": 0.6639004149377593, "test_seqeval-PG_precision": 0.8372093023255814, "test_seqeval-PG_recall": 0.8944099378881988, "test_seqeval-PG_f1": 0.8648648648648649, "test_seqeval-SG_precision": 0.7615176151761518, "test_seqeval-SG_recall": 0.7871148459383753, "test_seqeval-SG_f1": 0.7741046831955923, "test_seqeval-ORG_precision": 0.7064220183486238, "test_seqeval-ORG_recall": 0.6844444444444444, "test_seqeval-ORG_f1": 0.6952595936794582, "test_spanlevel-macro_precision_spanwise": 0.7704085509881387, "test_spanlevel-macro_recall_spanwise": 0.7565635848757872, "test_spanlevel-macro_f1_spanwise": 0.7569549932363147, "test_spanlevel-macro_precision_seqavg": 0.7860423882154991, "test_spanlevel-macro_recall_seqavg": 0.7754712700104629, "test_spanlevel-macro_f1_seqavg": 0.7741079279875078, "test_spanlevel-micro_precision_spanwise": 0.8550725716830838, "test_spanlevel-micro_recall_spanwise": 0.8401946560976211, "test_spanlevel-micro_f1_spanwise": 0.8388273167482737, "test_spanlevel-micro_precision_seqavg": 0.8486967925237157, "test_spanlevel-micro_recall_seqavg": 0.8328148240648242, "test_spanlevel-micro_f1_seqavg": 0.8317826221104591, "test_spanlevel-PI_precision_spanwise": 0.7704184704184704, "test_spanlevel-PI_recall_spanwise": 0.7556173984745412, "test_spanlevel-PI_f1_spanwise": 0.7585752390947196, "test_spanlevel-PI_precision_seqavg": 0.7869533583953181, "test_spanlevel-PI_recall_seqavg": 0.7799322859566168, "test_spanlevel-PI_f1_seqavg": 0.7809001954188292, "test_spanlevel-ISG_precision_spanwise": 0.579954954954955, "test_spanlevel-ISG_recall_spanwise": 0.5765765765765767, "test_spanlevel-ISG_f1_spanwise": 0.5731981981981982, "test_spanlevel-ISG_precision_seqavg": 0.6115172768690911, "test_spanlevel-ISG_recall_seqavg": 0.629662193314752, "test_spanlevel-ISG_f1_seqavg": 0.6149501034492052, "test_spanlevel-PG_precision_spanwise": 0.9146825396825397, "test_spanlevel-PG_recall_spanwise": 0.9122023809523809, "test_spanlevel-PG_f1_spanwise": 0.9102607709750569, "test_spanlevel-PG_precision_seqavg": 0.9257115674428468, "test_spanlevel-PG_recall_seqavg": 0.919904259070087, "test_spanlevel-PG_f1_seqavg": 0.9190200175795663, "test_spanlevel-SG_precision_spanwise": 0.8287308858971164, "test_spanlevel-SG_recall_spanwise": 0.8146314019023443, "test_spanlevel-SG_f1_spanwise": 0.8109249810978217, "test_spanlevel-SG_precision_seqavg": 0.8341276491722928, "test_spanlevel-SG_recall_seqavg": 0.8237477783167785, "test_spanlevel-SG_f1_seqavg": 0.818917709894403, "test_spanlevel-ORG_precision_spanwise": 0.7582559039876113, "test_spanlevel-ORG_recall_spanwise": 0.7237901664730934, "test_spanlevel-ORG_f1_spanwise": 0.7318157768157768, "test_spanlevel-ORG_precision_seqavg": 0.7719020891979466, "test_spanlevel-ORG_recall_seqavg": 0.7241098333940803, "test_spanlevel-ORG_f1_seqavg": 0.7367516135955354, "test_spanlevel-macro_precision_relaxed": 0.8734623015873018, "test_spanlevel-macro_recall_relaxed": 0.8569690957190957, "test_spanlevel-macro_f1_relaxed": 0.9012443891129358, "test_spanlevel-micro_precision_relaxed": 0.8739635480260483, "test_spanlevel-micro_recall_relaxed": 0.8570793249959917, "test_spanlevel-micro_f1_relaxed": 0.9022009386313292, "test_spanlevel-PI_precision_relaxed": 0.8244505494505494, "test_spanlevel-PI_recall_relaxed": 0.8954508510231401, "test_spanlevel-PI_f1_relaxed": 0.9537407112789116, "test_spanlevel-ISG_precision_relaxed": 0.7358490566037735, "test_spanlevel-ISG_recall_relaxed": 0.7, "test_spanlevel-ISG_f1_relaxed": 0.9420340975896533, "test_spanlevel-PG_precision_relaxed": 0.934071729957806, "test_spanlevel-PG_recall_relaxed": 0.9647849462365591, "test_spanlevel-PG_f1_relaxed": 0.979501734468622, "test_spanlevel-SG_precision_relaxed": 0.8939203925845147, "test_spanlevel-SG_recall_relaxed": 0.8655984672838606, "test_spanlevel-SG_f1_relaxed": 0.9291581225056785, "test_spanlevel-ORG_precision_relaxed": 0.8583867521367521, "test_spanlevel-ORG_recall_relaxed": 0.7976241027196441, "test_spanlevel-ORG_f1_relaxed": 0.9133901215716985, "test_doclevel-micro_precision": 0.967948717948718, "test_doclevel-micro_recall": 0.9587301587301588, "test_doclevel-micro_f1": 0.9633173843700159, "test_doclevel-PI_precision": 0.8516483516483516, "test_doclevel-PI_recall": 0.9337349397590361, "test_doclevel-PI_f1": 0.8908045977011494, "test_doclevel-ISG_precision": 0.7830188679245284, "test_doclevel-ISG_recall": 0.7545454545454545, "test_doclevel-ISG_f1": 0.7685185185185186, "test_doclevel-PG_precision": 0.9556962025316456, "test_doclevel-PG_recall": 0.9741935483870968, "test_doclevel-PG_f1": 0.9648562300319489, "test_doclevel-SG_precision": 0.9389312977099237, "test_doclevel-SG_recall": 0.9213483146067416, "test_doclevel-SG_f1": 0.9300567107750473, "test_doclevel-ORG_precision": 0.8910256410256411, "test_doclevel-ORG_recall": 0.8853503184713376, "test_doclevel-ORG_f1": 0.8881789137380193, "test_wordlevel-macro_precision": 0.8777510158500096, "test_wordlevel-macro_recall": 0.8503356819426929, "test_wordlevel-macro_f1": 0.8633149427837291, "test_wordlevel-O_precision": 0.9798265793664838, "test_wordlevel-O_recall": 0.9880442541042113, "test_wordlevel-O_f1": 0.9839182585517547, "test_wordlevel-PI_precision": 0.8705357142857143, "test_wordlevel-PI_recall": 0.8609271523178808, "test_wordlevel-PI_f1": 0.8657047724750278, "test_wordlevel-ISG_precision": 0.7116564417177914, "test_wordlevel-ISG_recall": 0.6666666666666666, "test_wordlevel-ISG_f1": 0.6884272997032641, "test_wordlevel-PG_precision": 0.9342105263157895, "test_wordlevel-PG_recall": 0.9659863945578231, "test_wordlevel-PG_f1": 0.9498327759197324, "test_wordlevel-SG_precision": 0.8967136150234741, "test_wordlevel-SG_recall": 0.8254105445116681, "test_wordlevel-SG_f1": 0.8595859585958595, "test_wordlevel-ORG_precision": 0.8735632183908046, "test_wordlevel-ORG_recall": 0.7949790794979079, "test_wordlevel-ORG_f1": 0.8324205914567361, "test_runtime": 5.4279, "test_samples_per_second": 165.073, "test_steps_per_second": 2.579, "epoch": 5.0, "run_id": "rep04-step04"}
