{"test_loss": 0.11377135664224625, "test_seqeval-macro_precision": 0.7335743586499005, "test_seqeval-macro_recall": 0.8051966844001652, "test_seqeval-macro_f1": 0.7658754369265042, "test_seqeval-micro_precision": 0.7345360824742269, "test_seqeval-micro_recall": 0.8020637898686679, "test_seqeval-micro_f1": 0.7668161434977578, "test_seqeval-SG_precision": 0.775623268698061, "test_seqeval-SG_recall": 0.7843137254901961, "test_seqeval-SG_f1": 0.7799442896935933, "test_seqeval-ORG_precision": 0.7434782608695653, "test_seqeval-ORG_recall": 0.76, "test_seqeval-ORG_f1": 0.7516483516483516, "test_seqeval-ISG_precision": 0.6546762589928058, "test_seqeval-ISG_recall": 0.7398373983739838, "test_seqeval-ISG_f1": 0.6946564885496184, "test_seqeval-PI_precision": 0.630188679245283, "test_seqeval-PI_recall": 0.835, "test_seqeval-PI_f1": 0.7182795698924731, "test_seqeval-PG_precision": 0.863905325443787, "test_seqeval-PG_recall": 0.906832298136646, "test_seqeval-PG_f1": 0.8848484848484849, "test_spanlevel-macro_precision_spanwise": 0.7803023495899815, "test_spanlevel-macro_recall_spanwise": 0.7762417059505775, "test_spanlevel-macro_f1_spanwise": 0.7717557304961348, "test_spanlevel-macro_precision_seqavg": 0.7941867883750339, "test_spanlevel-macro_recall_seqavg": 0.7961292046034611, "test_spanlevel-macro_f1_seqavg": 0.7897137751638783, "test_spanlevel-micro_precision_spanwise": 0.8664707035077406, "test_spanlevel-micro_recall_spanwise": 0.8619837161173141, "test_spanlevel-micro_f1_spanwise": 0.8570103443090608, "test_spanlevel-micro_precision_seqavg": 0.8544072307729366, "test_spanlevel-micro_recall_seqavg": 0.8479288983651654, "test_spanlevel-micro_f1_seqavg": 0.8437414960993312, "test_spanlevel-SG_precision_spanwise": 0.870027885027885, "test_spanlevel-SG_recall_spanwise": 0.8366970266970267, "test_spanlevel-SG_f1_spanwise": 0.8408147352924229, "test_spanlevel-SG_precision_seqavg": 0.886860640718491, "test_spanlevel-SG_recall_seqavg": 0.8629364820559603, "test_spanlevel-SG_f1_seqavg": 0.8665700040827132, "test_spanlevel-ORG_precision_spanwise": 0.8049457994579945, "test_spanlevel-ORG_recall_spanwise": 0.7873577235772358, "test_spanlevel-ORG_f1_spanwise": 0.7886935557667266, "test_spanlevel-ORG_precision_seqavg": 0.8249171000033884, "test_spanlevel-ORG_recall_seqavg": 0.8035149193723148, "test_spanlevel-ORG_f1_seqavg": 0.808104711471318, "test_spanlevel-ISG_precision_spanwise": 0.6012658227848101, "test_spanlevel-ISG_recall_spanwise": 0.6065400843881857, "test_spanlevel-ISG_f1_spanwise": 0.6000000000000001, "test_spanlevel-ISG_precision_seqavg": 0.6412705830399794, "test_spanlevel-ISG_recall_seqavg": 0.6673869450825353, "test_spanlevel-ISG_f1_seqavg": 0.6497954459391321, "test_spanlevel-PI_precision_spanwise": 0.7175341454411222, "test_spanlevel-PI_recall_spanwise": 0.7170819490586933, "test_spanlevel-PI_f1_spanwise": 0.7120084566596195, "test_spanlevel-PI_precision_seqavg": 0.6960532430368389, "test_spanlevel-PI_recall_seqavg": 0.6978851616063794, "test_spanlevel-PI_f1_seqavg": 0.6922174941787463, "test_spanlevel-PG_precision_spanwise": 0.9077380952380952, "test_spanlevel-PG_recall_spanwise": 0.9335317460317459, "test_spanlevel-PG_f1_spanwise": 0.9172619047619047, "test_spanlevel-PG_precision_seqavg": 0.9218323750764715, "test_spanlevel-PG_recall_seqavg": 0.9489225149001163, "test_spanlevel-PG_f1_seqavg": 0.9318812201474821, "test_spanlevel-macro_precision_relaxed": 0.848688750862664, "test_spanlevel-macro_recall_relaxed": 0.8916304308566213, "test_spanlevel-macro_f1_relaxed": 0.9020817388853324, "test_spanlevel-micro_precision_relaxed": 0.8491835502316869, "test_spanlevel-micro_recall_relaxed": 0.8920603250365154, "test_spanlevel-micro_f1_relaxed": 0.9030658763485273, "test_spanlevel-SG_precision_relaxed": 0.9349609375000001, "test_spanlevel-SG_recall_relaxed": 0.8587045393225168, "test_spanlevel-SG_f1_relaxed": 0.9256210205605383, "test_spanlevel-ORG_precision_relaxed": 0.86328125, "test_spanlevel-ORG_recall_relaxed": 0.859447983014862, "test_spanlevel-ORG_f1_relaxed": 0.92513474130107, "test_spanlevel-ISG_precision_relaxed": 0.6883202099737532, "test_spanlevel-ISG_recall_relaxed": 0.7954545454545454, "test_spanlevel-ISG_f1_relaxed": 0.9477760334903192, "test_spanlevel-PI_precision_relaxed": 0.7304065040650406, "test_spanlevel-PI_recall_relaxed": 0.9469879518072288, "test_spanlevel-PI_f1_relaxed": 0.931277702121692, "test_spanlevel-PG_precision_relaxed": 0.9235232067510548, "test_spanlevel-PG_recall_relaxed": 0.9806451612903225, "test_spanlevel-PG_f1_relaxed": 0.9744987468671679, "test_doclevel-micro_precision": 0.9549689440993789, "test_doclevel-micro_recall": 0.9761904761904762, "test_doclevel-micro_f1": 0.9654631083202513, "test_doclevel-SG_precision": 0.96875, "test_doclevel-SG_recall": 0.9288389513108615, "test_doclevel-SG_f1": 0.9483747609942639, "test_doclevel-ORG_precision": 0.90625, "test_doclevel-ORG_recall": 0.9235668789808917, "test_doclevel-ORG_f1": 0.914826498422713, "test_doclevel-ISG_precision": 0.7322834645669292, "test_doclevel-ISG_recall": 0.8454545454545455, "test_doclevel-ISG_f1": 0.7848101265822786, "test_doclevel-PI_precision": 0.7902439024390244, "test_doclevel-PI_recall": 0.9759036144578314, "test_doclevel-PI_f1": 0.8733153638814017, "test_doclevel-PG_precision": 0.9620253164556962, "test_doclevel-PG_recall": 0.9806451612903225, "test_doclevel-PG_f1": 0.9712460063897763, "test_wordlevel-macro_precision": 0.8611582197223075, "test_wordlevel-macro_recall": 0.8879405067561098, "test_wordlevel-macro_f1": 0.8713107804798316, "test_wordlevel-O_precision": 0.9838661842339403, "test_wordlevel-O_recall": 0.9866167023554604, "test_wordlevel-O_f1": 0.985239523625672, "test_wordlevel-SG_precision": 0.9460834181078331, "test_wordlevel-SG_recall": 0.8038029386343993, "test_wordlevel-SG_f1": 0.8691588785046729, "test_wordlevel-ORG_precision": 0.8859649122807017, "test_wordlevel-ORG_recall": 0.8451882845188284, "test_wordlevel-ORG_f1": 0.8650963597430407, "test_wordlevel-ISG_precision": 0.6633165829145728, "test_wordlevel-ISG_recall": 0.7586206896551724, "test_wordlevel-ISG_f1": 0.7077747989276139, "test_wordlevel-PI_precision": 0.7757685352622061, "test_wordlevel-PI_recall": 0.9470198675496688, "test_wordlevel-PI_f1": 0.852882703777336, "test_wordlevel-PG_precision": 0.9119496855345912, "test_wordlevel-PG_recall": 0.9863945578231292, "test_wordlevel-PG_f1": 0.9477124183006537, "test_runtime": 8.9156, "test_samples_per_second": 100.498, "test_steps_per_second": 1.57, "epoch": 5.0}