{"test_loss": 0.09619362652301788, "test_seqeval-macro_precision": 0.8366245403878636, "test_seqeval-macro_recall": 0.8710914554934215, "test_seqeval-macro_f1": 0.8528547024807015, "test_seqeval-micro_precision": 0.8474945533769063, "test_seqeval-micro_recall": 0.8712206047032475, "test_seqeval-micro_f1": 0.8591938155715073, "test_seqeval-ISG_precision": 0.7614678899082569, "test_seqeval-ISG_recall": 0.8469387755102041, "test_seqeval-ISG_f1": 0.8019323671497586, "test_seqeval-SG_precision": 0.886039886039886, "test_seqeval-SG_recall": 0.8687150837988827, "test_seqeval-SG_f1": 0.8772919605077574, "test_seqeval-PG_precision": 0.883495145631068, "test_seqeval-PG_recall": 0.8921568627450981, "test_seqeval-PG_f1": 0.8878048780487806, "test_seqeval-PI_precision": 0.8353658536585366, "test_seqeval-PI_recall": 0.8353658536585366, "test_seqeval-PI_f1": 0.8353658536585366, "test_seqeval-ORG_precision": 0.8167539267015707, "test_seqeval-ORG_recall": 0.9122807017543859, "test_seqeval-ORG_f1": 0.8618784530386739, "test_spanlevel-macro_precision_spanwise": 0.8371220169264433, "test_spanlevel-macro_recall_spanwise": 0.8423762535712516, "test_spanlevel-macro_f1_spanwise": 0.8356185496403136, "test_spanlevel-macro_precision_seqavg": 0.8725393837317217, "test_spanlevel-macro_recall_seqavg": 0.8749719896053471, "test_spanlevel-macro_f1_seqavg": 0.8706641160368569, "test_spanlevel-micro_precision_spanwise": 0.9010834098093198, "test_spanlevel-micro_recall_spanwise": 0.9000726156602212, "test_spanlevel-micro_f1_spanwise": 0.8946389174999516, "test_spanlevel-micro_precision_seqavg": 0.9046294065686983, "test_spanlevel-micro_recall_seqavg": 0.9029764675360351, "test_spanlevel-micro_f1_seqavg": 0.8967587827658754, "test_spanlevel-ISG_precision_spanwise": 0.7097222222222221, "test_spanlevel-ISG_recall_spanwise": 0.7069444444444444, "test_spanlevel-ISG_f1_spanwise": 0.7066666666666667, "test_spanlevel-ISG_precision_seqavg": 0.7349994186839226, "test_spanlevel-ISG_recall_seqavg": 0.7308052331445061, "test_spanlevel-ISG_f1_seqavg": 0.7321152664435896, "test_spanlevel-SG_precision_spanwise": 0.9054544569871545, "test_spanlevel-SG_recall_spanwise": 0.8994113229026677, "test_spanlevel-SG_f1_spanwise": 0.8955159925394496, "test_spanlevel-SG_precision_seqavg": 0.9375991693637205, "test_spanlevel-SG_recall_seqavg": 0.9288267176223554, "test_spanlevel-SG_f1_seqavg": 0.9291482972010474, "test_spanlevel-PG_precision_spanwise": 0.921904761904762, "test_spanlevel-PG_recall_spanwise": 0.9523809523809523, "test_spanlevel-PG_f1_spanwise": 0.9332275132275133, "test_spanlevel-PG_precision_seqavg": 0.9414293194638216, "test_spanlevel-PG_recall_seqavg": 0.9600148966324745, "test_spanlevel-PG_f1_seqavg": 0.948520667224672, "test_spanlevel-PI_precision_spanwise": 0.81389997339718, "test_spanlevel-PI_recall_spanwise": 0.8189476569364836, "test_spanlevel-PI_f1_spanwise": 0.8107802811713426, "test_spanlevel-PI_precision_seqavg": 0.8616733472678669, "test_spanlevel-PI_recall_seqavg": 0.8701605400970311, "test_spanlevel-PI_f1_seqavg": 0.8601204281839467, "test_spanlevel-ORG_precision_spanwise": 0.8346286701208981, "test_spanlevel-ORG_recall_spanwise": 0.8341968911917098, "test_spanlevel-ORG_f1_spanwise": 0.831902294596595, "test_spanlevel-ORG_precision_seqavg": 0.8869956638792769, "test_spanlevel-ORG_recall_seqavg": 0.8850525605303675, "test_spanlevel-ORG_f1_seqavg": 0.8834159211310294, "test_doclevel-micro_precision": 0.9759450171821306, "test_doclevel-micro_recall": 0.9810017271157168, "test_doclevel-micro_f1": 0.9784668389319553, "test_doclevel-ISG_precision": 0.8058252427184466, "test_doclevel-ISG_recall": 0.8736842105263158, "test_doclevel-ISG_f1": 0.8383838383838383, "test_doclevel-SG_precision": 0.9755244755244755, "test_doclevel-SG_recall": 0.9489795918367347, "test_doclevel-SG_f1": 0.9620689655172414, "test_doclevel-PG_precision": 0.989247311827957, "test_doclevel-PG_recall": 0.9787234042553191, "test_doclevel-PG_f1": 0.983957219251337, "test_doclevel-PI_precision": 0.9044117647058824, "test_doclevel-PI_recall": 0.9461538461538461, "test_doclevel-PI_f1": 0.9248120300751879, "test_doclevel-ORG_precision": 0.9044585987261147, "test_doclevel-ORG_recall": 0.9861111111111112, "test_doclevel-ORG_f1": 0.9435215946843853, "test_wordlevel-macro_precision": 0.8976852526341589, "test_wordlevel-macro_recall": 0.9270942393625695, "test_wordlevel-macro_f1": 0.9115017116961007, "test_wordlevel-O_precision": 0.9909078289838978, "test_wordlevel-O_recall": 0.9896714265908776, "test_wordlevel-O_f1": 0.9902892418672401, "test_wordlevel-ISG_precision": 0.8013698630136986, "test_wordlevel-ISG_recall": 0.8478260869565217, "test_wordlevel-ISG_f1": 0.8239436619718309, "test_wordlevel-SG_precision": 0.9506398537477148, "test_wordlevel-SG_recall": 0.913081650570676, "test_wordlevel-SG_f1": 0.9314823107926555, "test_wordlevel-PG_precision": 0.9139784946236559, "test_wordlevel-PG_recall": 0.9770114942528736, "test_wordlevel-PG_f1": 0.9444444444444445, "test_wordlevel-PI_precision": 0.8808864265927978, "test_wordlevel-PI_recall": 0.8784530386740331, "test_wordlevel-PI_f1": 0.8796680497925311, "test_wordlevel-ORG_precision": 0.8483290488431876, "test_wordlevel-ORG_recall": 0.9565217391304348, "test_wordlevel-ORG_f1": 0.8991825613079019, "test_runtime": 4.5848, "test_samples_per_second": 176.672, "test_steps_per_second": 2.835, "epoch": 5.0, "run_id": "rep01-step05"}
