{"test_loss": 0.13519777357578278, "test_seqeval-macro_precision": 0.8214718626483333, "test_seqeval-macro_recall": 0.8328981254272545, "test_seqeval-macro_f1": 0.8259949028786645, "test_seqeval-micro_precision": 0.8175803402646503, "test_seqeval-micro_recall": 0.8357487922705314, "test_seqeval-micro_f1": 0.826564739608218, "test_seqeval-PI_precision": 0.7737556561085973, "test_seqeval-PI_recall": 0.8181818181818182, "test_seqeval-PI_f1": 0.7953488372093024, "test_seqeval-ISG_precision": 0.8148148148148148, "test_seqeval-ISG_recall": 0.7213114754098361, "test_seqeval-ISG_f1": 0.7652173913043478, "test_seqeval-PG_precision": 0.9090909090909091, "test_seqeval-PG_recall": 0.9278350515463918, "test_seqeval-PG_f1": 0.9183673469387756, "test_seqeval-SG_precision": 0.8529411764705882, "test_seqeval-SG_recall": 0.8529411764705882, "test_seqeval-SG_f1": 0.8529411764705882, "test_seqeval-ORG_precision": 0.7567567567567568, "test_seqeval-ORG_recall": 0.8442211055276382, "test_seqeval-ORG_f1": 0.7980997624703089, "test_spanlevel-macro_precision_spanwise": 0.814680633205516, "test_spanlevel-macro_recall_spanwise": 0.8146870950610288, "test_spanlevel-macro_f1_spanwise": 0.8107613848691505, "test_spanlevel-macro_precision_seqavg": 0.8251648167133354, "test_spanlevel-macro_recall_seqavg": 0.8203013479710167, "test_spanlevel-macro_f1_seqavg": 0.8195771434390972, "test_spanlevel-micro_precision_spanwise": 0.8741069175472845, "test_spanlevel-micro_recall_spanwise": 0.8732513663706325, "test_spanlevel-micro_f1_spanwise": 0.8676656412856736, "test_spanlevel-micro_precision_seqavg": 0.8766326251940558, "test_spanlevel-micro_recall_seqavg": 0.876686925481638, "test_spanlevel-micro_f1_seqavg": 0.8701175134657523, "test_spanlevel-PI_precision_spanwise": 0.8122270742358079, "test_spanlevel-PI_recall_spanwise": 0.8175946142649199, "test_spanlevel-PI_f1_spanwise": 0.8096439728868055, "test_spanlevel-PI_precision_seqavg": 0.7762424234812755, "test_spanlevel-PI_recall_seqavg": 0.7661604497057742, "test_spanlevel-PI_f1_seqavg": 0.7657737684166385, "test_spanlevel-ISG_precision_spanwise": 0.6727493917274939, "test_spanlevel-ISG_recall_spanwise": 0.6678832116788321, "test_spanlevel-ISG_f1_spanwise": 0.667639902676399, "test_spanlevel-ISG_precision_seqavg": 0.7116336642410912, "test_spanlevel-ISG_recall_seqavg": 0.7024242518124941, "test_spanlevel-ISG_f1_seqavg": 0.7046704879949389, "test_spanlevel-PG_precision_spanwise": 0.8988448844884488, "test_spanlevel-PG_recall_spanwise": 0.8938943894389438, "test_spanlevel-PG_f1_spanwise": 0.8955445544554456, "test_spanlevel-PG_precision_seqavg": 0.9030807544238079, "test_spanlevel-PG_recall_seqavg": 0.9011289959072891, "test_spanlevel-PG_f1_seqavg": 0.901779582079462, "test_spanlevel-SG_precision_spanwise": 0.8885124940419059, "test_spanlevel-SG_recall_spanwise": 0.8957225519578461, "test_spanlevel-SG_f1_spanwise": 0.8848361288263294, "test_spanlevel-SG_precision_seqavg": 0.8989779867124384, "test_spanlevel-SG_recall_seqavg": 0.902060917940527, "test_spanlevel-SG_f1_seqavg": 0.8960684261754563, "test_spanlevel-ORG_precision_spanwise": 0.8010693215339234, "test_spanlevel-ORG_recall_spanwise": 0.7983407079646018, "test_spanlevel-ORG_f1_spanwise": 0.7961423655007726, "test_spanlevel-ORG_precision_seqavg": 0.8358892547080639, "test_spanlevel-ORG_recall_seqavg": 0.8297321244889997, "test_spanlevel-ORG_f1_seqavg": 0.8295934525289902, "test_spanlevel-macro_precision_relaxed": 0.8964196447996452, "test_spanlevel-macro_recall_relaxed": 0.9088635441576622, "test_spanlevel-macro_f1_relaxed": 0.925757918317341, "test_spanlevel-micro_precision_relaxed": 0.8956847241647246, "test_spanlevel-micro_recall_relaxed": 0.9087663881781531, "test_spanlevel-micro_f1_relaxed": 0.9254730354108592, "test_spanlevel-PI_precision_relaxed": 0.8522471910112359, "test_spanlevel-PI_recall_relaxed": 0.905105973025048, "test_spanlevel-PI_f1_relaxed": 0.9470478481820636, "test_spanlevel-ISG_precision_relaxed": 0.8709150326797385, "test_spanlevel-ISG_recall_relaxed": 0.7543103448275862, "test_spanlevel-ISG_f1_relaxed": 0.9730639730639731, "test_spanlevel-PG_precision_relaxed": 0.9303191489361703, "test_spanlevel-PG_recall_relaxed": 0.9521276595744681, "test_spanlevel-PG_f1_relaxed": 0.9748148148148148, "test_spanlevel-SG_precision_relaxed": 0.926587981554869, "test_spanlevel-SG_recall_relaxed": 0.9314378690616315, "test_spanlevel-SG_f1_relaxed": 0.9525748800388572, "test_spanlevel-ORG_precision_relaxed": 0.8574438202247191, "test_spanlevel-ORG_recall_relaxed": 0.9258928571428572, "test_spanlevel-ORG_f1_relaxed": 0.949672344563649, "test_doclevel-micro_precision": 0.9776, "test_doclevel-micro_recall": 0.9713831478537361, "test_doclevel-micro_f1": 0.9744816586921851, "test_doclevel-PI_precision": 0.9044943820224719, "test_doclevel-PI_recall": 0.930635838150289, "test_doclevel-PI_f1": 0.9173789173789175, "test_doclevel-ISG_precision": 0.8823529411764706, "test_doclevel-ISG_recall": 0.7758620689655172, "test_doclevel-ISG_f1": 0.8256880733944953, "test_doclevel-PG_precision": 0.9574468085106383, "test_doclevel-PG_recall": 0.9574468085106383, "test_doclevel-PG_f1": 0.9574468085106385, "test_doclevel-SG_precision": 0.9635761589403974, "test_doclevel-SG_recall": 0.9603960396039604, "test_doclevel-SG_f1": 0.9619834710743801, "test_doclevel-ORG_precision": 0.898876404494382, "test_doclevel-ORG_recall": 0.9523809523809523, "test_doclevel-ORG_f1": 0.9248554913294796, "test_wordlevel-macro_precision": 0.9044856556885431, "test_wordlevel-macro_recall": 0.9040114506001778, "test_wordlevel-macro_f1": 0.9028968778865027, "test_wordlevel-O_precision": 0.9849878934624697, "test_wordlevel-O_recall": 0.9866003759170557, "test_wordlevel-O_f1": 0.98579347529761, "test_wordlevel-PI_precision": 0.8842315369261478, "test_wordlevel-PI_recall": 0.930672268907563, "test_wordlevel-PI_f1": 0.9068577277379734, "test_wordlevel-ISG_precision": 0.8703703703703703, "test_wordlevel-ISG_recall": 0.746031746031746, "test_wordlevel-ISG_f1": 0.8034188034188035, "test_wordlevel-PG_precision": 0.9166666666666666, "test_wordlevel-PG_recall": 0.9649122807017544, "test_wordlevel-PG_f1": 0.9401709401709402, "test_wordlevel-SG_precision": 0.9191290824261276, "test_wordlevel-SG_recall": 0.8716814159292036, "test_wordlevel-SG_f1": 0.894776684330053, "test_wordlevel-ORG_precision": 0.851528384279476, "test_wordlevel-ORG_recall": 0.9241706161137441, "test_wordlevel-ORG_f1": 0.8863636363636362, "test_runtime": 5.4524, "test_samples_per_second": 161.214, "test_steps_per_second": 2.568, "epoch": 5.0, "run_id": "rep05-step05"}
