{"test_loss": 0.23041896522045135, "test_seqeval-macro_precision": 0.7491537932705361, "test_seqeval-macro_recall": 0.7560229316671108, "test_seqeval-macro_f1": 0.7508993184462779, "test_seqeval-micro_precision": 0.7333956969130028, "test_seqeval-micro_recall": 0.7574879227053141, "test_seqeval-micro_f1": 0.7452471482889734, "test_seqeval-ISG_precision": 0.696078431372549, "test_seqeval-ISG_recall": 0.5819672131147541, "test_seqeval-ISG_f1": 0.6339285714285714, "test_seqeval-SG_precision": 0.7289719626168224, "test_seqeval-SG_recall": 0.7647058823529411, "test_seqeval-SG_f1": 0.7464114832535885, "test_seqeval-PG_precision": 0.90625, "test_seqeval-PG_recall": 0.8969072164948454, "test_seqeval-PG_f1": 0.9015544041450777, "test_seqeval-PI_precision": 0.7350427350427351, "test_seqeval-PI_recall": 0.8229665071770335, "test_seqeval-PI_f1": 0.7765237020316027, "test_seqeval-ORG_precision": 0.6794258373205742, "test_seqeval-ORG_recall": 0.7135678391959799, "test_seqeval-ORG_f1": 0.696078431372549, "test_spanlevel-macro_precision_spanwise": 0.7558536437200696, "test_spanlevel-macro_recall_spanwise": 0.7427260064000533, "test_spanlevel-macro_f1_spanwise": 0.7414852490678944, "test_spanlevel-macro_precision_seqavg": 0.7607788891868401, "test_spanlevel-macro_recall_seqavg": 0.7484028327884227, "test_spanlevel-macro_f1_seqavg": 0.7483561554289628, "test_spanlevel-micro_precision_spanwise": 0.8350648366784731, "test_spanlevel-micro_recall_spanwise": 0.8219209188406469, "test_spanlevel-micro_f1_spanwise": 0.8177555975192728, "test_spanlevel-micro_precision_seqavg": 0.8325196656340396, "test_spanlevel-micro_recall_seqavg": 0.8203873877536405, "test_spanlevel-micro_f1_seqavg": 0.8152302242673738, "test_spanlevel-ISG_precision_spanwise": 0.5875299760191846, "test_spanlevel-ISG_recall_spanwise": 0.5719424460431655, "test_spanlevel-ISG_f1_spanwise": 0.5705035971223021, "test_spanlevel-ISG_precision_seqavg": 0.5982857389964442, "test_spanlevel-ISG_recall_seqavg": 0.5924758623581636, "test_spanlevel-ISG_f1_seqavg": 0.5895828532995178, "test_spanlevel-SG_precision_spanwise": 0.8190097524747638, "test_spanlevel-SG_recall_spanwise": 0.8031070190011782, "test_spanlevel-SG_f1_spanwise": 0.7975322202781423, "test_spanlevel-SG_precision_seqavg": 0.8313846812516651, "test_spanlevel-SG_recall_seqavg": 0.808897808496866, "test_spanlevel-SG_f1_seqavg": 0.8085044521325572, "test_spanlevel-PG_precision_spanwise": 0.8881188118811881, "test_spanlevel-PG_recall_spanwise": 0.8765676567656767, "test_spanlevel-PG_f1_spanwise": 0.8808580858085808, "test_spanlevel-PG_precision_seqavg": 0.898181434142431, "test_spanlevel-PG_recall_seqavg": 0.8956902838941037, "test_spanlevel-PG_f1_seqavg": 0.8966065022501125, "test_spanlevel-PI_precision_spanwise": 0.7668049792531121, "test_spanlevel-PI_recall_spanwise": 0.7701994006454587, "test_spanlevel-PI_f1_spanwise": 0.7615882314198155, "test_spanlevel-PI_precision_seqavg": 0.7541436308771898, "test_spanlevel-PI_recall_seqavg": 0.7457345896499341, "test_spanlevel-PI_f1_seqavg": 0.7424182555269235, "test_spanlevel-ORG_precision_spanwise": 0.7178046989720999, "test_spanlevel-ORG_recall_spanwise": 0.691813509544787, "test_spanlevel-ORG_f1_spanwise": 0.6969441107106307, "test_spanlevel-ORG_precision_seqavg": 0.7218989606664704, "test_spanlevel-ORG_recall_seqavg": 0.6992156195430458, "test_spanlevel-ORG_f1_seqavg": 0.7046687139357033, "test_doclevel-micro_precision": 0.970873786407767, "test_doclevel-micro_recall": 0.9538950715421304, "test_doclevel-micro_f1": 0.9623095429029671, "test_doclevel-ISG_precision": 0.8571428571428571, "test_doclevel-ISG_recall": 0.7241379310344828, "test_doclevel-ISG_f1": 0.7850467289719627, "test_doclevel-SG_precision": 0.9250814332247557, "test_doclevel-SG_recall": 0.9372937293729373, "test_doclevel-SG_f1": 0.9311475409836065, "test_doclevel-PG_precision": 0.9565217391304348, "test_doclevel-PG_recall": 0.9361702127659575, "test_doclevel-PG_f1": 0.9462365591397849, "test_doclevel-PI_precision": 0.8709677419354839, "test_doclevel-PI_recall": 0.9364161849710982, "test_doclevel-PI_f1": 0.9025069637883008, "test_doclevel-ORG_precision": 0.9090909090909091, "test_doclevel-ORG_recall": 0.8928571428571429, "test_doclevel-ORG_f1": 0.9009009009009009, "test_wordlevel-macro_precision": 0.8674027098334051, "test_wordlevel-macro_recall": 0.8338856851488647, "test_wordlevel-macro_f1": 0.8483027372792455, "test_wordlevel-O_precision": 0.9726553130247062, "test_wordlevel-O_recall": 0.9834475231916571, "test_wordlevel-O_f1": 0.9780216467183214, "test_wordlevel-ISG_precision": 0.8, "test_wordlevel-ISG_recall": 0.6349206349206349, "test_wordlevel-ISG_f1": 0.7079646017699115, "test_wordlevel-SG_precision": 0.8721422523285352, "test_wordlevel-SG_recall": 0.7595870206489675, "test_wordlevel-SG_f1": 0.8119826566811195, "test_wordlevel-PG_precision": 0.9252873563218391, "test_wordlevel-PG_recall": 0.9415204678362573, "test_wordlevel-PG_f1": 0.9333333333333333, "test_wordlevel-PI_precision": 0.8343313373253493, "test_wordlevel-PI_recall": 0.8781512605042017, "test_wordlevel-PI_f1": 0.8556806550665301, "test_wordlevel-ORG_precision": 0.8, "test_wordlevel-ORG_recall": 0.8056872037914692, "test_wordlevel-ORG_f1": 0.8028335301062574, "test_runtime": 5.1775, "test_samples_per_second": 169.772, "test_steps_per_second": 2.704, "epoch": 5.0, "run_id": "rep05-step02"}
