{"test_loss": 0.07297071069478989, "test_seqeval-macro_precision": 0.8061828523295966, "test_seqeval-macro_recall": 0.8758870518312017, "test_seqeval-macro_f1": 0.839324993292896, "test_seqeval-micro_precision": 0.8111814345991561, "test_seqeval-micro_recall": 0.8859447004608295, "test_seqeval-micro_f1": 0.8469162995594713, "test_seqeval-SG_precision": 0.8426966292134831, "test_seqeval-SG_recall": 0.9036144578313253, "test_seqeval-SG_f1": 0.8720930232558138, "test_seqeval-ORG_precision": 0.7523809523809524, "test_seqeval-ORG_recall": 0.8449197860962567, "test_seqeval-ORG_f1": 0.7959697732997482, "test_seqeval-ISG_precision": 0.75, "test_seqeval-ISG_recall": 0.8, "test_seqeval-ISG_f1": 0.7741935483870969, "test_seqeval-PI_precision": 0.7822222222222223, "test_seqeval-PI_recall": 0.8934010152284264, "test_seqeval-PI_f1": 0.8341232227488151, "test_seqeval-PG_precision": 0.9036144578313253, "test_seqeval-PG_recall": 0.9375, "test_seqeval-PG_f1": 0.920245398773006, "test_spanlevel-macro_precision_spanwise": 0.8448643948506763, "test_spanlevel-macro_recall_spanwise": 0.8527779892538085, "test_spanlevel-macro_f1_spanwise": 0.8450846201498917, "test_spanlevel-macro_precision_seqavg": 0.8556227228803281, "test_spanlevel-macro_recall_seqavg": 0.8595975113658006, "test_spanlevel-macro_f1_seqavg": 0.8541103380371933, "test_spanlevel-micro_precision_spanwise": 0.8974400041989617, "test_spanlevel-micro_recall_spanwise": 0.9042290439684576, "test_spanlevel-micro_f1_spanwise": 0.8969610412367646, "test_spanlevel-micro_precision_seqavg": 0.9000008816925779, "test_spanlevel-micro_recall_seqavg": 0.9083615899870318, "test_spanlevel-micro_f1_seqavg": 0.9003543764391302, "test_spanlevel-SG_precision_spanwise": 0.888620555474488, "test_spanlevel-SG_recall_spanwise": 0.9014016570196346, "test_spanlevel-SG_f1_spanwise": 0.8909421855224896, "test_spanlevel-SG_precision_seqavg": 0.8986685791650101, "test_spanlevel-SG_recall_seqavg": 0.9038144749443868, "test_spanlevel-SG_f1_seqavg": 0.8983855427666865, "test_spanlevel-ORG_precision_spanwise": 0.8293766937669376, "test_spanlevel-ORG_recall_spanwise": 0.8392140921409215, "test_spanlevel-ORG_f1_spanwise": 0.8292156759229931, "test_spanlevel-ORG_precision_seqavg": 0.8669927841983269, "test_spanlevel-ORG_recall_seqavg": 0.8783769352675936, "test_spanlevel-ORG_f1_seqavg": 0.8695058238255209, "test_spanlevel-ISG_precision_spanwise": 0.7137254901960784, "test_spanlevel-ISG_recall_spanwise": 0.7254901960784315, "test_spanlevel-ISG_f1_spanwise": 0.7176470588235294, "test_spanlevel-ISG_precision_seqavg": 0.7276536976283137, "test_spanlevel-ISG_recall_seqavg": 0.7370583167150532, "test_spanlevel-ISG_f1_seqavg": 0.7307885706572268, "test_spanlevel-PI_precision_spanwise": 0.8411764705882353, "test_spanlevel-PI_recall_spanwise": 0.8338612368024133, "test_spanlevel-PI_f1_spanwise": 0.8341628959276017, "test_spanlevel-PI_precision_seqavg": 0.8397338126198081, "test_spanlevel-PI_recall_seqavg": 0.8391108729183164, "test_spanlevel-PI_f1_seqavg": 0.8380955093678389, "test_spanlevel-PG_precision_spanwise": 0.9514227642276423, "test_spanlevel-PG_recall_spanwise": 0.9639227642276421, "test_spanlevel-PG_f1_spanwise": 0.9534552845528456, "test_spanlevel-PG_precision_seqavg": 0.9450647407901818, "test_spanlevel-PG_recall_seqavg": 0.9396269569836531, "test_spanlevel-PG_f1_seqavg": 0.9337762435686927, "test_spanlevel-macro_precision_relaxed": 0.8930932674482499, "test_spanlevel-macro_recall_relaxed": 0.9562063764162306, "test_spanlevel-macro_f1_relaxed": 0.9444610298654073, "test_spanlevel-micro_precision_relaxed": 0.8908888388203338, "test_spanlevel-micro_recall_relaxed": 0.9559140676841409, "test_spanlevel-micro_f1_relaxed": 0.9428139450543851, "test_spanlevel-SG_precision_relaxed": 0.9076140981938083, "test_spanlevel-SG_recall_relaxed": 0.9756287878787879, "test_spanlevel-SG_f1_relaxed": 0.9628111528946955, "test_spanlevel-ORG_precision_relaxed": 0.8580465949820787, "test_spanlevel-ORG_recall_relaxed": 0.9282222222222223, "test_spanlevel-ORG_f1_relaxed": 0.9431245233333405, "test_spanlevel-ISG_precision_relaxed": 0.8032407407407407, "test_spanlevel-ISG_recall_relaxed": 0.8541666666666666, "test_spanlevel-ISG_f1_relaxed": 0.9489247311827956, "test_spanlevel-PI_precision_relaxed": 0.8759633911368014, "test_spanlevel-PI_recall_relaxed": 0.9556927297668036, "test_spanlevel-PI_f1_relaxed": 0.961863112394131, "test_spanlevel-PG_precision_relaxed": 0.9556935817805383, "test_spanlevel-PG_recall_relaxed": 0.9894514767932489, "test_spanlevel-PG_f1_relaxed": 0.9825902335456475, "test_doclevel-micro_precision": 0.9679715302491103, "test_doclevel-micro_recall": 0.9927007299270073, "test_doclevel-micro_f1": 0.9801801801801802, "test_doclevel-SG_precision": 0.9516908212560387, "test_doclevel-SG_recall": 0.985, "test_doclevel-SG_f1": 0.968058968058968, "test_doclevel-ORG_precision": 0.9161290322580645, "test_doclevel-ORG_recall": 0.9466666666666667, "test_doclevel-ORG_f1": 0.9311475409836065, "test_doclevel-ISG_precision": 0.875, "test_doclevel-ISG_recall": 0.875, "test_doclevel-ISG_f1": 0.875, "test_doclevel-PI_precision": 0.9132947976878613, "test_doclevel-PI_recall": 0.9753086419753086, "test_doclevel-PI_f1": 0.9432835820895523, "test_doclevel-PG_precision": 0.9751552795031055, "test_doclevel-PG_recall": 0.9936708860759493, "test_doclevel-PG_f1": 0.9843260188087773, "test_wordlevel-macro_precision": 0.903637893894841, "test_wordlevel-macro_recall": 0.9398370407664856, "test_wordlevel-macro_f1": 0.9211850156321685, "test_wordlevel-O_precision": 0.9945174667885007, "test_wordlevel-O_recall": 0.986543020499233, "test_wordlevel-O_f1": 0.990514193706465, "test_wordlevel-SG_precision": 0.9233333333333333, "test_wordlevel-SG_recall": 0.9573732718894009, "test_wordlevel-SG_f1": 0.9400452488687783, "test_wordlevel-ORG_precision": 0.860236220472441, "test_wordlevel-ORG_recall": 0.9297872340425531, "test_wordlevel-ORG_f1": 0.8936605316973415, "test_wordlevel-ISG_precision": 0.8267716535433071, "test_wordlevel-ISG_recall": 0.84, "test_wordlevel-ISG_f1": 0.8333333333333333, "test_wordlevel-PI_precision": 0.88996138996139, "test_wordlevel-PI_recall": 0.9369918699186992, "test_wordlevel-PI_f1": 0.9128712871287129, "test_wordlevel-PG_precision": 0.927007299270073, "test_wordlevel-PG_recall": 0.9883268482490273, "test_wordlevel-PG_f1": 0.9566854990583804, "test_runtime": 7.4525, "test_samples_per_second": 108.554, "test_steps_per_second": 1.744, "epoch": 4.0}