{"test_loss": 0.2063412368297577, "test_seqeval-macro_precision": 0.752526456942333, "test_seqeval-macro_recall": 0.7944175016065104, "test_seqeval-macro_f1": 0.7725259067175927, "test_seqeval-micro_precision": 0.7537912578055308, "test_seqeval-micro_recall": 0.7926829268292683, "test_seqeval-micro_f1": 0.7727480566986741, "test_seqeval-PI_precision": 0.7212389380530974, "test_seqeval-PI_recall": 0.815, "test_seqeval-PI_f1": 0.7652582159624413, "test_seqeval-ISG_precision": 0.6511627906976745, "test_seqeval-ISG_recall": 0.6829268292682927, "test_seqeval-ISG_f1": 0.6666666666666667, "test_seqeval-PG_precision": 0.9090909090909091, "test_seqeval-PG_recall": 0.9316770186335404, "test_seqeval-PG_f1": 0.9202453987730062, "test_seqeval-SG_precision": 0.7668539325842697, "test_seqeval-SG_recall": 0.7647058823529411, "test_seqeval-SG_f1": 0.7657784011220197, "test_seqeval-ORG_precision": 0.7142857142857143, "test_seqeval-ORG_recall": 0.7777777777777778, "test_seqeval-ORG_f1": 0.7446808510638298, "test_spanlevel-macro_precision_spanwise": 0.7686754017372572, "test_spanlevel-macro_recall_spanwise": 0.7658621753932899, "test_spanlevel-macro_f1_spanwise": 0.7612276806184105, "test_spanlevel-macro_precision_seqavg": 0.7849283076175109, "test_spanlevel-macro_recall_seqavg": 0.785225045792966, "test_spanlevel-macro_f1_seqavg": 0.7795394220248455, "test_spanlevel-micro_precision_spanwise": 0.8494276211912916, "test_spanlevel-micro_recall_spanwise": 0.8475971040891815, "test_spanlevel-micro_f1_spanwise": 0.8408589386245582, "test_spanlevel-micro_precision_seqavg": 0.8355385127919405, "test_spanlevel-micro_recall_seqavg": 0.8325566893424036, "test_spanlevel-micro_f1_seqavg": 0.8259735274949469, "test_spanlevel-PI_precision_spanwise": 0.7704415954415954, "test_spanlevel-PI_recall_spanwise": 0.7439051689051689, "test_spanlevel-PI_f1_spanwise": 0.7509227951535643, "test_spanlevel-PI_precision_seqavg": 0.7623416642809778, "test_spanlevel-PI_recall_seqavg": 0.753090860606433, "test_spanlevel-PI_f1_seqavg": 0.7518633257589746, "test_spanlevel-ISG_precision_spanwise": 0.55, "test_spanlevel-ISG_recall_spanwise": 0.565625, "test_spanlevel-ISG_f1_spanwise": 0.5541666666666667, "test_spanlevel-ISG_precision_seqavg": 0.590657609156915, "test_spanlevel-ISG_recall_seqavg": 0.6154602802225162, "test_spanlevel-ISG_f1_seqavg": 0.5987761782343135, "test_spanlevel-PG_precision_spanwise": 0.9407630522088353, "test_spanlevel-PG_recall_spanwise": 0.9548192771084337, "test_spanlevel-PG_f1_spanwise": 0.9449799196787149, "test_spanlevel-PG_precision_seqavg": 0.9523212937885426, "test_spanlevel-PG_recall_seqavg": 0.962617229937585, "test_spanlevel-PG_f1_seqavg": 0.9561507470033175, "test_spanlevel-SG_precision_spanwise": 0.8023058666344776, "test_spanlevel-SG_recall_spanwise": 0.8031274208630229, "test_spanlevel-SG_f1_spanwise": 0.7916963916390811, "test_spanlevel-SG_precision_seqavg": 0.8172111974378661, "test_spanlevel-SG_recall_seqavg": 0.8163567445116426, "test_spanlevel-SG_f1_seqavg": 0.8069698219887455, "test_spanlevel-ORG_precision_spanwise": 0.7798664944013782, "test_spanlevel-ORG_recall_spanwise": 0.7618340100898241, "test_spanlevel-ORG_f1_spanwise": 0.7643726299540253, "test_spanlevel-ORG_precision_seqavg": 0.8021097734232528, "test_spanlevel-ORG_recall_seqavg": 0.7786001136866527, "test_spanlevel-ORG_f1_seqavg": 0.7839370371388762, "test_spanlevel-macro_precision_relaxed": 0.8470998440913227, "test_spanlevel-macro_recall_relaxed": 0.8770364930483978, "test_spanlevel-macro_f1_relaxed": 0.9076162789794799, "test_spanlevel-micro_precision_relaxed": 0.8478102975354211, "test_spanlevel-micro_recall_relaxed": 0.8770695618314663, "test_spanlevel-micro_f1_relaxed": 0.9083003389627226, "test_spanlevel-PI_precision_relaxed": 0.8145833333333333, "test_spanlevel-PI_recall_relaxed": 0.8854513291260279, "test_spanlevel-PI_f1_relaxed": 0.9427728364825139, "test_spanlevel-ISG_precision_relaxed": 0.6786723163841809, "test_spanlevel-ISG_recall_relaxed": 0.740909090909091, "test_spanlevel-ISG_f1_relaxed": 0.9650550252959891, "test_spanlevel-PG_precision_relaxed": 0.9535864978902955, "test_spanlevel-PG_recall_relaxed": 0.9887096774193549, "test_spanlevel-PG_f1_relaxed": 0.9830550401978974, "test_spanlevel-SG_precision_relaxed": 0.8720199190787427, "test_spanlevel-SG_recall_relaxed": 0.8557194470115819, "test_spanlevel-SG_f1_relaxed": 0.9347767965238862, "test_spanlevel-ORG_precision_relaxed": 0.8217151162790698, "test_spanlevel-ORG_recall_relaxed": 0.8892806591851178, "test_spanlevel-ORG_f1_relaxed": 0.9359667041781866, "test_doclevel-micro_precision": 0.9454828660436138, "test_doclevel-micro_recall": 0.9634920634920635, "test_doclevel-micro_f1": 0.9544025157232704, "test_doclevel-PI_precision": 0.842391304347826, "test_doclevel-PI_recall": 0.9337349397590361, "test_doclevel-PI_f1": 0.8857142857142856, "test_doclevel-ISG_precision": 0.711864406779661, "test_doclevel-ISG_recall": 0.7636363636363637, "test_doclevel-ISG_f1": 0.736842105263158, "test_doclevel-PG_precision": 0.9746835443037974, "test_doclevel-PG_recall": 0.9935483870967742, "test_doclevel-PG_f1": 0.9840255591054313, "test_doclevel-SG_precision": 0.9204545454545454, "test_doclevel-SG_recall": 0.9101123595505618, "test_doclevel-SG_f1": 0.9152542372881356, "test_doclevel-ORG_precision": 0.8604651162790697, "test_doclevel-ORG_recall": 0.9426751592356688, "test_doclevel-ORG_f1": 0.8996960486322189, "test_wordlevel-macro_precision": 0.8580775598253502, "test_wordlevel-macro_recall": 0.8682105427416561, "test_wordlevel-macro_f1": 0.8628388096523073, "test_wordlevel-O_precision": 0.9822425466207388, "test_wordlevel-O_recall": 0.9837615988579586, "test_wordlevel-O_f1": 0.983001485884101, "test_wordlevel-PI_precision": 0.841541755888651, "test_wordlevel-PI_recall": 0.8675496688741722, "test_wordlevel-PI_f1": 0.8543478260869567, "test_wordlevel-ISG_precision": 0.6612021857923497, "test_wordlevel-ISG_recall": 0.6954022988505747, "test_wordlevel-ISG_f1": 0.6778711484593838, "test_wordlevel-PG_precision": 0.9506578947368421, "test_wordlevel-PG_recall": 0.9829931972789115, "test_wordlevel-PG_f1": 0.9665551839464883, "test_wordlevel-SG_precision": 0.8702851885924563, "test_wordlevel-SG_recall": 0.8176318063958513, "test_wordlevel-SG_f1": 0.8431372549019607, "test_wordlevel-ORG_precision": 0.8425357873210634, "test_wordlevel-ORG_recall": 0.8619246861924686, "test_wordlevel-ORG_f1": 0.8521199586349535, "test_runtime": 5.3574, "test_samples_per_second": 167.244, "test_steps_per_second": 2.613, "epoch": 7.0, "run_id": "rep04-step02"}
