{"test_loss": 0.32454800605773926, "test_seqeval-macro_precision": 0.6555923566465038, "test_seqeval-macro_recall": 0.7358649011164415, "test_seqeval-macro_f1": 0.6923420149128138, "test_seqeval-micro_precision": 0.6476595744680851, "test_seqeval-micro_recall": 0.7352657004830918, "test_seqeval-micro_f1": 0.6886877828054299, "test_seqeval-SG_precision": 0.6666666666666666, "test_seqeval-SG_recall": 0.7450980392156863, "test_seqeval-SG_f1": 0.7037037037037038, "test_seqeval-ORG_precision": 0.6133333333333333, "test_seqeval-ORG_recall": 0.6934673366834171, "test_seqeval-ORG_f1": 0.6509433962264151, "test_seqeval-ISG_precision": 0.4716981132075472, "test_seqeval-ISG_recall": 0.6147540983606558, "test_seqeval-ISG_f1": 0.5338078291814947, "test_seqeval-PI_precision": 0.679324894514768, "test_seqeval-PI_recall": 0.7703349282296651, "test_seqeval-PI_f1": 0.7219730941704036, "test_seqeval-PG_precision": 0.8469387755102041, "test_seqeval-PG_recall": 0.8556701030927835, "test_seqeval-PG_f1": 0.8512820512820514, "test_spanlevel-macro_precision_spanwise": 0.7078507112360751, "test_spanlevel-macro_recall_spanwise": 0.6953752288987711, "test_spanlevel-macro_f1_spanwise": 0.6944795401212938, "test_spanlevel-macro_precision_seqavg": 0.6940589996031787, "test_spanlevel-macro_recall_seqavg": 0.6896358842349137, "test_spanlevel-macro_f1_seqavg": 0.6869517764781266, "test_spanlevel-micro_precision_spanwise": 0.805939254253861, "test_spanlevel-micro_recall_spanwise": 0.7951515261647406, "test_spanlevel-micro_f1_spanwise": 0.7886982669316613, "test_spanlevel-micro_precision_seqavg": 0.8049354717963739, "test_spanlevel-micro_recall_seqavg": 0.79465787707817, "test_spanlevel-micro_f1_seqavg": 0.787114434718255, "test_spanlevel-SG_precision_spanwise": 0.7691816339688681, "test_spanlevel-SG_recall_spanwise": 0.7604016721912734, "test_spanlevel-SG_f1_spanwise": 0.7514031051362227, "test_spanlevel-SG_precision_seqavg": 0.7632817379110849, "test_spanlevel-SG_recall_seqavg": 0.7576086959752064, "test_spanlevel-SG_f1_seqavg": 0.7505783342323755, "test_spanlevel-ORG_precision_spanwise": 0.6658128415300547, "test_spanlevel-ORG_recall_spanwise": 0.6586407103825137, "test_spanlevel-ORG_f1_spanwise": 0.6554010538641686, "test_spanlevel-ORG_precision_seqavg": 0.7068926937825866, "test_spanlevel-ORG_recall_seqavg": 0.7101630479866251, "test_spanlevel-ORG_f1_seqavg": 0.7019677706278047, "test_spanlevel-ISG_precision_spanwise": 0.46539162112932597, "test_spanlevel-ISG_recall_spanwise": 0.4517304189435337, "test_spanlevel-ISG_f1_spanwise": 0.45428051001821496, "test_spanlevel-ISG_precision_seqavg": 0.44549375087500415, "test_spanlevel-ISG_recall_seqavg": 0.43816444072619, "test_spanlevel-ISG_f1_seqavg": 0.43953907680458854, "test_spanlevel-PI_precision_spanwise": 0.7434426229508195, "test_spanlevel-PI_recall_spanwise": 0.7384562841530055, "test_spanlevel-PI_f1_spanwise": 0.7344067135050741, "test_spanlevel-PI_precision_seqavg": 0.6894190241001703, "test_spanlevel-PI_recall_seqavg": 0.6860289023619526, "test_spanlevel-PI_f1_seqavg": 0.6832871568370249, "test_spanlevel-PG_precision_spanwise": 0.8954248366013072, "test_spanlevel-PG_recall_spanwise": 0.8676470588235294, "test_spanlevel-PG_f1_spanwise": 0.8769063180827886, "test_spanlevel-PG_precision_seqavg": 0.8652077913470483, "test_spanlevel-PG_recall_seqavg": 0.856214334124594, "test_spanlevel-PG_f1_seqavg": 0.8593865438888392, "test_spanlevel-macro_precision_relaxed": 0.790986091874809, "test_spanlevel-macro_recall_relaxed": 0.8493746740963533, "test_spanlevel-macro_f1_relaxed": 0.8770400187223283, "test_spanlevel-micro_precision_relaxed": 0.7900099749983829, "test_spanlevel-micro_recall_relaxed": 0.8483722010350566, "test_spanlevel-micro_f1_relaxed": 0.875456623510509, "test_spanlevel-SG_precision_relaxed": 0.8035045116063634, "test_spanlevel-SG_recall_relaxed": 0.8735609540596753, "test_spanlevel-SG_f1_relaxed": 0.9067975419022504, "test_spanlevel-ORG_precision_relaxed": 0.7908571428571427, "test_spanlevel-ORG_recall_relaxed": 0.8372023809523809, "test_spanlevel-ORG_f1_relaxed": 0.9071082251082252, "test_spanlevel-ISG_precision_relaxed": 0.6106965174129354, "test_spanlevel-ISG_recall_relaxed": 0.7068965517241379, "test_spanlevel-ISG_f1_relaxed": 0.924904214559387, "test_spanlevel-PI_precision_relaxed": 0.793804537521815, "test_spanlevel-PI_recall_relaxed": 0.881888246628131, "test_spanlevel-PI_f1_relaxed": 0.9287300691027398, "test_spanlevel-PG_precision_relaxed": 0.9388297872340425, "test_spanlevel-PG_recall_relaxed": 0.9184397163120567, "test_spanlevel-PG_f1_relaxed": 0.9750668806848583, "test_doclevel-micro_precision": 0.9443585780525502, "test_doclevel-micro_recall": 0.9713831478537361, "test_doclevel-micro_f1": 0.957680250783699, "test_doclevel-SG_precision": 0.8703703703703703, "test_doclevel-SG_recall": 0.9306930693069307, "test_doclevel-SG_f1": 0.8995215311004785, "test_doclevel-ORG_precision": 0.8571428571428571, "test_doclevel-ORG_recall": 0.8928571428571429, "test_doclevel-ORG_f1": 0.8746355685131195, "test_doclevel-ISG_precision": 0.664179104477612, "test_doclevel-ISG_recall": 0.7672413793103449, "test_doclevel-ISG_f1": 0.7120000000000001, "test_doclevel-PI_precision": 0.8586387434554974, "test_doclevel-PI_recall": 0.9479768786127167, "test_doclevel-PI_f1": 0.9010989010989011, "test_doclevel-PG_precision": 0.9468085106382979, "test_doclevel-PG_recall": 0.9468085106382979, "test_doclevel-PG_f1": 0.9468085106382979, "test_wordlevel-macro_precision": 0.8164310202845204, "test_wordlevel-macro_recall": 0.8273377377377216, "test_wordlevel-macro_f1": 0.8212136499875019, "test_wordlevel-O_precision": 0.9727096696115213, "test_wordlevel-O_recall": 0.9746559146304493, "test_wordlevel-O_f1": 0.9736818195584361, "test_wordlevel-SG_precision": 0.8071713147410359, "test_wordlevel-SG_recall": 0.7470501474926253, "test_wordlevel-SG_f1": 0.7759479126771353, "test_wordlevel-ORG_precision": 0.756043956043956, "test_wordlevel-ORG_recall": 0.8151658767772512, "test_wordlevel-ORG_f1": 0.7844925883694412, "test_wordlevel-ISG_precision": 0.6048780487804878, "test_wordlevel-ISG_recall": 0.656084656084656, "test_wordlevel-ISG_f1": 0.6294416243654822, "test_wordlevel-PI_precision": 0.812, "test_wordlevel-PI_recall": 0.8529411764705882, "test_wordlevel-PI_f1": 0.8319672131147541, "test_wordlevel-PG_precision": 0.9457831325301205, "test_wordlevel-PG_recall": 0.9181286549707602, "test_wordlevel-PG_f1": 0.9317507418397626, "test_runtime": 9.1128, "test_samples_per_second": 96.457, "test_steps_per_second": 1.536, "epoch": 7.0}