{"test_loss": 0.15438127517700195, "test_seqeval-macro_precision": 0.7409587766712987, "test_seqeval-macro_recall": 0.7729504897407427, "test_seqeval-macro_f1": 0.7533824728207372, "test_seqeval-micro_precision": 0.7247542448614834, "test_seqeval-micro_recall": 0.7835748792270532, "test_seqeval-micro_f1": 0.7530176415970287, "test_seqeval-ISG_precision": 0.7373737373737373, "test_seqeval-ISG_recall": 0.5983606557377049, "test_seqeval-ISG_f1": 0.6606334841628959, "test_seqeval-SG_precision": 0.7415730337078652, "test_seqeval-SG_recall": 0.8088235294117647, "test_seqeval-SG_f1": 0.7737397420867528, "test_seqeval-PG_precision": 0.8762886597938144, "test_seqeval-PG_recall": 0.8762886597938144, "test_seqeval-PG_f1": 0.8762886597938144, "test_seqeval-PI_precision": 0.7073170731707317, "test_seqeval-PI_recall": 0.8325358851674641, "test_seqeval-PI_f1": 0.7648351648351649, "test_seqeval-ORG_precision": 0.6422413793103449, "test_seqeval-ORG_recall": 0.7487437185929648, "test_seqeval-ORG_f1": 0.6914153132250581, "test_spanlevel-macro_precision_spanwise": 0.7734473211029662, "test_spanlevel-macro_recall_spanwise": 0.7577016732845456, "test_spanlevel-macro_f1_spanwise": 0.7578907028144056, "test_spanlevel-macro_precision_seqavg": 0.7819226807272873, "test_spanlevel-macro_recall_seqavg": 0.7695920655662347, "test_spanlevel-macro_f1_seqavg": 0.7699775259269668, "test_spanlevel-micro_precision_spanwise": 0.8456768947334985, "test_spanlevel-micro_recall_spanwise": 0.8316099501330197, "test_spanlevel-micro_f1_spanwise": 0.827559274500181, "test_spanlevel-micro_precision_seqavg": 0.8461097415958527, "test_spanlevel-micro_recall_seqavg": 0.8317853775370115, "test_spanlevel-micro_f1_seqavg": 0.8273638902058164, "test_spanlevel-ISG_precision_spanwise": 0.6058394160583942, "test_spanlevel-ISG_recall_spanwise": 0.5778588807785887, "test_spanlevel-ISG_f1_spanwise": 0.583941605839416, "test_spanlevel-ISG_precision_seqavg": 0.6345636290247074, "test_spanlevel-ISG_recall_seqavg": 0.6027538241793179, "test_spanlevel-ISG_f1_seqavg": 0.6114216721476586, "test_spanlevel-SG_precision_spanwise": 0.8350597699590987, "test_spanlevel-SG_recall_spanwise": 0.8231055918340285, "test_spanlevel-SG_f1_spanwise": 0.8163637622173296, "test_spanlevel-SG_precision_seqavg": 0.8427572610524628, "test_spanlevel-SG_recall_seqavg": 0.831057405999011, "test_spanlevel-SG_f1_seqavg": 0.8284993467831404, "test_spanlevel-PG_precision_spanwise": 0.93, "test_spanlevel-PG_recall_spanwise": 0.8983333333333334, "test_spanlevel-PG_f1_spanwise": 0.9089999999999999, "test_spanlevel-PG_precision_seqavg": 0.9293091918225179, "test_spanlevel-PG_recall_seqavg": 0.9209088486413626, "test_spanlevel-PG_f1_seqavg": 0.923796918953039, "test_spanlevel-PI_precision_spanwise": 0.788957475994513, "test_spanlevel-PI_recall_spanwise": 0.7826074531321445, "test_spanlevel-PI_f1_spanwise": 0.7788315600588658, "test_spanlevel-PI_precision_seqavg": 0.7616341597661785, "test_spanlevel-PI_recall_seqavg": 0.7544769787251371, "test_spanlevel-PI_f1_seqavg": 0.7524611079735363, "test_spanlevel-ORG_precision_spanwise": 0.7073799435028248, "test_spanlevel-ORG_recall_spanwise": 0.7066031073446328, "test_spanlevel-ORG_f1_spanwise": 0.7013165859564165, "test_spanlevel-ORG_precision_seqavg": 0.7413491619705701, "test_spanlevel-ORG_recall_seqavg": 0.7387632702863447, "test_spanlevel-ORG_f1_seqavg": 0.7337085837774595, "test_spanlevel-macro_precision_relaxed": 0.8573808658008658, "test_spanlevel-macro_recall_relaxed": 0.8680946635080076, "test_spanlevel-macro_f1_relaxed": 0.8969099169966722, "test_spanlevel-micro_precision_relaxed": 0.8561481673881673, "test_spanlevel-micro_recall_relaxed": 0.8675536813493784, "test_spanlevel-micro_f1_relaxed": 0.8955077978608342, "test_spanlevel-ISG_precision_relaxed": 0.8463541666666666, "test_spanlevel-ISG_recall_relaxed": 0.6522988505747126, "test_spanlevel-ISG_f1_relaxed": 0.9413472706155634, "test_spanlevel-SG_precision_relaxed": 0.8714673143933596, "test_spanlevel-SG_recall_relaxed": 0.8988015467276566, "test_spanlevel-SG_f1_relaxed": 0.9259561001013847, "test_spanlevel-PG_precision_relaxed": 0.967741935483871, "test_spanlevel-PG_recall_relaxed": 0.9290780141843971, "test_spanlevel-PG_f1_relaxed": 0.9808994708994709, "test_spanlevel-PI_precision_relaxed": 0.8052735476593343, "test_spanlevel-PI_recall_relaxed": 0.9270231213872833, "test_spanlevel-PI_f1_relaxed": 0.9356624667410823, "test_spanlevel-ORG_precision_relaxed": 0.8004335260115607, "test_spanlevel-ORG_recall_relaxed": 0.861111111111111, "test_spanlevel-ORG_f1_relaxed": 0.9175469889549936, "test_doclevel-micro_precision": 0.9696, "test_doclevel-micro_recall": 0.9634340222575517, "test_doclevel-micro_f1": 0.9665071770334929, "test_doclevel-ISG_precision": 0.8541666666666666, "test_doclevel-ISG_recall": 0.7068965517241379, "test_doclevel-ISG_f1": 0.7735849056603773, "test_doclevel-SG_precision": 0.9228295819935691, "test_doclevel-SG_recall": 0.9471947194719472, "test_doclevel-SG_f1": 0.9348534201954397, "test_doclevel-PG_precision": 0.967741935483871, "test_doclevel-PG_recall": 0.9574468085106383, "test_doclevel-PG_f1": 0.9625668449197862, "test_doclevel-PI_precision": 0.8527918781725888, "test_doclevel-PI_recall": 0.9710982658959537, "test_doclevel-PI_f1": 0.908108108108108, "test_doclevel-ORG_precision": 0.8728323699421965, "test_doclevel-ORG_recall": 0.8988095238095238, "test_doclevel-ORG_f1": 0.8856304985337242, "test_wordlevel-macro_precision": 0.8891499922973388, "test_wordlevel-macro_recall": 0.8468135667633357, "test_wordlevel-macro_f1": 0.8644568929354745, "test_wordlevel-O_precision": 0.9770308460104624, "test_wordlevel-O_recall": 0.9852058449038986, "test_wordlevel-O_f1": 0.9811013162661514, "test_wordlevel-ISG_precision": 0.8428571428571429, "test_wordlevel-ISG_recall": 0.6243386243386243, "test_wordlevel-ISG_f1": 0.7173252279635257, "test_wordlevel-SG_precision": 0.8887070376432079, "test_wordlevel-SG_recall": 0.8008849557522124, "test_wordlevel-SG_f1": 0.8425135764158262, "test_wordlevel-PG_precision": 0.9813664596273292, "test_wordlevel-PG_recall": 0.9239766081871345, "test_wordlevel-PG_f1": 0.9518072289156626, "test_wordlevel-PI_precision": 0.8545454545454545, "test_wordlevel-PI_recall": 0.8886554621848739, "test_wordlevel-PI_f1": 0.8712667353244077, "test_wordlevel-ORG_precision": 0.7903930131004366, "test_wordlevel-ORG_recall": 0.8578199052132701, "test_wordlevel-ORG_f1": 0.8227272727272726, "test_runtime": 5.2155, "test_samples_per_second": 168.537, "test_steps_per_second": 2.684, "epoch": 5.0, "run_id": "rep05-step05"}
