{"test_loss": 0.23636697232723236, "test_seqeval-macro_precision": 0.6768671030495395, "test_seqeval-macro_recall": 0.7504167966232091, "test_seqeval-macro_f1": 0.7092395668634806, "test_seqeval-micro_precision": 0.668918918918919, "test_seqeval-micro_recall": 0.7429643527204502, "test_seqeval-micro_f1": 0.7040000000000001, "test_seqeval-PI_precision": 0.5551470588235294, "test_seqeval-PI_recall": 0.755, "test_seqeval-PI_f1": 0.6398305084745763, "test_seqeval-ISG_precision": 0.5866666666666667, "test_seqeval-ISG_recall": 0.7154471544715447, "test_seqeval-ISG_f1": 0.6446886446886446, "test_seqeval-PG_precision": 0.8944099378881988, "test_seqeval-PG_recall": 0.8944099378881988, "test_seqeval-PG_f1": 0.8944099378881988, "test_seqeval-SG_precision": 0.7005347593582888, "test_seqeval-SG_recall": 0.7338935574229691, "test_seqeval-SG_f1": 0.7168262653898769, "test_seqeval-ORG_precision": 0.6475770925110133, "test_seqeval-ORG_recall": 0.6533333333333333, "test_seqeval-ORG_f1": 0.6504424778761063, "test_spanlevel-macro_precision_spanwise": 0.7095288804467911, "test_spanlevel-macro_recall_spanwise": 0.7024501467378345, "test_spanlevel-macro_f1_spanwise": 0.699122795594382, "test_spanlevel-macro_precision_seqavg": 0.7149113022172086, "test_spanlevel-macro_recall_seqavg": 0.712229960905573, "test_spanlevel-macro_f1_seqavg": 0.7074546018701562, "test_spanlevel-micro_precision_spanwise": 0.814118513265271, "test_spanlevel-micro_recall_spanwise": 0.8074377059232007, "test_spanlevel-micro_f1_spanwise": 0.8006065445890953, "test_spanlevel-micro_precision_seqavg": 0.8107048889234517, "test_spanlevel-micro_recall_seqavg": 0.8010382913826027, "test_spanlevel-micro_f1_seqavg": 0.7945846984283352, "test_spanlevel-PI_precision_spanwise": 0.6504956629491946, "test_spanlevel-PI_recall_spanwise": 0.6387413701540094, "test_spanlevel-PI_f1_spanwise": 0.6366651110145534, "test_spanlevel-PI_precision_seqavg": 0.6235483712453382, "test_spanlevel-PI_recall_seqavg": 0.6253879675899384, "test_spanlevel-PI_f1_seqavg": 0.6156845232258249, "test_spanlevel-ISG_precision_spanwise": 0.535645472061657, "test_spanlevel-ISG_recall_spanwise": 0.5414258188824662, "test_spanlevel-ISG_f1_spanwise": 0.535645472061657, "test_spanlevel-ISG_precision_seqavg": 0.5890641538725383, "test_spanlevel-ISG_recall_seqavg": 0.6050134600957534, "test_spanlevel-ISG_f1_seqavg": 0.5937865735366247, "test_spanlevel-PG_precision_spanwise": 0.9026104417670682, "test_spanlevel-PG_recall_spanwise": 0.9156626506024096, "test_spanlevel-PG_f1_spanwise": 0.9056224899598394, "test_spanlevel-PG_precision_seqavg": 0.9121526791474789, "test_spanlevel-PG_recall_seqavg": 0.9208013945005903, "test_spanlevel-PG_f1_seqavg": 0.9153568509045175, "test_spanlevel-SG_precision_spanwise": 0.764297648884115, "test_spanlevel-SG_recall_spanwise": 0.7443063376334054, "test_spanlevel-SG_f1_spanwise": 0.7425892351930273, "test_spanlevel-SG_precision_seqavg": 0.7785441016204855, "test_spanlevel-SG_recall_seqavg": 0.7521590752388576, "test_spanlevel-SG_f1_seqavg": 0.7540982019071701, "test_spanlevel-ORG_precision_spanwise": 0.6945951765719208, "test_spanlevel-ORG_recall_spanwise": 0.672114556416882, "test_spanlevel-ORG_f1_spanwise": 0.6750916697428325, "test_spanlevel-ORG_precision_seqavg": 0.6712472052002018, "test_spanlevel-ORG_recall_seqavg": 0.6577879071027252, "test_spanlevel-ORG_f1_seqavg": 0.6583468597766441, "test_spanlevel-macro_precision_relaxed": 0.7976606371928459, "test_spanlevel-macro_recall_relaxed": 0.8517069504569504, "test_spanlevel-macro_f1_relaxed": 0.8716527926419692, "test_spanlevel-micro_precision_relaxed": 0.7979489239458565, "test_spanlevel-micro_recall_relaxed": 0.8514842873176209, "test_spanlevel-micro_f1_relaxed": 0.8714694668507732, "test_spanlevel-PI_precision_relaxed": 0.6845971563981044, "test_spanlevel-PI_recall_relaxed": 0.8979704532415376, "test_spanlevel-PI_f1_relaxed": 0.8970968174695537, "test_spanlevel-ISG_precision_relaxed": 0.6393129770992366, "test_spanlevel-ISG_recall_relaxed": 0.7727272727272727, "test_spanlevel-ISG_f1_relaxed": 0.9444805194805195, "test_spanlevel-PG_precision_relaxed": 0.9420995670995672, "test_spanlevel-PG_recall_relaxed": 0.9532258064516129, "test_spanlevel-PG_f1_relaxed": 0.9779482262703739, "test_spanlevel-SG_precision_relaxed": 0.8473018879268879, "test_spanlevel-SG_recall_relaxed": 0.8245943922910215, "test_spanlevel-SG_f1_relaxed": 0.9110799726510926, "test_spanlevel-ORG_precision_relaxed": 0.7910060975609756, "test_spanlevel-ORG_recall_relaxed": 0.7949044585987262, "test_spanlevel-ORG_f1_relaxed": 0.901221490919847, "test_doclevel-micro_precision": 0.941717791411043, "test_doclevel-micro_recall": 0.9746031746031746, "test_doclevel-micro_f1": 0.9578783151326052, "test_doclevel-PI_precision": 0.7535545023696683, "test_doclevel-PI_recall": 0.9578313253012049, "test_doclevel-PI_f1": 0.843501326259947, "test_doclevel-ISG_precision": 0.6793893129770993, "test_doclevel-ISG_recall": 0.8090909090909091, "test_doclevel-ISG_f1": 0.7385892116182573, "test_doclevel-PG_precision": 0.9675324675324676, "test_doclevel-PG_recall": 0.9612903225806452, "test_doclevel-PG_f1": 0.964401294498382, "test_doclevel-SG_precision": 0.9053030303030303, "test_doclevel-SG_recall": 0.8951310861423221, "test_doclevel-SG_f1": 0.9001883239171374, "test_doclevel-ORG_precision": 0.8414634146341463, "test_doclevel-ORG_recall": 0.8789808917197452, "test_doclevel-ORG_f1": 0.8598130841121495, "test_wordlevel-macro_precision": 0.8175205483796172, "test_wordlevel-macro_recall": 0.8484295469269015, "test_wordlevel-macro_f1": 0.8303516601008253, "test_wordlevel-O_precision": 0.9795079525823553, "test_wordlevel-O_recall": 0.978051391862955, "test_wordlevel-O_f1": 0.9787791303312599, "test_wordlevel-PI_precision": 0.7150442477876107, "test_wordlevel-PI_recall": 0.891832229580574, "test_wordlevel-PI_f1": 0.793713163064833, "test_wordlevel-ISG_precision": 0.6157635467980296, "test_wordlevel-ISG_recall": 0.7183908045977011, "test_wordlevel-ISG_f1": 0.6631299734748012, "test_wordlevel-PG_precision": 0.9429530201342282, "test_wordlevel-PG_recall": 0.95578231292517, "test_wordlevel-PG_f1": 0.9493243243243243, "test_wordlevel-SG_precision": 0.8540284360189574, "test_wordlevel-SG_recall": 0.7787381158167676, "test_wordlevel-SG_f1": 0.8146473779385174, "test_wordlevel-ORG_precision": 0.7978260869565217, "test_wordlevel-ORG_recall": 0.7677824267782427, "test_wordlevel-ORG_f1": 0.7825159914712153, "test_runtime": 5.6473, "test_samples_per_second": 158.661, "test_steps_per_second": 2.479, "epoch": 8.0, "run_id": "rep04-step01"}
