{"test_loss": 0.23891527950763702, "test_seqeval-macro_precision": 0.7071028973351473, "test_seqeval-macro_recall": 0.7709940766633561, "test_seqeval-macro_f1": 0.7358978957690859, "test_seqeval-micro_precision": 0.6943231441048034, "test_seqeval-micro_recall": 0.7681159420289855, "test_seqeval-micro_f1": 0.7293577981651377, "test_seqeval-PI_precision": 0.7321428571428571, "test_seqeval-PI_recall": 0.784688995215311, "test_seqeval-PI_f1": 0.7575057736720554, "test_seqeval-ISG_precision": 0.6666666666666666, "test_seqeval-ISG_recall": 0.6885245901639344, "test_seqeval-ISG_f1": 0.6774193548387096, "test_seqeval-PG_precision": 0.8484848484848485, "test_seqeval-PG_recall": 0.865979381443299, "test_seqeval-PG_f1": 0.8571428571428571, "test_seqeval-SG_precision": 0.735981308411215, "test_seqeval-SG_recall": 0.7720588235294118, "test_seqeval-SG_f1": 0.7535885167464115, "test_seqeval-ORG_precision": 0.5522388059701493, "test_seqeval-ORG_recall": 0.7437185929648241, "test_seqeval-ORG_f1": 0.6338329764453962, "test_spanlevel-macro_precision_spanwise": 0.7350162813184068, "test_spanlevel-macro_recall_spanwise": 0.727337059566312, "test_spanlevel-macro_f1_spanwise": 0.7244252710519464, "test_spanlevel-macro_precision_seqavg": 0.7421260848454935, "test_spanlevel-macro_recall_seqavg": 0.7332652801108656, "test_spanlevel-macro_f1_seqavg": 0.731779289765797, "test_spanlevel-micro_precision_spanwise": 0.8275646678424455, "test_spanlevel-micro_recall_spanwise": 0.822586613649923, "test_spanlevel-micro_f1_spanwise": 0.8154790980944968, "test_spanlevel-micro_precision_seqavg": 0.8273830504004219, "test_spanlevel-micro_recall_seqavg": 0.8244744526116462, "test_spanlevel-micro_f1_seqavg": 0.8166115764902268, "test_spanlevel-PI_precision_spanwise": 0.7626230661040788, "test_spanlevel-PI_recall_spanwise": 0.7660161744022504, "test_spanlevel-PI_f1_spanwise": 0.7565936641886009, "test_spanlevel-PI_precision_seqavg": 0.7308926975186599, "test_spanlevel-PI_recall_seqavg": 0.7252334673141133, "test_spanlevel-PI_f1_seqavg": 0.7213857253797291, "test_spanlevel-ISG_precision_spanwise": 0.5927152317880795, "test_spanlevel-ISG_recall_spanwise": 0.5860927152317881, "test_spanlevel-ISG_f1_spanwise": 0.5847682119205297, "test_spanlevel-ISG_precision_seqavg": 0.6455737198059601, "test_spanlevel-ISG_recall_seqavg": 0.6246674078894512, "test_spanlevel-ISG_f1_seqavg": 0.6283898925570568, "test_spanlevel-PG_precision_spanwise": 0.8697115384615385, "test_spanlevel-PG_recall_spanwise": 0.8456730769230768, "test_spanlevel-PG_f1_spanwise": 0.8543269230769232, "test_spanlevel-PG_precision_seqavg": 0.827299144973594, "test_spanlevel-PG_recall_seqavg": 0.8218620411329006, "test_spanlevel-PG_f1_seqavg": 0.823808219957608, "test_spanlevel-SG_precision_spanwise": 0.8188867438867439, "test_spanlevel-SG_recall_spanwise": 0.8059772661115372, "test_spanlevel-SG_f1_spanwise": 0.802246260735766, "test_spanlevel-SG_precision_seqavg": 0.8240058447599378, "test_spanlevel-SG_recall_seqavg": 0.807868550934554, "test_spanlevel-SG_f1_seqavg": 0.8082674937891371, "test_spanlevel-ORG_precision_spanwise": 0.6311448263515933, "test_spanlevel-ORG_recall_spanwise": 0.6329260651629073, "test_spanlevel-ORG_f1_spanwise": 0.624191295337912, "test_spanlevel-ORG_precision_seqavg": 0.6828590171693156, "test_spanlevel-ORG_recall_seqavg": 0.6866949332833086, "test_spanlevel-ORG_f1_seqavg": 0.6770451171454542, "test_spanlevel-macro_precision_relaxed": 0.8145209268663673, "test_spanlevel-macro_recall_relaxed": 0.8727956552952791, "test_spanlevel-macro_f1_relaxed": 0.8886898164041351, "test_spanlevel-micro_precision_relaxed": 0.813859755648782, "test_spanlevel-micro_recall_relaxed": 0.8720714016298493, "test_spanlevel-micro_f1_relaxed": 0.887872945970178, "test_spanlevel-PI_precision_relaxed": 0.8226953601953602, "test_spanlevel-PI_recall_relaxed": 0.8823699421965316, "test_spanlevel-PI_f1_relaxed": 0.9289917027417026, "test_spanlevel-ISG_precision_relaxed": 0.75, "test_spanlevel-ISG_recall_relaxed": 0.7564655172413793, "test_spanlevel-ISG_f1_relaxed": 0.9485507246376813, "test_spanlevel-PG_precision_relaxed": 0.9109375000000001, "test_spanlevel-PG_recall_relaxed": 0.925531914893617, "test_spanlevel-PG_f1_relaxed": 0.9720706260032104, "test_spanlevel-SG_precision_relaxed": 0.8716302156041568, "test_spanlevel-SG_recall_relaxed": 0.8701532160677915, "test_spanlevel-SG_f1_relaxed": 0.925772485412367, "test_spanlevel-ORG_precision_relaxed": 0.6944740582800285, "test_spanlevel-ORG_recall_relaxed": 0.8956679894179894, "test_spanlevel-ORG_f1_relaxed": 0.8903345829688037, "test_doclevel-micro_precision": 0.9489953632148377, "test_doclevel-micro_recall": 0.9761526232114467, "test_doclevel-micro_f1": 0.9623824451410657, "test_doclevel-PI_precision": 0.8791208791208791, "test_doclevel-PI_recall": 0.9248554913294798, "test_doclevel-PI_f1": 0.9014084507042254, "test_doclevel-ISG_precision": 0.7983193277310925, "test_doclevel-ISG_recall": 0.8189655172413793, "test_doclevel-ISG_f1": 0.8085106382978725, "test_doclevel-PG_precision": 0.9270833333333334, "test_doclevel-PG_recall": 0.9468085106382979, "test_doclevel-PG_f1": 0.9368421052631578, "test_doclevel-SG_precision": 0.9218241042345277, "test_doclevel-SG_recall": 0.933993399339934, "test_doclevel-SG_f1": 0.9278688524590163, "test_doclevel-ORG_precision": 0.7860696517412935, "test_doclevel-ORG_recall": 0.9404761904761905, "test_doclevel-ORG_f1": 0.8563685636856369, "test_wordlevel-macro_precision": 0.8351454193605724, "test_wordlevel-macro_recall": 0.8579739700672618, "test_wordlevel-macro_f1": 0.8438078684425995, "test_wordlevel-O_precision": 0.9778962029915824, "test_wordlevel-O_recall": 0.9790820348026436, "test_wordlevel-O_f1": 0.9784887596194631, "test_wordlevel-PI_precision": 0.8185404339250493, "test_wordlevel-PI_recall": 0.8718487394957983, "test_wordlevel-PI_f1": 0.844354018311292, "test_wordlevel-ISG_precision": 0.7307692307692307, "test_wordlevel-ISG_recall": 0.7037037037037037, "test_wordlevel-ISG_f1": 0.7169811320754716, "test_wordlevel-PG_precision": 0.9034090909090909, "test_wordlevel-PG_recall": 0.9298245614035088, "test_wordlevel-PG_f1": 0.9164265129682997, "test_wordlevel-SG_precision": 0.888235294117647, "test_wordlevel-SG_recall": 0.7794985250737463, "test_wordlevel-SG_f1": 0.8303220738413196, "test_wordlevel-ORG_precision": 0.6920222634508348, "test_wordlevel-ORG_recall": 0.8838862559241706, "test_wordlevel-ORG_f1": 0.7762747138397502, "test_runtime": 6.3507, "test_samples_per_second": 138.41, "test_steps_per_second": 2.204, "epoch": 7.0, "run_id": "rep05-step02"}
