{"test_loss": 0.1177961528301239, "test_seqeval-macro_precision": 0.8040562099285122, "test_seqeval-macro_recall": 0.8166527810660797, "test_seqeval-macro_f1": 0.8094485269166268, "test_seqeval-micro_precision": 0.7983034872761545, "test_seqeval-micro_recall": 0.8183574879227054, "test_seqeval-micro_f1": 0.808206106870229, "test_seqeval-SG_precision": 0.8177458033573142, "test_seqeval-SG_recall": 0.8357843137254902, "test_seqeval-SG_f1": 0.8266666666666668, "test_seqeval-ORG_precision": 0.7276785714285714, "test_seqeval-ORG_recall": 0.8190954773869347, "test_seqeval-ORG_f1": 0.7706855791962176, "test_seqeval-ISG_precision": 0.7657657657657657, "test_seqeval-ISG_recall": 0.6967213114754098, "test_seqeval-ISG_f1": 0.7296137339055793, "test_seqeval-PI_precision": 0.8, "test_seqeval-PI_recall": 0.8038277511961722, "test_seqeval-PI_f1": 0.801909307875895, "test_seqeval-PG_precision": 0.9090909090909091, "test_seqeval-PG_recall": 0.9278350515463918, "test_seqeval-PG_f1": 0.9183673469387756, "test_spanlevel-macro_precision_spanwise": 0.8208478825238565, "test_spanlevel-macro_recall_spanwise": 0.8126786044788077, "test_spanlevel-macro_f1_spanwise": 0.8114336970726062, "test_spanlevel-macro_precision_seqavg": 0.8348335672749588, "test_spanlevel-macro_recall_seqavg": 0.8256530240086322, "test_spanlevel-macro_f1_seqavg": 0.8255743706462398, "test_spanlevel-micro_precision_spanwise": 0.8822602850664075, "test_spanlevel-micro_recall_spanwise": 0.8788108150353049, "test_spanlevel-micro_f1_spanwise": 0.8740017134785543, "test_spanlevel-micro_precision_seqavg": 0.882013471015031, "test_spanlevel-micro_recall_seqavg": 0.879779643566695, "test_spanlevel-micro_f1_seqavg": 0.8735672810103927, "test_spanlevel-SG_precision_spanwise": 0.8769012221477009, "test_spanlevel-SG_recall_spanwise": 0.880616390651602, "test_spanlevel-SG_f1_spanwise": 0.872085988592013, "test_spanlevel-SG_precision_seqavg": 0.886340902576981, "test_spanlevel-SG_recall_seqavg": 0.8877098652249704, "test_spanlevel-SG_f1_seqavg": 0.8819275953815062, "test_spanlevel-ORG_precision_spanwise": 0.787684365781711, "test_spanlevel-ORG_recall_spanwise": 0.7813421828908553, "test_spanlevel-ORG_f1_spanwise": 0.7797143367939828, "test_spanlevel-ORG_precision_seqavg": 0.7898034486099632, "test_spanlevel-ORG_recall_seqavg": 0.7889507229319899, "test_spanlevel-ORG_f1_seqavg": 0.7853920439730764, "test_spanlevel-ISG_precision_spanwise": 0.6997549019607844, "test_spanlevel-ISG_recall_spanwise": 0.6715686274509803, "test_spanlevel-ISG_f1_spanwise": 0.6786764705882353, "test_spanlevel-ISG_precision_seqavg": 0.7693230624682821, "test_spanlevel-ISG_recall_seqavg": 0.7358114464276232, "test_spanlevel-ISG_f1_seqavg": 0.7459260203718482, "test_spanlevel-PI_precision_spanwise": 0.8369863013698631, "test_spanlevel-PI_recall_spanwise": 0.8382800608828006, "test_spanlevel-PI_f1_spanwise": 0.8308988091298992, "test_spanlevel-PI_precision_seqavg": 0.8253505288409023, "test_spanlevel-PI_recall_seqavg": 0.8156895151551266, "test_spanlevel-PI_f1_seqavg": 0.8133026086860252, "test_spanlevel-PG_precision_spanwise": 0.9029126213592233, "test_spanlevel-PG_recall_spanwise": 0.8915857605177995, "test_spanlevel-PG_f1_spanwise": 0.8957928802588997, "test_spanlevel-PG_precision_seqavg": 0.9033498938786649, "test_spanlevel-PG_recall_seqavg": 0.9001035703034512, "test_spanlevel-PG_f1_seqavg": 0.9013235848187431, "test_spanlevel-macro_precision_relaxed": 0.8998431769711633, "test_spanlevel-macro_recall_relaxed": 0.8936701326407214, "test_spanlevel-macro_f1_relaxed": 0.9210473821127572, "test_spanlevel-micro_precision_relaxed": 0.8984163890275214, "test_spanlevel-micro_recall_relaxed": 0.8934007456066282, "test_spanlevel-micro_f1_relaxed": 0.9199089760435017, "test_spanlevel-SG_precision_relaxed": 0.9153856116089846, "test_spanlevel-SG_recall_relaxed": 0.9177407850675177, "test_spanlevel-SG_f1_relaxed": 0.9473241104626937, "test_spanlevel-ORG_precision_relaxed": 0.8526974951830443, "test_spanlevel-ORG_recall_relaxed": 0.9057539682539681, "test_spanlevel-ORG_f1_relaxed": 0.9397309727412191, "test_spanlevel-ISG_precision_relaxed": 0.8722741433021807, "test_spanlevel-ISG_recall_relaxed": 0.757183908045977, "test_spanlevel-ISG_f1_relaxed": 0.9511605415860737, "test_spanlevel-PI_precision_relaxed": 0.8955853174603173, "test_spanlevel-PI_recall_relaxed": 0.8816955684007707, "test_spanlevel-PI_f1_relaxed": 0.9401595711714237, "test_spanlevel-PG_precision_relaxed": 0.9375, "test_spanlevel-PG_recall_relaxed": 0.947695035460993, "test_spanlevel-PG_f1_relaxed": 0.993968253968254, "test_doclevel-micro_precision": 0.9807383627608347, "test_doclevel-micro_recall": 0.9713831478537361, "test_doclevel-micro_f1": 0.976038338658147, "test_doclevel-SG_precision": 0.9568106312292359, "test_doclevel-SG_recall": 0.9504950495049505, "test_doclevel-SG_f1": 0.9536423841059603, "test_doclevel-ORG_precision": 0.9075144508670521, "test_doclevel-ORG_recall": 0.9345238095238095, "test_doclevel-ORG_f1": 0.9208211143695015, "test_doclevel-ISG_precision": 0.8878504672897196, "test_doclevel-ISG_recall": 0.8189655172413793, "test_doclevel-ISG_f1": 0.8520179372197308, "test_doclevel-PI_precision": 0.9523809523809523, "test_doclevel-PI_recall": 0.9248554913294798, "test_doclevel-PI_f1": 0.93841642228739, "test_doclevel-PG_precision": 0.9375, "test_doclevel-PG_recall": 0.9574468085106383, "test_doclevel-PG_f1": 0.9473684210526315, "test_wordlevel-macro_precision": 0.9147392995201722, "test_wordlevel-macro_recall": 0.8901844277784745, "test_wordlevel-macro_f1": 0.9010872518123488, "test_wordlevel-O_precision": 0.983963344788087, "test_wordlevel-O_recall": 0.9895713332929121, "test_wordlevel-O_f1": 0.9867593712212817, "test_wordlevel-SG_precision": 0.9231974921630094, "test_wordlevel-SG_recall": 0.8687315634218289, "test_wordlevel-SG_f1": 0.8951367781155015, "test_wordlevel-ORG_precision": 0.8454746136865342, "test_wordlevel-ORG_recall": 0.9075829383886256, "test_wordlevel-ORG_f1": 0.8754285714285713, "test_wordlevel-ISG_precision": 0.8742138364779874, "test_wordlevel-ISG_recall": 0.7354497354497355, "test_wordlevel-ISG_f1": 0.7988505747126438, "test_wordlevel-PI_precision": 0.9193899782135077, "test_wordlevel-PI_recall": 0.8865546218487395, "test_wordlevel-PI_f1": 0.9026737967914438, "test_wordlevel-PG_precision": 0.9421965317919075, "test_wordlevel-PG_recall": 0.9532163742690059, "test_wordlevel-PG_f1": 0.9476744186046512, "test_runtime": 8.5049, "test_samples_per_second": 103.352, "test_steps_per_second": 1.646, "epoch": 5.0}