{"test_loss": 0.10971148312091827, "test_seqeval-macro_precision": 0.8423456976432636, "test_seqeval-macro_recall": 0.8654960785393573, "test_seqeval-macro_f1": 0.8533433177433107, "test_seqeval-micro_precision": 0.8413173652694611, "test_seqeval-micro_recall": 0.8655030800821355, "test_seqeval-micro_f1": 0.8532388663967612, "test_seqeval-ISG_precision": 0.8103448275862069, "test_seqeval-ISG_recall": 0.8703703703703703, "test_seqeval-ISG_f1": 0.8392857142857144, "test_seqeval-SG_precision": 0.8424908424908425, "test_seqeval-SG_recall": 0.8582089552238806, "test_seqeval-SG_f1": 0.8502772643253236, "test_seqeval-PG_precision": 0.9428571428571428, "test_seqeval-PG_recall": 0.9041095890410958, "test_seqeval-PG_f1": 0.923076923076923, "test_seqeval-PI_precision": 0.8843283582089553, "test_seqeval-PI_recall": 0.9011406844106464, "test_seqeval-PI_f1": 0.8926553672316385, "test_seqeval-ORG_precision": 0.7317073170731707, "test_seqeval-ORG_recall": 0.7936507936507936, "test_seqeval-ORG_f1": 0.7614213197969543, "test_spanlevel-macro_precision_spanwise": 0.8538589153501311, "test_spanlevel-macro_recall_spanwise": 0.8527212271594484, "test_spanlevel-macro_f1_spanwise": 0.8490826171293586, "test_spanlevel-macro_precision_seqavg": 0.8505313112390898, "test_spanlevel-macro_recall_seqavg": 0.844606365795109, "test_spanlevel-macro_f1_seqavg": 0.8426699125462986, "test_spanlevel-micro_precision_spanwise": 0.898681930982816, "test_spanlevel-micro_recall_spanwise": 0.9022369714847591, "test_spanlevel-micro_f1_spanwise": 0.8954058728715647, "test_spanlevel-micro_precision_seqavg": 0.899122007652138, "test_spanlevel-micro_recall_seqavg": 0.9028049221860296, "test_spanlevel-micro_f1_seqavg": 0.8961053804153224, "test_spanlevel-ISG_precision_spanwise": 0.7991803278688525, "test_spanlevel-ISG_recall_spanwise": 0.7923497267759562, "test_spanlevel-ISG_f1_spanwise": 0.7934426229508197, "test_spanlevel-ISG_precision_seqavg": 0.7729497593864199, "test_spanlevel-ISG_recall_seqavg": 0.7729988004546725, "test_spanlevel-ISG_f1_seqavg": 0.7721135232686114, "test_spanlevel-SG_precision_spanwise": 0.880723606168446, "test_spanlevel-SG_recall_spanwise": 0.888908659549229, "test_spanlevel-SG_f1_spanwise": 0.8778926310335873, "test_spanlevel-SG_precision_seqavg": 0.8701689599801358, "test_spanlevel-SG_recall_seqavg": 0.8649978037320625, "test_spanlevel-SG_f1_seqavg": 0.8609396995665023, "test_spanlevel-PG_precision_spanwise": 0.9387755102040817, "test_spanlevel-PG_recall_spanwise": 0.9321995464852607, "test_spanlevel-PG_f1_spanwise": 0.9319727891156463, "test_spanlevel-PG_precision_seqavg": 0.9601890668364478, "test_spanlevel-PG_recall_seqavg": 0.9383562354868857, "test_spanlevel-PG_f1_seqavg": 0.9425492128324047, "test_spanlevel-PI_precision_spanwise": 0.8756919374247893, "test_spanlevel-PI_recall_spanwise": 0.8796028880866426, "test_spanlevel-PI_f1_spanwise": 0.8752363761389033, "test_spanlevel-PI_precision_seqavg": 0.8668404745208038, "test_spanlevel-PI_recall_seqavg": 0.8736598406894582, "test_spanlevel-PI_f1_seqavg": 0.8669427171223002, "test_spanlevel-ORG_precision_spanwise": 0.7749231950844854, "test_spanlevel-ORG_recall_spanwise": 0.7705453149001535, "test_spanlevel-ORG_f1_spanwise": 0.7668686664078369, "test_spanlevel-ORG_precision_seqavg": 0.7825082954716414, "test_spanlevel-ORG_recall_seqavg": 0.7730191486124659, "test_spanlevel-ORG_f1_seqavg": 0.7708044099416745, "test_spanlevel-macro_precision_relaxed": 0.9060821376011772, "test_spanlevel-macro_recall_relaxed": 0.9276330532212888, "test_spanlevel-macro_f1_relaxed": 0.9447837654629707, "test_spanlevel-micro_precision_relaxed": 0.9055210632818248, "test_spanlevel-micro_recall_relaxed": 0.9284453781512604, "test_spanlevel-micro_f1_relaxed": 0.9448420584457775, "test_spanlevel-ISG_precision_relaxed": 0.8585858585858586, "test_spanlevel-ISG_recall_relaxed": 0.8993055555555557, "test_spanlevel-ISG_f1_relaxed": 0.9796243482268893, "test_spanlevel-SG_precision_relaxed": 0.9204638124362894, "test_spanlevel-SG_recall_relaxed": 0.9337209302325581, "test_spanlevel-SG_f1_relaxed": 0.9582548905062418, "test_spanlevel-PG_precision_relaxed": 0.9849624060150376, "test_spanlevel-PG_recall_relaxed": 0.935491606714628, "test_spanlevel-PG_f1_relaxed": 0.9848484848484849, "test_spanlevel-PI_precision_relaxed": 0.9181320081549439, "test_spanlevel-PI_recall_relaxed": 0.9325757575757576, "test_spanlevel-PI_f1_relaxed": 0.9724899898812942, "test_spanlevel-ORG_precision_relaxed": 0.8231656184486372, "test_spanlevel-ORG_recall_relaxed": 0.9078196347031963, "test_spanlevel-ORG_f1_relaxed": 0.9394612959078849, "test_doclevel-micro_precision": 0.9685430463576159, "test_doclevel-micro_recall": 0.9831932773109243, "test_doclevel-micro_f1": 0.97581317764804, "test_doclevel-ISG_precision": 0.8787878787878788, "test_doclevel-ISG_recall": 0.90625, "test_doclevel-ISG_f1": 0.8923076923076922, "test_doclevel-SG_precision": 0.9495412844036697, "test_doclevel-SG_recall": 0.9627906976744186, "test_doclevel-SG_f1": 0.9561200923787528, "test_doclevel-PG_precision": 0.9924812030075187, "test_doclevel-PG_recall": 0.9496402877697842, "test_doclevel-PG_f1": 0.9705882352941175, "test_doclevel-PI_precision": 0.9541284403669725, "test_doclevel-PI_recall": 0.9454545454545454, "test_doclevel-PI_f1": 0.949771689497717, "test_doclevel-ORG_precision": 0.8679245283018868, "test_doclevel-ORG_recall": 0.9452054794520548, "test_doclevel-ORG_f1": 0.9049180327868852, "test_wordlevel-macro_precision": 0.9191095034938989, "test_wordlevel-macro_recall": 0.9314479812319205, "test_wordlevel-macro_f1": 0.9249086131026206, "test_wordlevel-O_precision": 0.9922000742850068, "test_wordlevel-O_recall": 0.9894437928267177, "test_wordlevel-O_f1": 0.9908200166908787, "test_wordlevel-ISG_precision": 0.8647058823529412, "test_wordlevel-ISG_recall": 0.901840490797546, "test_wordlevel-ISG_f1": 0.8828828828828829, "test_wordlevel-SG_precision": 0.9171052631578948, "test_wordlevel-SG_recall": 0.9146981627296588, "test_wordlevel-SG_f1": 0.9159001314060446, "test_wordlevel-PG_precision": 0.9844357976653697, "test_wordlevel-PG_recall": 0.937037037037037, "test_wordlevel-PG_f1": 0.9601518026565464, "test_wordlevel-PI_precision": 0.9235569422776911, "test_wordlevel-PI_recall": 0.9548387096774194, "test_wordlevel-PI_f1": 0.9389373513084853, "test_wordlevel-ORG_precision": 0.8326530612244898, "test_wordlevel-ORG_recall": 0.8908296943231441, "test_wordlevel-ORG_f1": 0.860759493670886, "test_runtime": 4.8738, "test_samples_per_second": 179.738, "test_steps_per_second": 2.873, "epoch": 6.0, "run_id": "rep02-step05"}
