{"test_loss": 0.0906284973025322, "test_seqeval-macro_precision": 0.8111486880267845, "test_seqeval-macro_recall": 0.8453443843426376, "test_seqeval-macro_f1": 0.8265267236170765, "test_seqeval-micro_precision": 0.8095238095238095, "test_seqeval-micro_recall": 0.8452157598499062, "test_seqeval-micro_f1": 0.8269848554382745, "test_seqeval-ISG_precision": 0.768, "test_seqeval-ISG_recall": 0.7804878048780488, "test_seqeval-ISG_f1": 0.7741935483870969, "test_seqeval-SG_precision": 0.835195530726257, "test_seqeval-SG_recall": 0.8375350140056023, "test_seqeval-SG_f1": 0.8363636363636363, "test_seqeval-PG_precision": 0.925, "test_seqeval-PG_recall": 0.9192546583850931, "test_seqeval-PG_f1": 0.9221183800623053, "test_seqeval-PI_precision": 0.7195121951219512, "test_seqeval-PI_recall": 0.885, "test_seqeval-PI_f1": 0.7937219730941704, "test_seqeval-ORG_precision": 0.8080357142857143, "test_seqeval-ORG_recall": 0.8044444444444444, "test_seqeval-ORG_f1": 0.8062360801781737, "test_spanlevel-macro_precision_spanwise": 0.8330899866893666, "test_spanlevel-macro_recall_spanwise": 0.8296846449931167, "test_spanlevel-macro_f1_spanwise": 0.8267598585994248, "test_spanlevel-macro_precision_seqavg": 0.8525479116203136, "test_spanlevel-macro_recall_seqavg": 0.8535558185092317, "test_spanlevel-macro_f1_seqavg": 0.84919289169192, "test_spanlevel-micro_precision_spanwise": 0.9041317788376613, "test_spanlevel-micro_recall_spanwise": 0.8993822393822394, "test_spanlevel-micro_f1_spanwise": 0.8951169427819043, "test_spanlevel-micro_precision_seqavg": 0.8940100193923725, "test_spanlevel-micro_recall_seqavg": 0.8903916971916974, "test_spanlevel-micro_f1_seqavg": 0.8851790747684709, "test_spanlevel-ISG_precision_spanwise": 0.6896551724137931, "test_spanlevel-ISG_recall_spanwise": 0.6896551724137931, "test_spanlevel-ISG_f1_spanwise": 0.6873563218390804, "test_spanlevel-ISG_precision_seqavg": 0.7415196184328345, "test_spanlevel-ISG_recall_seqavg": 0.7509086514390315, "test_spanlevel-ISG_f1_seqavg": 0.7443332037706469, "test_spanlevel-SG_precision_spanwise": 0.8933834599783906, "test_spanlevel-SG_recall_spanwise": 0.8766485998193315, "test_spanlevel-SG_f1_spanwise": 0.8767299052868679, "test_spanlevel-SG_precision_seqavg": 0.9173474721452914, "test_spanlevel-SG_recall_seqavg": 0.909188481706214, "test_spanlevel-SG_f1_seqavg": 0.9065663707710827, "test_spanlevel-PG_precision_spanwise": 0.948875255623722, "test_spanlevel-PG_recall_spanwise": 0.9631901840490797, "test_spanlevel-PG_f1_spanwise": 0.9521472392638036, "test_spanlevel-PG_precision_seqavg": 0.9540513988056766, "test_spanlevel-PG_recall_seqavg": 0.9661882022925452, "test_spanlevel-PG_f1_seqavg": 0.956397121205082, "test_spanlevel-PI_precision_spanwise": 0.8041446208112875, "test_spanlevel-PI_recall_spanwise": 0.7892612188908484, "test_spanlevel-PI_f1_spanwise": 0.7918316023254296, "test_spanlevel-PI_precision_seqavg": 0.7873563719222618, "test_spanlevel-PI_recall_seqavg": 0.7731941962082227, "test_spanlevel-PI_f1_seqavg": 0.7766134939930363, "test_spanlevel-ORG_precision_spanwise": 0.8293914246196403, "test_spanlevel-ORG_recall_spanwise": 0.8296680497925312, "test_spanlevel-ORG_f1_spanwise": 0.8257342242819422, "test_spanlevel-ORG_precision_seqavg": 0.862464696795504, "test_spanlevel-ORG_recall_seqavg": 0.8682995609001446, "test_spanlevel-ORG_f1_seqavg": 0.8620542687197521, "test_doclevel-micro_precision": 0.9686520376175548, "test_doclevel-micro_recall": 0.9809523809523809, "test_doclevel-micro_f1": 0.974763406940063, "test_doclevel-ISG_precision": 0.8125, "test_doclevel-ISG_recall": 0.8272727272727273, "test_doclevel-ISG_f1": 0.8198198198198199, "test_doclevel-SG_precision": 0.9766536964980544, "test_doclevel-SG_recall": 0.9400749063670412, "test_doclevel-SG_f1": 0.9580152671755725, "test_doclevel-PG_precision": 0.987012987012987, "test_doclevel-PG_recall": 0.9806451612903225, "test_doclevel-PG_f1": 0.9838187702265372, "test_doclevel-PI_precision": 0.825, "test_doclevel-PI_recall": 0.9939759036144579, "test_doclevel-PI_f1": 0.901639344262295, "test_doclevel-ORG_precision": 0.9166666666666666, "test_doclevel-ORG_recall": 0.910828025477707, "test_doclevel-ORG_f1": 0.9137380191693291, "test_wordlevel-macro_precision": 0.9035792293387493, "test_wordlevel-macro_recall": 0.9091608828282864, "test_wordlevel-macro_f1": 0.9057448405453496, "test_wordlevel-O_precision": 0.9890083773988474, "test_wordlevel-O_recall": 0.990126100404473, "test_wordlevel-O_f1": 0.9895669232827038, "test_wordlevel-ISG_precision": 0.7894736842105263, "test_wordlevel-ISG_recall": 0.7758620689655172, "test_wordlevel-ISG_f1": 0.7826086956521741, "test_wordlevel-SG_precision": 0.9377859103385179, "test_wordlevel-SG_recall": 0.8859118409680208, "test_wordlevel-SG_f1": 0.9111111111111111, "test_wordlevel-PG_precision": 0.96, "test_wordlevel-PG_recall": 0.9795918367346939, "test_wordlevel-PG_f1": 0.9696969696969697, "test_wordlevel-PI_precision": 0.8458498023715415, "test_wordlevel-PI_recall": 0.9448123620309051, "test_wordlevel-PI_f1": 0.8925964546402504, "test_wordlevel-ORG_precision": 0.8993576017130621, "test_wordlevel-ORG_recall": 0.8786610878661087, "test_wordlevel-ORG_f1": 0.8888888888888888, "test_runtime": 5.1898, "test_samples_per_second": 172.648, "test_steps_per_second": 2.698, "epoch": 5.0, "run_id": "rep04-step05"}
