{"test_loss": 0.08112972974777222, "test_seqeval-macro_precision": 0.8674730284247799, "test_seqeval-macro_recall": 0.8936405547845079, "test_seqeval-macro_f1": 0.8799734095445457, "test_seqeval-micro_precision": 0.8721311475409836, "test_seqeval-micro_recall": 0.8936170212765957, "test_seqeval-micro_f1": 0.8827433628318584, "test_seqeval-ISG_precision": 0.8383838383838383, "test_seqeval-ISG_recall": 0.8469387755102041, "test_seqeval-ISG_f1": 0.8426395939086294, "test_seqeval-SG_precision": 0.9031339031339032, "test_seqeval-SG_recall": 0.8854748603351955, "test_seqeval-SG_f1": 0.8942172073342737, "test_seqeval-PG_precision": 0.9215686274509803, "test_seqeval-PG_recall": 0.9215686274509803, "test_seqeval-PG_f1": 0.9215686274509803, "test_seqeval-PI_precision": 0.8202247191011236, "test_seqeval-PI_recall": 0.8902439024390244, "test_seqeval-PI_f1": 0.8538011695906433, "test_seqeval-ORG_precision": 0.8540540540540541, "test_seqeval-ORG_recall": 0.9239766081871345, "test_seqeval-ORG_f1": 0.8876404494382022, "test_spanlevel-macro_precision_spanwise": 0.869902444954161, "test_spanlevel-macro_recall_spanwise": 0.8658444630577445, "test_spanlevel-macro_f1_spanwise": 0.864193476640418, "test_spanlevel-macro_precision_seqavg": 0.9061550982725312, "test_spanlevel-macro_recall_seqavg": 0.9006406644820035, "test_spanlevel-macro_f1_seqavg": 0.9005097451855489, "test_spanlevel-micro_precision_spanwise": 0.9286097729698598, "test_spanlevel-micro_recall_spanwise": 0.9206867648889469, "test_spanlevel-micro_f1_spanwise": 0.919123760067361, "test_spanlevel-micro_precision_seqavg": 0.925558159284972, "test_spanlevel-micro_recall_seqavg": 0.9159281946877424, "test_spanlevel-micro_f1_seqavg": 0.9135217103176632, "test_spanlevel-ISG_precision_spanwise": 0.7627627627627627, "test_spanlevel-ISG_recall_spanwise": 0.7552552552552554, "test_spanlevel-ISG_f1_spanwise": 0.7579579579579578, "test_spanlevel-ISG_precision_seqavg": 0.8511354720472412, "test_spanlevel-ISG_recall_seqavg": 0.8384305037503822, "test_spanlevel-ISG_f1_seqavg": 0.8427381637311631, "test_spanlevel-SG_precision_spanwise": 0.9273167308881595, "test_spanlevel-SG_recall_spanwise": 0.9233208668082618, "test_spanlevel-SG_f1_spanwise": 0.9185249274534989, "test_spanlevel-SG_precision_seqavg": 0.9362143728038942, "test_spanlevel-SG_recall_seqavg": 0.9314738465082089, "test_spanlevel-SG_f1_seqavg": 0.9299468698818955, "test_spanlevel-PG_precision_spanwise": 0.9611650485436894, "test_spanlevel-PG_recall_spanwise": 0.9692556634304207, "test_spanlevel-PG_f1_spanwise": 0.9628602249961473, "test_spanlevel-PG_precision_seqavg": 0.976410869123182, "test_spanlevel-PG_recall_seqavg": 0.9846332269216101, "test_spanlevel-PG_f1_seqavg": 0.9790756128136886, "test_spanlevel-PI_precision_spanwise": 0.8414414414414415, "test_spanlevel-PI_recall_spanwise": 0.8258940758940759, "test_spanlevel-PI_f1_spanwise": 0.8272423072423073, "test_spanlevel-PI_precision_seqavg": 0.9018230017998529, "test_spanlevel-PI_recall_seqavg": 0.8877554089483609, "test_spanlevel-PI_f1_seqavg": 0.8898586448116588, "test_spanlevel-ORG_precision_spanwise": 0.8568262411347517, "test_spanlevel-ORG_recall_spanwise": 0.8554964539007092, "test_spanlevel-ORG_f1_spanwise": 0.8543819655521784, "test_spanlevel-ORG_precision_seqavg": 0.8651917755884851, "test_spanlevel-ORG_recall_seqavg": 0.8609103362814563, "test_spanlevel-ORG_f1_seqavg": 0.8609294346893385, "test_spanlevel-macro_precision_relaxed": 0.923960692442682, "test_spanlevel-macro_recall_relaxed": 0.9334160387345389, "test_spanlevel-macro_f1_relaxed": 0.9526614720064458, "test_spanlevel-micro_precision_relaxed": 0.9239892802071188, "test_spanlevel-micro_recall_relaxed": 0.9339437685368801, "test_spanlevel-micro_f1_relaxed": 0.9531228291899426, "test_spanlevel-ISG_precision_relaxed": 0.8645833333333334, "test_spanlevel-ISG_recall_relaxed": 0.8701754385964913, "test_spanlevel-ISG_f1_relaxed": 0.9817460317460318, "test_spanlevel-SG_precision_relaxed": 0.9640608804341199, "test_spanlevel-SG_recall_relaxed": 0.9286844896688833, "test_spanlevel-SG_f1_relaxed": 0.9718897233159337, "test_spanlevel-PG_precision_relaxed": 0.9749103942652331, "test_spanlevel-PG_recall_relaxed": 0.9769503546099291, "test_spanlevel-PG_f1_relaxed": 0.9782215395118621, "test_spanlevel-PI_precision_relaxed": 0.8576388888888888, "test_spanlevel-PI_recall_relaxed": 0.9352466977466978, "test_spanlevel-PI_f1_relaxed": 0.9625609839895555, "test_spanlevel-ORG_precision_relaxed": 0.8958333333333333, "test_spanlevel-ORG_recall_relaxed": 0.9502314814814814, "test_spanlevel-ORG_f1_relaxed": 0.976666978105827, "test_doclevel-micro_precision": 0.9759862778730704, "test_doclevel-micro_recall": 0.9827288428324698, "test_doclevel-micro_f1": 0.9793459552495698, "test_doclevel-ISG_precision": 0.875, "test_doclevel-ISG_recall": 0.8842105263157894, "test_doclevel-ISG_f1": 0.8795811518324607, "test_doclevel-SG_precision": 0.9823943661971831, "test_doclevel-SG_recall": 0.9489795918367347, "test_doclevel-SG_f1": 0.9653979238754327, "test_doclevel-PG_precision": 1.0, "test_doclevel-PG_recall": 0.9893617021276596, "test_doclevel-PG_f1": 0.9946524064171123, "test_doclevel-PI_precision": 0.875, "test_doclevel-PI_recall": 0.9692307692307692, "test_doclevel-PI_f1": 0.9197080291970802, "test_doclevel-ORG_precision": 0.9144736842105263, "test_doclevel-ORG_recall": 0.9652777777777778, "test_doclevel-ORG_f1": 0.9391891891891891, "test_wordlevel-macro_precision": 0.9183106858958453, "test_wordlevel-macro_recall": 0.9304247109107652, "test_wordlevel-macro_f1": 0.9240230113581421, "test_wordlevel-O_precision": 0.9919584055459272, "test_wordlevel-O_recall": 0.991889643698877, "test_wordlevel-O_f1": 0.9919240234307302, "test_wordlevel-ISG_precision": 0.8676470588235294, "test_wordlevel-ISG_recall": 0.855072463768116, "test_wordlevel-ISG_f1": 0.8613138686131386, "test_wordlevel-SG_precision": 0.9591280653950953, "test_wordlevel-SG_recall": 0.9271290605794557, "test_wordlevel-SG_f1": 0.942857142857143, "test_wordlevel-PG_precision": 0.9441340782122905, "test_wordlevel-PG_recall": 0.9712643678160919, "test_wordlevel-PG_f1": 0.9575070821529744, "test_wordlevel-PI_precision": 0.8753387533875339, "test_wordlevel-PI_recall": 0.8922651933701657, "test_wordlevel-PI_f1": 0.8837209302325582, "test_wordlevel-ORG_precision": 0.8716577540106952, "test_wordlevel-ORG_recall": 0.9449275362318841, "test_wordlevel-ORG_f1": 0.9068150208623088, "test_runtime": 4.5205, "test_samples_per_second": 179.183, "test_steps_per_second": 2.876, "epoch": 5.0, "run_id": "rep01-step06"}
