{"test_loss": 0.09424737095832825, "test_seqeval-macro_precision": 0.8122400384902673, "test_seqeval-macro_recall": 0.8593837069854166, "test_seqeval-macro_f1": 0.8349373699471043, "test_seqeval-micro_precision": 0.8052073288331726, "test_seqeval-micro_recall": 0.8572895277207392, "test_seqeval-micro_f1": 0.8304326205867727, "test_seqeval-PI_precision": 0.8091872791519434, "test_seqeval-PI_recall": 0.870722433460076, "test_seqeval-PI_f1": 0.8388278388278388, "test_seqeval-ISG_precision": 0.8, "test_seqeval-ISG_recall": 0.8518518518518519, "test_seqeval-ISG_f1": 0.8251121076233184, "test_seqeval-PG_precision": 0.9315068493150684, "test_seqeval-PG_recall": 0.9315068493150684, "test_seqeval-PG_f1": 0.9315068493150684, "test_seqeval-SG_precision": 0.8006993006993007, "test_seqeval-SG_recall": 0.8544776119402985, "test_seqeval-SG_f1": 0.8267148014440433, "test_seqeval-ORG_precision": 0.7198067632850241, "test_seqeval-ORG_recall": 0.7883597883597884, "test_seqeval-ORG_f1": 0.7525252525252525, "test_spanlevel-macro_precision_spanwise": 0.8328365040485493, "test_spanlevel-macro_recall_spanwise": 0.8293805551687573, "test_spanlevel-macro_f1_spanwise": 0.8271522461291921, "test_spanlevel-macro_precision_seqavg": 0.8321274317326767, "test_spanlevel-macro_recall_seqavg": 0.8213069056031126, "test_spanlevel-macro_f1_seqavg": 0.8218959946341918, "test_spanlevel-micro_precision_spanwise": 0.8876236484932136, "test_spanlevel-micro_recall_spanwise": 0.8862054290315159, "test_spanlevel-micro_f1_spanwise": 0.8820045427123772, "test_spanlevel-micro_precision_seqavg": 0.8815272035931201, "test_spanlevel-micro_recall_seqavg": 0.8793727351605165, "test_spanlevel-micro_f1_seqavg": 0.8754272479052291, "test_spanlevel-PI_precision_spanwise": 0.8518583042973288, "test_spanlevel-PI_recall_spanwise": 0.8551842466476612, "test_spanlevel-PI_f1_spanwise": 0.8488819691234406, "test_spanlevel-PI_precision_seqavg": 0.8387135585634627, "test_spanlevel-PI_recall_seqavg": 0.8457539087813445, "test_spanlevel-PI_f1_seqavg": 0.8376157544533552, "test_spanlevel-ISG_precision_spanwise": 0.7354497354497354, "test_spanlevel-ISG_recall_spanwise": 0.7341269841269841, "test_spanlevel-ISG_f1_spanwise": 0.7328042328042328, "test_spanlevel-ISG_precision_seqavg": 0.7051979534175182, "test_spanlevel-ISG_recall_seqavg": 0.7031045671110067, "test_spanlevel-ISG_f1_seqavg": 0.7025508709452611, "test_spanlevel-PG_precision_spanwise": 0.9496644295302014, "test_spanlevel-PG_recall_spanwise": 0.9512304250559284, "test_spanlevel-PG_f1_spanwise": 0.9479066794503036, "test_spanlevel-PG_precision_seqavg": 0.9574174582658507, "test_spanlevel-PG_recall_seqavg": 0.949384885653296, "test_spanlevel-PG_f1_seqavg": 0.9504515312785047, "test_spanlevel-SG_precision_spanwise": 0.8746225319396052, "test_spanlevel-SG_recall_spanwise": 0.8675211548033849, "test_spanlevel-SG_f1_spanwise": 0.864016234513129, "test_spanlevel-SG_precision_seqavg": 0.8785158002793065, "test_spanlevel-SG_recall_seqavg": 0.8494450186728703, "test_spanlevel-SG_f1_seqavg": 0.8540959309099323, "test_spanlevel-ORG_precision_spanwise": 0.7525875190258752, "test_spanlevel-ORG_recall_spanwise": 0.7388399652098283, "test_spanlevel-ORG_f1_spanwise": 0.7421521147548545, "test_spanlevel-ORG_precision_seqavg": 0.7807923881372449, "test_spanlevel-ORG_recall_seqavg": 0.7588461477970453, "test_spanlevel-ORG_f1_seqavg": 0.7647658855839058, "test_spanlevel-macro_precision_relaxed": 0.8835796387520523, "test_spanlevel-macro_recall_relaxed": 0.923427007166503, "test_spanlevel-macro_f1_relaxed": 0.9405829364733751, "test_spanlevel-micro_precision_relaxed": 0.8825579273855132, "test_spanlevel-micro_recall_relaxed": 0.9233523106212181, "test_spanlevel-micro_f1_relaxed": 0.9399177365314878, "test_spanlevel-PI_precision_relaxed": 0.8768037518037518, "test_spanlevel-PI_recall_relaxed": 0.9494146005509642, "test_spanlevel-PI_f1_relaxed": 0.952922037862081, "test_spanlevel-ISG_precision_relaxed": 0.8183333333333332, "test_spanlevel-ISG_recall_relaxed": 0.857638888888889, "test_spanlevel-ISG_f1_relaxed": 0.9702380952380952, "test_spanlevel-PG_precision_relaxed": 0.9722222222222223, "test_spanlevel-PG_recall_relaxed": 0.969304556354916, "test_spanlevel-PG_f1_relaxed": 0.9855742296918768, "test_spanlevel-SG_precision_relaxed": 0.9152840623428858, "test_spanlevel-SG_recall_relaxed": 0.9326135105204872, "test_spanlevel-SG_f1_relaxed": 0.9565865345409615, "test_spanlevel-ORG_precision_relaxed": 0.8175806451612903, "test_spanlevel-ORG_recall_relaxed": 0.8780658838878018, "test_spanlevel-ORG_f1_relaxed": 0.9452101397933471, "test_doclevel-micro_precision": 0.9556650246305419, "test_doclevel-micro_recall": 0.9781512605042016, "test_doclevel-micro_f1": 0.9667774086378739, "test_doclevel-PI_precision": 0.922077922077922, "test_doclevel-PI_recall": 0.9681818181818181, "test_doclevel-PI_f1": 0.9445676274944568, "test_doclevel-ISG_precision": 0.84, "test_doclevel-ISG_recall": 0.875, "test_doclevel-ISG_f1": 0.8571428571428572, "test_doclevel-PG_precision": 0.9855072463768116, "test_doclevel-PG_recall": 0.9784172661870504, "test_doclevel-PG_f1": 0.9819494584837546, "test_doclevel-SG_precision": 0.9411764705882353, "test_doclevel-SG_recall": 0.9674418604651163, "test_doclevel-SG_f1": 0.9541284403669725, "test_doclevel-ORG_precision": 0.8580645161290322, "test_doclevel-ORG_recall": 0.910958904109589, "test_doclevel-ORG_f1": 0.883720930232558, "test_wordlevel-macro_precision": 0.905378039455905, "test_wordlevel-macro_recall": 0.922769356164784, "test_wordlevel-macro_f1": 0.9137702684773279, "test_wordlevel-O_precision": 0.99206840996406, "test_wordlevel-O_recall": 0.9883326131242669, "test_wordlevel-O_f1": 0.9901969879704364, "test_wordlevel-PI_precision": 0.8850746268656716, "test_wordlevel-PI_recall": 0.9564516129032258, "test_wordlevel-PI_f1": 0.9193798449612403, "test_wordlevel-ISG_precision": 0.8352941176470589, "test_wordlevel-ISG_recall": 0.8711656441717791, "test_wordlevel-ISG_f1": 0.8528528528528528, "test_wordlevel-PG_precision": 0.9700374531835206, "test_wordlevel-PG_recall": 0.9592592592592593, "test_wordlevel-PG_f1": 0.9646182495344506, "test_wordlevel-SG_precision": 0.9031413612565445, "test_wordlevel-SG_recall": 0.905511811023622, "test_wordlevel-SG_f1": 0.9043250327653997, "test_wordlevel-ORG_precision": 0.8466522678185745, "test_wordlevel-ORG_recall": 0.8558951965065502, "test_wordlevel-ORG_f1": 0.8512486427795876, "test_runtime": 5.018, "test_samples_per_second": 174.572, "test_steps_per_second": 2.79, "epoch": 6.0, "run_id": "rep02-step05"}
