{"test_loss": 0.11568255722522736, "test_seqeval-macro_precision": 0.8068685634889821, "test_seqeval-macro_recall": 0.8150085401005771, "test_seqeval-macro_f1": 0.8095249746546811, "test_seqeval-micro_precision": 0.8032166508987701, "test_seqeval-micro_recall": 0.8202898550724638, "test_seqeval-micro_f1": 0.8116634799235182, "test_seqeval-PI_precision": 0.7904761904761904, "test_seqeval-PI_recall": 0.7942583732057417, "test_seqeval-PI_f1": 0.7923627684964201, "test_seqeval-ISG_precision": 0.7924528301886793, "test_seqeval-ISG_recall": 0.6885245901639344, "test_seqeval-ISG_f1": 0.7368421052631579, "test_seqeval-PG_precision": 0.89, "test_seqeval-PG_recall": 0.9175257731958762, "test_seqeval-PG_f1": 0.9035532994923858, "test_seqeval-SG_precision": 0.8313253012048193, "test_seqeval-SG_recall": 0.8455882352941176, "test_seqeval-SG_f1": 0.8383961117861481, "test_seqeval-ORG_precision": 0.7300884955752213, "test_seqeval-ORG_recall": 0.8291457286432161, "test_seqeval-ORG_f1": 0.7764705882352942, "test_spanlevel-macro_precision_spanwise": 0.8136336130943473, "test_spanlevel-macro_recall_spanwise": 0.807331954266929, "test_spanlevel-macro_f1_spanwise": 0.8049620779755122, "test_spanlevel-macro_precision_seqavg": 0.8264860638597706, "test_spanlevel-macro_recall_seqavg": 0.8161908037195508, "test_spanlevel-macro_f1_seqavg": 0.8159746653959502, "test_spanlevel-micro_precision_spanwise": 0.8779919317050313, "test_spanlevel-micro_recall_spanwise": 0.8754104828136193, "test_spanlevel-micro_f1_spanwise": 0.8693101270186459, "test_spanlevel-micro_precision_seqavg": 0.8797335160087882, "test_spanlevel-micro_recall_seqavg": 0.8775482941112802, "test_spanlevel-micro_f1_seqavg": 0.87028045201612, "test_spanlevel-PI_precision_spanwise": 0.8328054298642534, "test_spanlevel-PI_recall_spanwise": 0.828129713423831, "test_spanlevel-PI_f1_spanwise": 0.8225881692229788, "test_spanlevel-PI_precision_seqavg": 0.8098291717045422, "test_spanlevel-PI_recall_seqavg": 0.7852333446521488, "test_spanlevel-PI_f1_seqavg": 0.7876565830743995, "test_spanlevel-ISG_precision_spanwise": 0.6753086419753087, "test_spanlevel-ISG_recall_spanwise": 0.6580246913580247, "test_spanlevel-ISG_f1_spanwise": 0.6614814814814813, "test_spanlevel-ISG_precision_seqavg": 0.7423311897749327, "test_spanlevel-ISG_recall_seqavg": 0.7146195357103898, "test_spanlevel-ISG_f1_seqavg": 0.7227922659990335, "test_spanlevel-PG_precision_spanwise": 0.9029126213592233, "test_spanlevel-PG_recall_spanwise": 0.8915857605177995, "test_spanlevel-PG_f1_spanwise": 0.8957928802588997, "test_spanlevel-PG_precision_seqavg": 0.9033498938786649, "test_spanlevel-PG_recall_seqavg": 0.90089661482632, "test_spanlevel-PG_f1_seqavg": 0.9018522811673221, "test_spanlevel-SG_precision_spanwise": 0.8727115477115476, "test_spanlevel-SG_recall_spanwise": 0.8741973838127685, "test_spanlevel-SG_f1_spanwise": 0.8647631800453118, "test_spanlevel-SG_precision_seqavg": 0.885768159307969, "test_spanlevel-SG_recall_seqavg": 0.8868771728976464, "test_spanlevel-SG_f1_seqavg": 0.8800002429373469, "test_spanlevel-ORG_precision_spanwise": 0.7844298245614036, "test_spanlevel-ORG_recall_spanwise": 0.7847222222222222, "test_spanlevel-ORG_f1_spanwise": 0.7801846788688895, "test_spanlevel-ORG_precision_seqavg": 0.7911519046327445, "test_spanlevel-ORG_recall_seqavg": 0.7933273505112483, "test_spanlevel-ORG_f1_seqavg": 0.787571953801649, "test_spanlevel-macro_precision_relaxed": 0.8937503443695396, "test_spanlevel-macro_recall_relaxed": 0.8930181150769388, "test_spanlevel-macro_f1_relaxed": 0.9221490037586776, "test_spanlevel-micro_precision_relaxed": 0.892973148855502, "test_spanlevel-micro_recall_relaxed": 0.8931064386946742, "test_spanlevel-micro_f1_relaxed": 0.9214623927403358, "test_spanlevel-PI_precision_relaxed": 0.8923076923076924, "test_spanlevel-PI_recall_relaxed": 0.8764932562620423, "test_spanlevel-PI_f1_relaxed": 0.9376514574692548, "test_spanlevel-ISG_precision_relaxed": 0.8673139158576051, "test_spanlevel-ISG_recall_relaxed": 0.735632183908046, "test_spanlevel-ISG_f1_relaxed": 0.9601010101010101, "test_spanlevel-PG_precision_relaxed": 0.9375, "test_spanlevel-PG_recall_relaxed": 0.947695035460993, "test_spanlevel-PG_f1_relaxed": 0.993968253968254, "test_spanlevel-SG_precision_relaxed": 0.9098935173629408, "test_spanlevel-SG_recall_relaxed": 0.9176464899237177, "test_spanlevel-SG_f1_relaxed": 0.9409161895296869, "test_spanlevel-ORG_precision_relaxed": 0.8385767790262172, "test_spanlevel-ORG_recall_relaxed": 0.9131944444444444, "test_spanlevel-ORG_f1_relaxed": 0.9441838782510219, "test_doclevel-micro_precision": 0.9776714513556619, "test_doclevel-micro_recall": 0.9745627980922098, "test_doclevel-micro_f1": 0.9761146496815287, "test_doclevel-PI_precision": 0.9467455621301775, "test_doclevel-PI_recall": 0.9248554913294798, "test_doclevel-PI_f1": 0.935672514619883, "test_doclevel-ISG_precision": 0.883495145631068, "test_doclevel-ISG_recall": 0.7844827586206896, "test_doclevel-ISG_f1": 0.8310502283105023, "test_doclevel-PG_precision": 0.9375, "test_doclevel-PG_recall": 0.9574468085106383, "test_doclevel-PG_f1": 0.9473684210526315, "test_doclevel-SG_precision": 0.9537953795379538, "test_doclevel-SG_recall": 0.9537953795379538, "test_doclevel-SG_f1": 0.9537953795379538, "test_doclevel-ORG_precision": 0.8876404494382022, "test_doclevel-ORG_recall": 0.9404761904761905, "test_doclevel-ORG_f1": 0.9132947976878611, "test_wordlevel-macro_precision": 0.914080424752585, "test_wordlevel-macro_recall": 0.8886440621675633, "test_wordlevel-macro_f1": 0.899616740964475, "test_wordlevel-O_precision": 0.9841260260743602, "test_wordlevel-O_recall": 0.9886012247620203, "test_wordlevel-O_f1": 0.9863585493481746, "test_wordlevel-PI_precision": 0.9229074889867841, "test_wordlevel-PI_recall": 0.8802521008403361, "test_wordlevel-PI_f1": 0.9010752688172043, "test_wordlevel-ISG_precision": 0.8774193548387097, "test_wordlevel-ISG_recall": 0.7195767195767195, "test_wordlevel-ISG_f1": 0.7906976744186047, "test_wordlevel-PG_precision": 0.9476744186046512, "test_wordlevel-PG_recall": 0.9532163742690059, "test_wordlevel-PG_f1": 0.9504373177842567, "test_wordlevel-SG_precision": 0.912875867386276, "test_wordlevel-SG_recall": 0.8731563421828908, "test_wordlevel-SG_f1": 0.8925744440256312, "test_wordlevel-ORG_precision": 0.8394793926247288, "test_wordlevel-ORG_recall": 0.9170616113744076, "test_wordlevel-ORG_f1": 0.8765571913929784, "test_runtime": 5.1328, "test_samples_per_second": 171.253, "test_steps_per_second": 2.728, "epoch": 5.0, "run_id": "rep05-step06"}
