{"test_loss": 0.11673940718173981, "test_seqeval-macro_precision": 0.768138466213691, "test_seqeval-macro_recall": 0.8422189435942096, "test_seqeval-macro_f1": 0.8029289095545424, "test_seqeval-micro_precision": 0.7652011225444341, "test_seqeval-micro_recall": 0.839835728952772, "test_seqeval-micro_f1": 0.8007831620166421, "test_seqeval-ISG_precision": 0.7086614173228346, "test_seqeval-ISG_recall": 0.8333333333333334, "test_seqeval-ISG_f1": 0.7659574468085105, "test_seqeval-SG_precision": 0.7342192691029901, "test_seqeval-SG_recall": 0.8246268656716418, "test_seqeval-SG_f1": 0.7768014059753954, "test_seqeval-PG_precision": 0.8783783783783784, "test_seqeval-PG_recall": 0.8904109589041096, "test_seqeval-PG_f1": 0.8843537414965986, "test_seqeval-PI_precision": 0.7964285714285714, "test_seqeval-PI_recall": 0.8479087452471483, "test_seqeval-PI_f1": 0.8213627992633519, "test_seqeval-ORG_precision": 0.7230046948356808, "test_seqeval-ORG_recall": 0.8148148148148148, "test_seqeval-ORG_f1": 0.7661691542288558, "test_spanlevel-macro_precision_spanwise": 0.8183185913290828, "test_spanlevel-macro_recall_spanwise": 0.8146228470870114, "test_spanlevel-macro_f1_spanwise": 0.8119622264426436, "test_spanlevel-macro_precision_seqavg": 0.8112808978122823, "test_spanlevel-macro_recall_seqavg": 0.8000706168449359, "test_spanlevel-macro_f1_seqavg": 0.8011294635578858, "test_spanlevel-micro_precision_spanwise": 0.8797990479222572, "test_spanlevel-micro_recall_spanwise": 0.8808924429370601, "test_spanlevel-micro_f1_spanwise": 0.8747352259380807, "test_spanlevel-micro_precision_seqavg": 0.8747358716656962, "test_spanlevel-micro_recall_seqavg": 0.8773813818456675, "test_spanlevel-micro_f1_seqavg": 0.8702082439963514, "test_spanlevel-ISG_precision_spanwise": 0.7017543859649122, "test_spanlevel-ISG_recall_spanwise": 0.6967418546365916, "test_spanlevel-ISG_f1_spanwise": 0.6950710108604845, "test_spanlevel-ISG_precision_seqavg": 0.6123466945767334, "test_spanlevel-ISG_recall_seqavg": 0.608234969572232, "test_spanlevel-ISG_f1_seqavg": 0.6084078235216108, "test_spanlevel-SG_precision_spanwise": 0.8487136465324384, "test_spanlevel-SG_recall_spanwise": 0.8393576222435283, "test_spanlevel-SG_f1_spanwise": 0.836062944393846, "test_spanlevel-SG_precision_seqavg": 0.8550209234994296, "test_spanlevel-SG_recall_seqavg": 0.8245611009132039, "test_spanlevel-SG_f1_seqavg": 0.8310179582895989, "test_spanlevel-PG_precision_spanwise": 0.936281179138322, "test_spanlevel-PG_recall_spanwise": 0.9337868480725623, "test_spanlevel-PG_f1_spanwise": 0.9331443688586546, "test_spanlevel-PG_precision_seqavg": 0.9428548001483591, "test_spanlevel-PG_recall_seqavg": 0.9376670804198393, "test_spanlevel-PG_f1_seqavg": 0.9381537214804758, "test_spanlevel-PI_precision_spanwise": 0.8524061032863849, "test_spanlevel-PI_recall_spanwise": 0.8575487012987013, "test_spanlevel-PI_f1_spanwise": 0.8502115405611966, "test_spanlevel-PI_precision_seqavg": 0.8489833903060655, "test_spanlevel-PI_recall_seqavg": 0.8557046924574881, "test_spanlevel-PI_f1_seqavg": 0.8476520766716646, "test_spanlevel-ORG_precision_spanwise": 0.752437641723356, "test_spanlevel-ORG_recall_spanwise": 0.7456792091836734, "test_spanlevel-ORG_f1_spanwise": 0.7453212675390362, "test_spanlevel-ORG_precision_seqavg": 0.7971986805308235, "test_spanlevel-ORG_recall_seqavg": 0.7741852408619168, "test_spanlevel-ORG_f1_seqavg": 0.7804157378260792, "test_doclevel-micro_precision": 0.9483870967741935, "test_doclevel-micro_recall": 0.9882352941176471, "test_doclevel-micro_f1": 0.9679012345679013, "test_doclevel-ISG_precision": 0.8113207547169812, "test_doclevel-ISG_recall": 0.8958333333333334, "test_doclevel-ISG_f1": 0.8514851485148515, "test_doclevel-SG_precision": 0.8927038626609443, "test_doclevel-SG_recall": 0.9674418604651163, "test_doclevel-SG_f1": 0.9285714285714286, "test_doclevel-PG_precision": 0.9925373134328358, "test_doclevel-PG_recall": 0.9568345323741008, "test_doclevel-PG_f1": 0.9743589743589743, "test_doclevel-PI_precision": 0.9254385964912281, "test_doclevel-PI_recall": 0.9590909090909091, "test_doclevel-PI_f1": 0.9419642857142858, "test_doclevel-ORG_precision": 0.8404907975460123, "test_doclevel-ORG_recall": 0.9383561643835616, "test_doclevel-ORG_f1": 0.8867313915857605, "test_wordlevel-macro_precision": 0.882704493653763, "test_wordlevel-macro_recall": 0.9181567959220391, "test_wordlevel-macro_f1": 0.8995143918195857, "test_wordlevel-O_precision": 0.9924727838258165, "test_wordlevel-O_recall": 0.9848756096055312, "test_wordlevel-O_f1": 0.9886596021565348, "test_wordlevel-ISG_precision": 0.7777777777777778, "test_wordlevel-ISG_recall": 0.8588957055214724, "test_wordlevel-ISG_f1": 0.8163265306122449, "test_wordlevel-SG_precision": 0.8777070063694268, "test_wordlevel-SG_recall": 0.9041994750656168, "test_wordlevel-SG_f1": 0.8907563025210085, "test_wordlevel-PG_precision": 0.9693486590038314, "test_wordlevel-PG_recall": 0.937037037037037, "test_wordlevel-PG_f1": 0.9529190207156308, "test_wordlevel-PI_precision": 0.8736998514115899, "test_wordlevel-PI_recall": 0.9483870967741935, "test_wordlevel-PI_f1": 0.9095127610208816, "test_wordlevel-ORG_precision": 0.8052208835341366, "test_wordlevel-ORG_recall": 0.8755458515283843, "test_wordlevel-ORG_f1": 0.8389121338912134, "test_runtime": 5.034, "test_samples_per_second": 174.015, "test_steps_per_second": 2.781, "epoch": 5.0, "run_id": "rep02-step04"}
