{"test_loss": 0.21489647030830383, "test_seqeval-macro_precision": 0.7016313555504293, "test_seqeval-macro_recall": 0.704428657571194, "test_seqeval-macro_f1": 0.700629729062061, "test_seqeval-micro_precision": 0.696014828544949, "test_seqeval-micro_recall": 0.7045028142589118, "test_seqeval-micro_f1": 0.7002331002331003, "test_seqeval-ISG_precision": 0.6442307692307693, "test_seqeval-ISG_recall": 0.5447154471544715, "test_seqeval-ISG_f1": 0.5903083700440528, "test_seqeval-SG_precision": 0.7031700288184438, "test_seqeval-SG_recall": 0.6834733893557423, "test_seqeval-SG_f1": 0.6931818181818181, "test_seqeval-PG_precision": 0.8841463414634146, "test_seqeval-PG_recall": 0.9006211180124224, "test_seqeval-PG_f1": 0.8923076923076924, "test_seqeval-PI_precision": 0.5991902834008097, "test_seqeval-PI_recall": 0.74, "test_seqeval-PI_f1": 0.6621923937360178, "test_seqeval-ORG_precision": 0.6774193548387096, "test_seqeval-ORG_recall": 0.6533333333333333, "test_seqeval-ORG_f1": 0.6651583710407241, "test_spanlevel-macro_precision_spanwise": 0.7248550250350029, "test_spanlevel-macro_recall_spanwise": 0.7046070731514333, "test_spanlevel-macro_f1_spanwise": 0.7067126455504973, "test_spanlevel-macro_precision_seqavg": 0.7302727017350323, "test_spanlevel-macro_recall_seqavg": 0.7087696339855922, "test_spanlevel-macro_f1_seqavg": 0.7110443425125699, "test_spanlevel-micro_precision_spanwise": 0.809391089769241, "test_spanlevel-micro_recall_spanwise": 0.7896063633786848, "test_spanlevel-micro_f1_spanwise": 0.7893565868847905, "test_spanlevel-micro_precision_seqavg": 0.7995937450183326, "test_spanlevel-micro_recall_seqavg": 0.7774383094886144, "test_spanlevel-micro_f1_seqavg": 0.777101059542505, "test_spanlevel-ISG_precision_spanwise": 0.5102040816326531, "test_spanlevel-ISG_recall_spanwise": 0.5, "test_spanlevel-ISG_f1_spanwise": 0.5, "test_spanlevel-ISG_precision_seqavg": 0.5222190384945044, "test_spanlevel-ISG_recall_seqavg": 0.527806660566345, "test_spanlevel-ISG_f1_seqavg": 0.5192095810875046, "test_spanlevel-SG_precision_spanwise": 0.7819011954914592, "test_spanlevel-SG_recall_spanwise": 0.7569661181730146, "test_spanlevel-SG_f1_spanwise": 0.7578487737415803, "test_spanlevel-SG_precision_seqavg": 0.79859108951187, "test_spanlevel-SG_recall_seqavg": 0.7664176228251626, "test_spanlevel-SG_f1_seqavg": 0.770053180883406, "test_spanlevel-PG_precision_spanwise": 0.9126506024096386, "test_spanlevel-PG_recall_spanwise": 0.9236947791164658, "test_spanlevel-PG_f1_spanwise": 0.9138554216867469, "test_spanlevel-PG_precision_seqavg": 0.9261120279162618, "test_spanlevel-PG_recall_seqavg": 0.9312331873959003, "test_spanlevel-PG_f1_seqavg": 0.9261693599494102, "test_spanlevel-PI_precision_spanwise": 0.7052208835341364, "test_spanlevel-PI_recall_spanwise": 0.659265633964429, "test_spanlevel-PI_f1_spanwise": 0.6730543664278603, "test_spanlevel-PI_precision_seqavg": 0.7162456335747728, "test_spanlevel-PI_recall_seqavg": 0.6610348895662804, "test_spanlevel-PI_f1_seqavg": 0.6757178436214341, "test_spanlevel-ORG_precision_spanwise": 0.714298362107127, "test_spanlevel-ORG_recall_spanwise": 0.6831088345032569, "test_spanlevel-ORG_f1_spanwise": 0.6888046658962993, "test_spanlevel-ORG_precision_seqavg": 0.6881957191777529, "test_spanlevel-ORG_recall_seqavg": 0.6573558095742728, "test_spanlevel-ORG_f1_seqavg": 0.6640717470210942, "test_spanlevel-macro_precision_relaxed": 0.8570254226351789, "test_spanlevel-macro_recall_relaxed": 0.8070455118074167, "test_spanlevel-macro_f1_relaxed": 0.8709948730314144, "test_spanlevel-micro_precision_relaxed": 0.8573655955607176, "test_spanlevel-micro_recall_relaxed": 0.8059123548409266, "test_spanlevel-micro_f1_relaxed": 0.8703896438953899, "test_spanlevel-ISG_precision_relaxed": 0.7446236559139785, "test_spanlevel-ISG_recall_relaxed": 0.6045454545454545, "test_spanlevel-ISG_f1_relaxed": 0.9405767940979209, "test_spanlevel-SG_precision_relaxed": 0.9062463256907701, "test_spanlevel-SG_recall_relaxed": 0.7908003253508872, "test_spanlevel-SG_f1_relaxed": 0.9170426507945365, "test_spanlevel-PG_precision_relaxed": 0.938568376068376, "test_spanlevel-PG_recall_relaxed": 0.9629032258064516, "test_spanlevel-PG_f1_relaxed": 0.9729422894985809, "test_spanlevel-PI_precision_relaxed": 0.7591145833333334, "test_spanlevel-PI_recall_relaxed": 0.8476333907056799, "test_spanlevel-PI_f1_relaxed": 0.9144765233166694, "test_spanlevel-ORG_precision_relaxed": 0.845125786163522, "test_spanlevel-ORG_recall_relaxed": 0.7829390354868061, "test_spanlevel-ORG_f1_relaxed": 0.8929233227591977, "test_doclevel-micro_precision": 0.9577235772357724, "test_doclevel-micro_recall": 0.9349206349206349, "test_doclevel-micro_f1": 0.9461847389558233, "test_doclevel-ISG_precision": 0.7741935483870968, "test_doclevel-ISG_recall": 0.6545454545454545, "test_doclevel-ISG_f1": 0.7093596059113301, "test_doclevel-SG_precision": 0.9506172839506173, "test_doclevel-SG_recall": 0.8651685393258427, "test_doclevel-SG_f1": 0.9058823529411766, "test_doclevel-PG_precision": 0.967948717948718, "test_doclevel-PG_recall": 0.9741935483870968, "test_doclevel-PG_f1": 0.9710610932475885, "test_doclevel-PI_precision": 0.796875, "test_doclevel-PI_recall": 0.9216867469879518, "test_doclevel-PI_f1": 0.8547486033519553, "test_doclevel-ORG_precision": 0.8805031446540881, "test_doclevel-ORG_recall": 0.89171974522293, "test_doclevel-ORG_f1": 0.8860759493670887, "test_wordlevel-macro_precision": 0.864427217253955, "test_wordlevel-macro_recall": 0.8007127646854523, "test_wordlevel-macro_f1": 0.8282333135542738, "test_wordlevel-O_precision": 0.9713265843525075, "test_wordlevel-O_recall": 0.9873304782298359, "test_wordlevel-O_f1": 0.9792631485796879, "test_wordlevel-ISG_precision": 0.7322834645669292, "test_wordlevel-ISG_recall": 0.5344827586206896, "test_wordlevel-ISG_f1": 0.6179401993355482, "test_wordlevel-SG_precision": 0.8989583333333333, "test_wordlevel-SG_recall": 0.7458945548833189, "test_wordlevel-SG_f1": 0.8153046764289088, "test_wordlevel-PG_precision": 0.933993399339934, "test_wordlevel-PG_recall": 0.9625850340136054, "test_wordlevel-PG_f1": 0.948073701842546, "test_wordlevel-PI_precision": 0.7918454935622318, "test_wordlevel-PI_recall": 0.8145695364238411, "test_wordlevel-PI_f1": 0.8030467899891186, "test_wordlevel-ORG_precision": 0.8581560283687943, "test_wordlevel-ORG_recall": 0.7594142259414226, "test_wordlevel-ORG_f1": 0.8057713651498335, "test_runtime": 5.2822, "test_samples_per_second": 169.626, "test_steps_per_second": 2.65, "epoch": 6.0, "run_id": "rep04-step01"}
