{"test_loss": 0.12228262424468994, "test_seqeval-macro_precision": 0.7498113196532885, "test_seqeval-macro_recall": 0.8121671818520859, "test_seqeval-macro_f1": 0.779475917466071, "test_seqeval-micro_precision": 0.7544973544973544, "test_seqeval-micro_recall": 0.8214285714285714, "test_seqeval-micro_f1": 0.7865416436845007, "test_seqeval-PI_precision": 0.7244444444444444, "test_seqeval-PI_recall": 0.8274111675126904, "test_seqeval-PI_f1": 0.7725118483412322, "test_seqeval-ISG_precision": 0.7051282051282052, "test_seqeval-ISG_recall": 0.7333333333333333, "test_seqeval-ISG_f1": 0.7189542483660132, "test_seqeval-PG_precision": 0.8352272727272727, "test_seqeval-PG_recall": 0.91875, "test_seqeval-PG_f1": 0.875, "test_seqeval-SG_precision": 0.7692307692307693, "test_seqeval-SG_recall": 0.8433734939759037, "test_seqeval-SG_f1": 0.8045977011494253, "test_seqeval-ORG_precision": 0.7150259067357513, "test_seqeval-ORG_recall": 0.7379679144385026, "test_seqeval-ORG_f1": 0.7263157894736842, "test_spanlevel-macro_precision_spanwise": 0.8144927771309283, "test_spanlevel-macro_recall_spanwise": 0.8032868633906372, "test_spanlevel-macro_f1_spanwise": 0.8030061402707667, "test_spanlevel-macro_precision_seqavg": 0.7942015210955835, "test_spanlevel-macro_recall_seqavg": 0.7751418441032838, "test_spanlevel-macro_f1_seqavg": 0.7773073631208922, "test_spanlevel-micro_precision_spanwise": 0.8921110670018967, "test_spanlevel-micro_recall_spanwise": 0.879940783379648, "test_spanlevel-micro_f1_spanwise": 0.8799586829954258, "test_spanlevel-micro_precision_seqavg": 0.8866215718148933, "test_spanlevel-micro_recall_seqavg": 0.8741207581717247, "test_spanlevel-micro_f1_seqavg": 0.8737764133317818, "test_spanlevel-PI_precision_spanwise": 0.8106725146198831, "test_spanlevel-PI_recall_spanwise": 0.7880116959064327, "test_spanlevel-PI_f1_spanwise": 0.7927125262651579, "test_spanlevel-PI_precision_seqavg": 0.7501303412286676, "test_spanlevel-PI_recall_seqavg": 0.7391778896258411, "test_spanlevel-PI_f1_seqavg": 0.7394999277487178, "test_spanlevel-ISG_precision_spanwise": 0.6609848484848485, "test_spanlevel-ISG_recall_spanwise": 0.6685606060606062, "test_spanlevel-ISG_f1_spanwise": 0.6625, "test_spanlevel-ISG_precision_seqavg": 0.6311937952312631, "test_spanlevel-ISG_recall_seqavg": 0.6387364709148378, "test_spanlevel-ISG_f1_seqavg": 0.6333815731287602, "test_spanlevel-PG_precision_spanwise": 0.9277777777777778, "test_spanlevel-PG_recall_spanwise": 0.9265873015873015, "test_spanlevel-PG_f1_spanwise": 0.9215702947845805, "test_spanlevel-PG_precision_seqavg": 0.8951059921024402, "test_spanlevel-PG_recall_seqavg": 0.8673808562385076, "test_spanlevel-PG_f1_seqavg": 0.870394830801583, "test_spanlevel-SG_precision_spanwise": 0.880179459843639, "test_spanlevel-SG_recall_spanwise": 0.8557994658740927, "test_spanlevel-SG_f1_spanwise": 0.8599187238590379, "test_spanlevel-SG_precision_seqavg": 0.8658183120730468, "test_spanlevel-SG_recall_seqavg": 0.8244986859421161, "test_spanlevel-SG_f1_seqavg": 0.832590971141491, "test_spanlevel-ORG_precision_spanwise": 0.7928492849284929, "test_spanlevel-ORG_recall_spanwise": 0.7774752475247525, "test_spanlevel-ORG_f1_spanwise": 0.7783291564450563, "test_spanlevel-ORG_precision_seqavg": 0.8287591648424998, "test_spanlevel-ORG_recall_seqavg": 0.8059153177951165, "test_spanlevel-ORG_f1_seqavg": 0.810669512783909, "test_spanlevel-macro_precision_relaxed": 0.884226843540129, "test_spanlevel-macro_recall_relaxed": 0.9052408206149086, "test_spanlevel-macro_f1_relaxed": 0.934255110381043, "test_spanlevel-micro_precision_relaxed": 0.8838253873262851, "test_spanlevel-micro_recall_relaxed": 0.9049197879033648, "test_spanlevel-micro_f1_relaxed": 0.9338834032907805, "test_spanlevel-PI_precision_relaxed": 0.8445833333333332, "test_spanlevel-PI_recall_relaxed": 0.9273148148148148, "test_spanlevel-PI_f1_relaxed": 0.9517848087626584, "test_spanlevel-ISG_precision_relaxed": 0.7816901408450704, "test_spanlevel-ISG_recall_relaxed": 0.7939814814814815, "test_spanlevel-ISG_f1_relaxed": 0.9620689655172413, "test_spanlevel-PG_precision_relaxed": 0.9315151515151514, "test_spanlevel-PG_recall_relaxed": 0.9836497890295358, "test_spanlevel-PG_f1_relaxed": 0.9697709463532249, "test_spanlevel-SG_precision_relaxed": 0.91289972899729, "test_spanlevel-SG_recall_relaxed": 0.9234229797979799, "test_spanlevel-SG_f1_relaxed": 0.9521133386724137, "test_spanlevel-ORG_precision_relaxed": 0.879111629111629, "test_spanlevel-ORG_recall_relaxed": 0.8368888888888889, "test_spanlevel-ORG_f1_relaxed": 0.935805670100733, "test_doclevel-micro_precision": 0.9622980251346499, "test_doclevel-micro_recall": 0.9781021897810219, "test_doclevel-micro_f1": 0.970135746606335, "test_doclevel-PI_precision": 0.8722222222222222, "test_doclevel-PI_recall": 0.9691358024691358, "test_doclevel-PI_f1": 0.9181286549707603, "test_doclevel-ISG_precision": 0.8309859154929577, "test_doclevel-ISG_recall": 0.8194444444444444, "test_doclevel-ISG_f1": 0.8251748251748252, "test_doclevel-PG_precision": 0.9575757575757575, "test_doclevel-PG_recall": 1.0, "test_doclevel-PG_f1": 0.978328173374613, "test_doclevel-SG_precision": 0.9463414634146341, "test_doclevel-SG_recall": 0.97, "test_doclevel-SG_f1": 0.9580246913580247, "test_doclevel-ORG_precision": 0.9370629370629371, "test_doclevel-ORG_recall": 0.8933333333333333, "test_doclevel-ORG_f1": 0.9146757679180888, "test_wordlevel-macro_precision": 0.89224514579276, "test_wordlevel-macro_recall": 0.8908348689203637, "test_wordlevel-macro_f1": 0.8908563782184259, "test_wordlevel-O_precision": 0.9858156028368794, "test_wordlevel-O_recall": 0.9885650536884675, "test_wordlevel-O_f1": 0.9871884138699345, "test_wordlevel-PI_precision": 0.8448275862068966, "test_wordlevel-PI_recall": 0.8963414634146342, "test_wordlevel-PI_f1": 0.8698224852071007, "test_wordlevel-ISG_precision": 0.8099173553719008, "test_wordlevel-ISG_recall": 0.784, "test_wordlevel-ISG_f1": 0.7967479674796748, "test_wordlevel-PG_precision": 0.8989169675090253, "test_wordlevel-PG_recall": 0.9688715953307393, "test_wordlevel-PG_f1": 0.9325842696629214, "test_wordlevel-SG_precision": 0.93125, "test_wordlevel-SG_recall": 0.8582949308755761, "test_wordlevel-SG_f1": 0.893285371702638, "test_wordlevel-ORG_precision": 0.8827433628318584, "test_wordlevel-ORG_recall": 0.8489361702127659, "test_wordlevel-ORG_f1": 0.8655097613882863, "test_runtime": 4.551, "test_samples_per_second": 177.764, "test_steps_per_second": 2.857, "epoch": 4.0, "run_id": "rep03-step04"}
