{"test_loss": 0.180095374584198, "test_seqeval-macro_precision": 0.7334567451725439, "test_seqeval-macro_recall": 0.7936633360922821, "test_seqeval-macro_f1": 0.7606754127393093, "test_seqeval-micro_precision": 0.7251975417032485, "test_seqeval-micro_recall": 0.7980676328502415, "test_seqeval-micro_f1": 0.7598896044158234, "test_seqeval-PI_precision": 0.6603053435114504, "test_seqeval-PI_recall": 0.8277511961722488, "test_seqeval-PI_f1": 0.7346072186836518, "test_seqeval-ISG_precision": 0.6923076923076923, "test_seqeval-ISG_recall": 0.6639344262295082, "test_seqeval-ISG_f1": 0.6778242677824268, "test_seqeval-PG_precision": 0.8673469387755102, "test_seqeval-PG_recall": 0.8762886597938144, "test_seqeval-PG_f1": 0.8717948717948717, "test_seqeval-SG_precision": 0.7633410672853829, "test_seqeval-SG_recall": 0.8063725490196079, "test_seqeval-SG_f1": 0.7842669845053636, "test_seqeval-ORG_precision": 0.683982683982684, "test_seqeval-ORG_recall": 0.7939698492462312, "test_seqeval-ORG_f1": 0.7348837209302326, "test_spanlevel-macro_precision_spanwise": 0.7764846294183908, "test_spanlevel-macro_recall_spanwise": 0.7684871593302104, "test_spanlevel-macro_f1_spanwise": 0.7655478158527116, "test_spanlevel-macro_precision_seqavg": 0.7823744635076507, "test_spanlevel-macro_recall_seqavg": 0.7743910256313379, "test_spanlevel-macro_f1_seqavg": 0.7732092843731571, "test_spanlevel-micro_precision_spanwise": 0.8484712036897586, "test_spanlevel-micro_recall_spanwise": 0.8419319766622824, "test_spanlevel-micro_f1_spanwise": 0.8350240081420843, "test_spanlevel-micro_precision_seqavg": 0.8475542004080817, "test_spanlevel-micro_recall_seqavg": 0.840153334890369, "test_spanlevel-micro_f1_seqavg": 0.8331262085416912, "test_spanlevel-PI_precision_spanwise": 0.7744310575635878, "test_spanlevel-PI_recall_spanwise": 0.7681559571619812, "test_spanlevel-PI_f1_spanwise": 0.7635373793309885, "test_spanlevel-PI_precision_seqavg": 0.7374669246925056, "test_spanlevel-PI_recall_seqavg": 0.7196981015648451, "test_spanlevel-PI_f1_seqavg": 0.7225798068937588, "test_spanlevel-ISG_precision_spanwise": 0.6282051282051283, "test_spanlevel-ISG_recall_spanwise": 0.6241258741258742, "test_spanlevel-ISG_f1_spanwise": 0.6198135198135197, "test_spanlevel-ISG_precision_seqavg": 0.6311882263806076, "test_spanlevel-ISG_recall_seqavg": 0.6214693246080258, "test_spanlevel-ISG_f1_seqavg": 0.6193572448654724, "test_spanlevel-PG_precision_spanwise": 0.917, "test_spanlevel-PG_recall_spanwise": 0.892, "test_spanlevel-PG_f1_spanwise": 0.9010000000000001, "test_spanlevel-PG_precision_seqavg": 0.9221537200777006, "test_spanlevel-PG_recall_seqavg": 0.9155627183900616, "test_spanlevel-PG_f1_seqavg": 0.9178985880975031, "test_spanlevel-SG_precision_spanwise": 0.8346488860094302, "test_spanlevel-SG_recall_spanwise": 0.8376170058095003, "test_spanlevel-SG_f1_spanwise": 0.8254697549830506, "test_spanlevel-SG_precision_seqavg": 0.8432669443211138, "test_spanlevel-SG_recall_seqavg": 0.843303743323257, "test_spanlevel-SG_f1_seqavg": 0.8359871931586706, "test_spanlevel-ORG_precision_spanwise": 0.7281380753138076, "test_spanlevel-ORG_recall_spanwise": 0.7205369595536959, "test_spanlevel-ORG_f1_spanwise": 0.7179184251359984, "test_spanlevel-ORG_precision_seqavg": 0.7777965020663261, "test_spanlevel-ORG_recall_seqavg": 0.7719212402705, "test_spanlevel-ORG_f1_seqavg": 0.77022358885038, "test_spanlevel-macro_precision_relaxed": 0.8352237824954544, "test_spanlevel-macro_recall_relaxed": 0.894891379521664, "test_spanlevel-macro_f1_relaxed": 0.9000079665193408, "test_spanlevel-micro_precision_relaxed": 0.8358580274214952, "test_spanlevel-micro_recall_relaxed": 0.8943967672623457, "test_spanlevel-micro_f1_relaxed": 0.9002042570879359, "test_spanlevel-PI_precision_relaxed": 0.7763333333333332, "test_spanlevel-PI_recall_relaxed": 0.9371387283236994, "test_spanlevel-PI_f1_relaxed": 0.9297080471172346, "test_spanlevel-ISG_precision_relaxed": 0.8109567901234568, "test_spanlevel-ISG_recall_relaxed": 0.7485632183908045, "test_spanlevel-ISG_f1_relaxed": 0.9458261037208406, "test_spanlevel-PG_precision_relaxed": 0.9537634408602151, "test_spanlevel-PG_recall_relaxed": 0.9361702127659575, "test_spanlevel-PG_f1_relaxed": 0.9753439153439154, "test_spanlevel-SG_precision_relaxed": 0.8563353928069117, "test_spanlevel-SG_recall_relaxed": 0.9099997080125463, "test_spanlevel-SG_f1_relaxed": 0.9342804902034757, "test_spanlevel-ORG_precision_relaxed": 0.8019021739130435, "test_spanlevel-ORG_recall_relaxed": 0.8952380952380953, "test_spanlevel-ORG_f1_relaxed": 0.9173114795756305, "test_doclevel-micro_precision": 0.9566563467492261, "test_doclevel-micro_recall": 0.9825119236883942, "test_doclevel-micro_f1": 0.9694117647058823, "test_doclevel-PI_precision": 0.84, "test_doclevel-PI_recall": 0.9710982658959537, "test_doclevel-PI_f1": 0.900804289544236, "test_doclevel-ISG_precision": 0.8425925925925926, "test_doclevel-ISG_recall": 0.7844827586206896, "test_doclevel-ISG_f1": 0.8125, "test_doclevel-PG_precision": 0.967741935483871, "test_doclevel-PG_recall": 0.9574468085106383, "test_doclevel-PG_f1": 0.9625668449197862, "test_doclevel-SG_precision": 0.9113924050632911, "test_doclevel-SG_recall": 0.9504950495049505, "test_doclevel-SG_f1": 0.9305331179321485, "test_doclevel-ORG_precision": 0.8641304347826086, "test_doclevel-ORG_recall": 0.9464285714285714, "test_doclevel-ORG_f1": 0.9034090909090908, "test_wordlevel-macro_precision": 0.8665546660835785, "test_wordlevel-macro_recall": 0.8790744730660948, "test_wordlevel-macro_f1": 0.871119196385029, "test_wordlevel-O_precision": 0.981600680106874, "test_wordlevel-O_recall": 0.9801127751167161, "test_wordlevel-O_f1": 0.9808561633445587, "test_wordlevel-PI_precision": 0.8018018018018018, "test_wordlevel-PI_recall": 0.9348739495798319, "test_wordlevel-PI_f1": 0.863239573229874, "test_wordlevel-ISG_precision": 0.7953216374269005, "test_wordlevel-ISG_recall": 0.7195767195767195, "test_wordlevel-ISG_f1": 0.7555555555555554, "test_wordlevel-PG_precision": 0.9523809523809523, "test_wordlevel-PG_recall": 0.935672514619883, "test_wordlevel-PG_f1": 0.943952802359882, "test_wordlevel-SG_precision": 0.8793103448275862, "test_wordlevel-SG_recall": 0.827433628318584, "test_wordlevel-SG_f1": 0.8525835866261398, "test_wordlevel-ORG_precision": 0.7889125799573561, "test_wordlevel-ORG_recall": 0.8767772511848341, "test_wordlevel-ORG_f1": 0.8305274971941639, "test_runtime": 5.3658, "test_samples_per_second": 163.816, "test_steps_per_second": 2.609, "epoch": 6.0, "run_id": "rep05-step03"}
