{"test_loss": 0.11615477502346039, "test_seqeval-macro_precision": 0.7774517249044829, "test_seqeval-macro_recall": 0.8115542406428814, "test_seqeval-macro_f1": 0.7935422976371352, "test_seqeval-micro_precision": 0.7769784172661871, "test_seqeval-micro_recall": 0.8105065666041276, "test_seqeval-micro_f1": 0.7933884297520661, "test_seqeval-SG_precision": 0.8016997167138811, "test_seqeval-SG_recall": 0.7927170868347339, "test_seqeval-SG_f1": 0.7971830985915493, "test_seqeval-ORG_precision": 0.7183673469387755, "test_seqeval-ORG_recall": 0.7822222222222223, "test_seqeval-ORG_f1": 0.748936170212766, "test_seqeval-ISG_precision": 0.7355371900826446, "test_seqeval-ISG_recall": 0.7235772357723578, "test_seqeval-ISG_f1": 0.7295081967213114, "test_seqeval-PI_precision": 0.7400881057268722, "test_seqeval-PI_recall": 0.84, "test_seqeval-PI_f1": 0.7868852459016394, "test_seqeval-PG_precision": 0.891566265060241, "test_seqeval-PG_recall": 0.9192546583850931, "test_seqeval-PG_f1": 0.9051987767584098, "test_spanlevel-macro_precision_spanwise": 0.8013969244160256, "test_spanlevel-macro_recall_spanwise": 0.7936914076268206, "test_spanlevel-macro_f1_spanwise": 0.7919043154443249, "test_spanlevel-macro_precision_seqavg": 0.8052887739747694, "test_spanlevel-macro_recall_seqavg": 0.8001556042825045, "test_spanlevel-macro_f1_seqavg": 0.7977925072479591, "test_spanlevel-micro_precision_spanwise": 0.8760080987523214, "test_spanlevel-micro_recall_spanwise": 0.8661278924448567, "test_spanlevel-micro_f1_spanwise": 0.8633411575180391, "test_spanlevel-micro_precision_seqavg": 0.8634828573352613, "test_spanlevel-micro_recall_seqavg": 0.8526700743024943, "test_spanlevel-micro_f1_seqavg": 0.8499593261436602, "test_spanlevel-SG_precision_spanwise": 0.8585029275338375, "test_spanlevel-SG_recall_spanwise": 0.8364826936542755, "test_spanlevel-SG_f1_spanwise": 0.8373461827566585, "test_spanlevel-SG_precision_seqavg": 0.8385087677165929, "test_spanlevel-SG_recall_seqavg": 0.8223127549669602, "test_spanlevel-SG_f1_seqavg": 0.8213248326167364, "test_spanlevel-ORG_precision_spanwise": 0.7957010582010582, "test_spanlevel-ORG_recall_spanwise": 0.7892101284958428, "test_spanlevel-ORG_f1_spanwise": 0.7868646212693832, "test_spanlevel-ORG_precision_seqavg": 0.7955241644061546, "test_spanlevel-ORG_recall_seqavg": 0.7852768925394862, "test_spanlevel-ORG_f1_seqavg": 0.7849157561153184, "test_spanlevel-ISG_precision_spanwise": 0.636986301369863, "test_spanlevel-ISG_recall_spanwise": 0.636986301369863, "test_spanlevel-ISG_f1_spanwise": 0.6335616438356164, "test_spanlevel-ISG_precision_seqavg": 0.6543488796868506, "test_spanlevel-ISG_recall_seqavg": 0.6680973485488109, "test_spanlevel-ISG_f1_seqavg": 0.6558387028850416, "test_spanlevel-PI_precision_spanwise": 0.7931752873563218, "test_spanlevel-PI_recall_spanwise": 0.7786945812807882, "test_spanlevel-PI_f1_spanwise": 0.7805756599722118, "test_spanlevel-PI_precision_seqavg": 0.7961116657892294, "test_spanlevel-PI_recall_seqavg": 0.790846296650253, "test_spanlevel-PI_f1_seqavg": 0.791085656630449, "test_spanlevel-PG_precision_spanwise": 0.9226190476190477, "test_spanlevel-PG_recall_spanwise": 0.9270833333333334, "test_spanlevel-PG_f1_spanwise": 0.9211734693877551, "test_spanlevel-PG_precision_seqavg": 0.94195039227502, "test_spanlevel-PG_recall_seqavg": 0.9342447287070123, "test_spanlevel-PG_f1_seqavg": 0.9357975879922501, "test_spanlevel-macro_precision_relaxed": 0.8690310816071468, "test_spanlevel-macro_recall_relaxed": 0.8875520511234801, "test_spanlevel-macro_f1_relaxed": 0.9174828781060134, "test_spanlevel-micro_precision_relaxed": 0.8700829799004243, "test_spanlevel-micro_recall_relaxed": 0.8875961428342382, "test_spanlevel-micro_f1_relaxed": 0.9185539971263572, "test_spanlevel-SG_precision_relaxed": 0.9211074519898049, "test_spanlevel-SG_recall_relaxed": 0.868749290659403, "test_spanlevel-SG_f1_relaxed": 0.9373932067093615, "test_spanlevel-ORG_precision_relaxed": 0.8325803212851405, "test_spanlevel-ORG_recall_relaxed": 0.8983924780103123, "test_spanlevel-ORG_f1_relaxed": 0.938576752084303, "test_spanlevel-ISG_precision_relaxed": 0.759009009009009, "test_spanlevel-ISG_recall_relaxed": 0.759090909090909, "test_spanlevel-ISG_f1_relaxed": 0.9673311184939092, "test_spanlevel-PI_precision_relaxed": 0.8247282608695652, "test_spanlevel-PI_recall_relaxed": 0.9045109007458405, "test_spanlevel-PI_f1_relaxed": 0.9572711476557632, "test_spanlevel-PG_precision_relaxed": 0.9386792452830188, "test_spanlevel-PG_recall_relaxed": 0.9733870967741935, "test_spanlevel-PG_f1_relaxed": 0.9840225563909776, "test_doclevel-micro_precision": 0.957680250783699, "test_doclevel-micro_recall": 0.9698412698412698, "test_doclevel-micro_f1": 0.9637223974763406, "test_doclevel-SG_precision": 0.9575289575289575, "test_doclevel-SG_recall": 0.9288389513108615, "test_doclevel-SG_f1": 0.9429657794676807, "test_doclevel-ORG_precision": 0.8855421686746988, "test_doclevel-ORG_recall": 0.9363057324840764, "test_doclevel-ORG_f1": 0.9102167182662539, "test_doclevel-ISG_precision": 0.7927927927927928, "test_doclevel-ISG_recall": 0.8, "test_doclevel-ISG_f1": 0.7963800904977376, "test_doclevel-PI_precision": 0.8532608695652174, "test_doclevel-PI_recall": 0.9457831325301205, "test_doclevel-PI_f1": 0.897142857142857, "test_doclevel-PG_precision": 0.9559748427672956, "test_doclevel-PG_recall": 0.9806451612903225, "test_doclevel-PG_f1": 0.9681528662420381, "test_wordlevel-macro_precision": 0.8792217360009271, "test_wordlevel-macro_recall": 0.8790254092130988, "test_wordlevel-macro_f1": 0.8785360693949423, "test_wordlevel-O_precision": 0.9842258198422582, "test_wordlevel-O_recall": 0.9872115155841066, "test_wordlevel-O_f1": 0.9857164068299926, "test_wordlevel-SG_precision": 0.9123468426013195, "test_wordlevel-SG_recall": 0.8366464995678479, "test_wordlevel-SG_f1": 0.872858431018936, "test_wordlevel-ORG_precision": 0.8330019880715706, "test_wordlevel-ORG_recall": 0.8765690376569037, "test_wordlevel-ORG_f1": 0.8542303771661569, "test_wordlevel-ISG_precision": 0.75, "test_wordlevel-ISG_recall": 0.7068965517241379, "test_wordlevel-ISG_f1": 0.7278106508875739, "test_wordlevel-PI_precision": 0.8580508474576272, "test_wordlevel-PI_recall": 0.8940397350993378, "test_wordlevel-PI_f1": 0.8756756756756758, "test_wordlevel-PG_precision": 0.9377049180327869, "test_wordlevel-PG_recall": 0.9727891156462585, "test_wordlevel-PG_f1": 0.9549248747913189, "test_runtime": 8.8457, "test_samples_per_second": 101.293, "test_steps_per_second": 1.583, "epoch": 6.0}