{"test_loss": 0.07507115602493286, "test_seqeval-macro_precision": 0.8269390895385446, "test_seqeval-macro_recall": 0.8734690376680895, "test_seqeval-macro_f1": 0.8482722446275431, "test_seqeval-micro_precision": 0.8336330935251799, "test_seqeval-micro_recall": 0.8696060037523452, "test_seqeval-micro_f1": 0.8512396694214877, "test_seqeval-PI_precision": 0.7782608695652173, "test_seqeval-PI_recall": 0.895, "test_seqeval-PI_f1": 0.8325581395348837, "test_seqeval-ISG_precision": 0.7361111111111112, "test_seqeval-ISG_recall": 0.8617886178861789, "test_seqeval-ISG_f1": 0.7940074906367042, "test_seqeval-PG_precision": 0.9036144578313253, "test_seqeval-PG_recall": 0.9316770186335404, "test_seqeval-PG_f1": 0.9174311926605505, "test_seqeval-SG_precision": 0.865546218487395, "test_seqeval-SG_recall": 0.865546218487395, "test_seqeval-SG_f1": 0.865546218487395, "test_seqeval-ORG_precision": 0.8511627906976744, "test_seqeval-ORG_recall": 0.8133333333333334, "test_seqeval-ORG_f1": 0.8318181818181818, "test_spanlevel-macro_precision_spanwise": 0.8500853817536221, "test_spanlevel-macro_recall_spanwise": 0.8541618860318383, "test_spanlevel-macro_f1_spanwise": 0.8483760855113951, "test_spanlevel-macro_precision_seqavg": 0.8698797269085444, "test_spanlevel-macro_recall_seqavg": 0.879992078252711, "test_spanlevel-macro_f1_seqavg": 0.8717063198198802, "test_spanlevel-micro_precision_spanwise": 0.9161256937632051, "test_spanlevel-micro_recall_spanwise": 0.9221744591447028, "test_spanlevel-micro_f1_spanwise": 0.91460757339158, "test_spanlevel-micro_precision_seqavg": 0.9004755576401917, "test_spanlevel-micro_recall_seqavg": 0.9059560320269161, "test_spanlevel-micro_f1_seqavg": 0.8991222055562479, "test_spanlevel-PI_precision_spanwise": 0.8371739130434783, "test_spanlevel-PI_recall_spanwise": 0.8244927536231884, "test_spanlevel-PI_f1_spanwise": 0.8263146997929607, "test_spanlevel-PI_precision_seqavg": 0.8326598466035635, "test_spanlevel-PI_recall_seqavg": 0.8282329153155602, "test_spanlevel-PI_f1_seqavg": 0.8283043012742695, "test_spanlevel-ISG_precision_spanwise": 0.7116228070175438, "test_spanlevel-ISG_recall_spanwise": 0.7203947368421053, "test_spanlevel-ISG_f1_spanwise": 0.7135964912280702, "test_spanlevel-ISG_precision_seqavg": 0.7789779087834426, "test_spanlevel-ISG_recall_seqavg": 0.8062425120581894, "test_spanlevel-ISG_f1_seqavg": 0.7882139816890843, "test_spanlevel-PG_precision_spanwise": 0.9311377245508982, "test_spanlevel-PG_recall_spanwise": 0.9471057884231536, "test_spanlevel-PG_f1_spanwise": 0.9361277445109781, "test_spanlevel-PG_precision_seqavg": 0.9337326478816123, "test_spanlevel-PG_recall_seqavg": 0.9490642369386888, "test_spanlevel-PG_f1_seqavg": 0.9391494362167243, "test_spanlevel-SG_precision_spanwise": 0.9057406911065448, "test_spanlevel-SG_recall_spanwise": 0.9059894035503792, "test_spanlevel-SG_f1_spanwise": 0.9010645432054646, "test_spanlevel-SG_precision_seqavg": 0.9336795106997489, "test_spanlevel-SG_recall_seqavg": 0.9358042103961083, "test_spanlevel-SG_f1_seqavg": 0.9308117875983745, "test_spanlevel-ORG_precision_spanwise": 0.8647517730496453, "test_spanlevel-ORG_recall_spanwise": 0.8728267477203648, "test_spanlevel-ORG_f1_spanwise": 0.8647769488195021, "test_spanlevel-ORG_precision_seqavg": 0.8703487205743544, "test_spanlevel-ORG_recall_seqavg": 0.8806165165550088, "test_spanlevel-ORG_f1_seqavg": 0.8720520923209492, "test_spanlevel-macro_precision_relaxed": 0.8982468930724743, "test_spanlevel-macro_recall_relaxed": 0.9396734922925399, "test_spanlevel-macro_f1_relaxed": 0.9490223086033436, "test_spanlevel-micro_precision_relaxed": 0.8968196751568844, "test_spanlevel-micro_recall_relaxed": 0.9398943917634395, "test_spanlevel-micro_f1_relaxed": 0.9483775720414167, "test_spanlevel-PI_precision_relaxed": 0.8563576945929887, "test_spanlevel-PI_recall_relaxed": 0.9523092369477912, "test_spanlevel-PI_f1_relaxed": 0.9690449632167423, "test_spanlevel-ISG_precision_relaxed": 0.7591863517060367, "test_spanlevel-ISG_recall_relaxed": 0.8909090909090909, "test_spanlevel-ISG_f1_relaxed": 0.9763347763347764, "test_spanlevel-PG_precision_relaxed": 0.940775681341719, "test_spanlevel-PG_recall_relaxed": 0.9838709677419355, "test_spanlevel-PG_f1_relaxed": 0.9838157485216308, "test_spanlevel-SG_precision_relaxed": 0.9470689033189034, "test_spanlevel-SG_recall_relaxed": 0.939928174197837, "test_spanlevel-SG_f1_relaxed": 0.9671018303029333, "test_spanlevel-ORG_precision_relaxed": 0.9248106060606062, "test_spanlevel-ORG_recall_relaxed": 0.9068850470124356, "test_spanlevel-ORG_f1_relaxed": 0.9706686511531925, "test_doclevel-micro_precision": 0.9596899224806201, "test_doclevel-micro_recall": 0.9825396825396825, "test_doclevel-micro_f1": 0.9709803921568628, "test_doclevel-PI_precision": 0.8716577540106952, "test_doclevel-PI_recall": 0.9819277108433735, "test_doclevel-PI_f1": 0.9235127478753541, "test_doclevel-ISG_precision": 0.7952755905511811, "test_doclevel-ISG_recall": 0.9181818181818182, "test_doclevel-ISG_f1": 0.8523206751054853, "test_doclevel-PG_precision": 0.9622641509433962, "test_doclevel-PG_recall": 0.9870967741935484, "test_doclevel-PG_f1": 0.9745222929936306, "test_doclevel-SG_precision": 0.9734848484848485, "test_doclevel-SG_recall": 0.9625468164794008, "test_doclevel-SG_f1": 0.967984934086629, "test_doclevel-ORG_precision": 0.948051948051948, "test_doclevel-ORG_recall": 0.9299363057324841, "test_doclevel-ORG_f1": 0.9389067524115756, "test_wordlevel-macro_precision": 0.9060611786821434, "test_wordlevel-macro_recall": 0.9387434615866895, "test_wordlevel-macro_f1": 0.9212053859618701, "test_wordlevel-O_precision": 0.9930232558139535, "test_wordlevel-O_recall": 0.9905424696645253, "test_wordlevel-O_f1": 0.9917813114168305, "test_wordlevel-PI_precision": 0.8851774530271399, "test_wordlevel-PI_recall": 0.9359823399558499, "test_wordlevel-PI_f1": 0.9098712446351933, "test_wordlevel-ISG_precision": 0.7475728155339806, "test_wordlevel-ISG_recall": 0.8850574712643678, "test_wordlevel-ISG_f1": 0.8105263157894737, "test_wordlevel-PG_precision": 0.9415584415584416, "test_wordlevel-PG_recall": 0.9863945578231292, "test_wordlevel-PG_f1": 0.9634551495016611, "test_wordlevel-SG_precision": 0.9436619718309859, "test_wordlevel-SG_recall": 0.9265341400172861, "test_wordlevel-SG_f1": 0.9350196249454862, "test_wordlevel-ORG_precision": 0.9253731343283582, "test_wordlevel-ORG_recall": 0.9079497907949791, "test_wordlevel-ORG_f1": 0.9165786694825765, "test_runtime": 5.3346, "test_samples_per_second": 167.96, "test_steps_per_second": 2.624, "epoch": 4.0, "run_id": "rep04-step06"}
