{"test_loss": 0.11334361135959625, "test_seqeval-macro_precision": 0.7380360013727267, "test_seqeval-macro_recall": 0.8033629109473411, "test_seqeval-macro_f1": 0.767539359631057, "test_seqeval-micro_precision": 0.7385281385281385, "test_seqeval-micro_recall": 0.800187617260788, "test_seqeval-micro_f1": 0.7681224673570465, "test_seqeval-PI_precision": 0.6360153256704981, "test_seqeval-PI_recall": 0.83, "test_seqeval-PI_f1": 0.720173535791757, "test_seqeval-ISG_precision": 0.6618705035971223, "test_seqeval-ISG_recall": 0.7479674796747967, "test_seqeval-ISG_f1": 0.7022900763358778, "test_seqeval-PG_precision": 0.8682634730538922, "test_seqeval-PG_recall": 0.9006211180124224, "test_seqeval-PG_f1": 0.8841463414634148, "test_seqeval-SG_precision": 0.7762430939226519, "test_seqeval-SG_recall": 0.7871148459383753, "test_seqeval-SG_f1": 0.7816411682892908, "test_seqeval-ORG_precision": 0.7477876106194691, "test_seqeval-ORG_recall": 0.7511111111111111, "test_seqeval-ORG_f1": 0.7494456762749445, "test_spanlevel-macro_precision_spanwise": 0.7819887851532773, "test_spanlevel-macro_recall_spanwise": 0.7794717800881806, "test_spanlevel-macro_f1_spanwise": 0.7738308822823569, "test_spanlevel-macro_precision_seqavg": 0.7952101436485352, "test_spanlevel-macro_recall_seqavg": 0.7987907069870042, "test_spanlevel-macro_f1_seqavg": 0.7913669473571426, "test_spanlevel-micro_precision_spanwise": 0.8651079839734193, "test_spanlevel-micro_recall_spanwise": 0.8606768109736448, "test_spanlevel-micro_f1_spanwise": 0.8552778730225145, "test_spanlevel-micro_precision_seqavg": 0.856408128908129, "test_spanlevel-micro_recall_seqavg": 0.849396682862592, "test_spanlevel-micro_f1_seqavg": 0.8449281712732114, "test_spanlevel-PI_precision_spanwise": 0.7161108022975727, "test_spanlevel-PI_recall_spanwise": 0.7185751343338892, "test_spanlevel-PI_f1_spanwise": 0.7118606296427308, "test_spanlevel-PI_precision_seqavg": 0.6895952929554503, "test_spanlevel-PI_recall_seqavg": 0.6975467080650846, "test_spanlevel-PI_f1_seqavg": 0.6888387559929133, "test_spanlevel-ISG_precision_spanwise": 0.6139240506329114, "test_spanlevel-ISG_recall_spanwise": 0.6223628691983123, "test_spanlevel-ISG_f1_spanwise": 0.6137130801687763, "test_spanlevel-ISG_precision_seqavg": 0.6591650698809476, "test_spanlevel-ISG_recall_seqavg": 0.6879309134838714, "test_spanlevel-ISG_f1_seqavg": 0.6684009349680703, "test_spanlevel-PG_precision_spanwise": 0.9087301587301587, "test_spanlevel-PG_recall_spanwise": 0.9375, "test_spanlevel-PG_f1_spanwise": 0.9192460317460318, "test_spanlevel-PG_precision_seqavg": 0.9242070337722654, "test_spanlevel-PG_recall_seqavg": 0.9519138672978261, "test_spanlevel-PG_f1_seqavg": 0.9344614434105812, "test_spanlevel-SG_precision_spanwise": 0.8702981552981554, "test_spanlevel-SG_recall_spanwise": 0.8366444741444742, "test_spanlevel-SG_f1_spanwise": 0.840615949550159, "test_spanlevel-SG_precision_seqavg": 0.888279607269297, "test_spanlevel-SG_recall_seqavg": 0.8629665235072633, "test_spanlevel-SG_f1_seqavg": 0.86687259541194, "test_spanlevel-ORG_precision_spanwise": 0.800880758807588, "test_spanlevel-ORG_recall_spanwise": 0.7822764227642276, "test_spanlevel-ORG_f1_spanwise": 0.7837187203040862, "test_spanlevel-ORG_precision_seqavg": 0.8148037143647158, "test_spanlevel-ORG_recall_seqavg": 0.7935955225809758, "test_spanlevel-ORG_f1_seqavg": 0.7982610070022083, "test_spanlevel-macro_precision_relaxed": 0.8507051943584453, "test_spanlevel-macro_recall_relaxed": 0.892291806517997, "test_spanlevel-macro_f1_relaxed": 0.9050579043760115, "test_spanlevel-micro_precision_relaxed": 0.8513016610152836, "test_spanlevel-micro_recall_relaxed": 0.8926555631317536, "test_spanlevel-micro_f1_relaxed": 0.9059569705621413, "test_spanlevel-PI_precision_relaxed": 0.7323529411764704, "test_spanlevel-PI_recall_relaxed": 0.9419678714859439, "test_spanlevel-PI_f1_relaxed": 0.934672429947368, "test_spanlevel-ISG_precision_relaxed": 0.6997354497354497, "test_spanlevel-ISG_recall_relaxed": 0.8113636363636364, "test_spanlevel-ISG_f1_relaxed": 0.9524844720496897, "test_spanlevel-PG_precision_relaxed": 0.9266877637130801, "test_spanlevel-PG_recall_relaxed": 0.9806451612903225, "test_spanlevel-PG_f1_relaxed": 0.9766917293233083, "test_spanlevel-SG_precision_relaxed": 0.9344961240310078, "test_spanlevel-SG_recall_relaxed": 0.8605771984985467, "test_spanlevel-SG_f1_relaxed": 0.9256643336720182, "test_spanlevel-ORG_precision_relaxed": 0.8634696016771489, "test_spanlevel-ORG_recall_relaxed": 0.8536093418259022, "test_spanlevel-ORG_f1_relaxed": 0.9262715753874718, "test_doclevel-micro_precision": 0.9535603715170279, "test_doclevel-micro_recall": 0.9777777777777777, "test_doclevel-micro_f1": 0.9655172413793104, "test_doclevel-PI_precision": 0.7892156862745098, "test_doclevel-PI_recall": 0.9698795180722891, "test_doclevel-PI_f1": 0.8702702702702702, "test_doclevel-ISG_precision": 0.7380952380952381, "test_doclevel-ISG_recall": 0.8454545454545455, "test_doclevel-ISG_f1": 0.788135593220339, "test_doclevel-PG_precision": 0.9620253164556962, "test_doclevel-PG_recall": 0.9806451612903225, "test_doclevel-PG_f1": 0.9712460063897763, "test_doclevel-SG_precision": 0.9651162790697675, "test_doclevel-SG_recall": 0.9325842696629213, "test_doclevel-SG_f1": 0.9485714285714285, "test_doclevel-ORG_precision": 0.9056603773584906, "test_doclevel-ORG_recall": 0.9171974522292994, "test_doclevel-ORG_f1": 0.9113924050632911, "test_wordlevel-macro_precision": 0.8639920800802118, "test_wordlevel-macro_recall": 0.8879621888325611, "test_wordlevel-macro_f1": 0.8728245785177243, "test_wordlevel-O_precision": 0.9834054406448172, "test_wordlevel-O_recall": 0.9869735902926481, "test_wordlevel-O_f1": 0.9851862846964524, "test_wordlevel-PI_precision": 0.7834862385321101, "test_wordlevel-PI_recall": 0.9426048565121413, "test_wordlevel-PI_f1": 0.8557114228456915, "test_wordlevel-ISG_precision": 0.6716417910447762, "test_wordlevel-ISG_recall": 0.7758620689655172, "test_wordlevel-ISG_f1": 0.7200000000000001, "test_wordlevel-PG_precision": 0.9177215189873418, "test_wordlevel-PG_recall": 0.9863945578231292, "test_wordlevel-PG_f1": 0.9508196721311475, "test_wordlevel-SG_precision": 0.944954128440367, "test_wordlevel-SG_recall": 0.801210025929127, "test_wordlevel-SG_f1": 0.8671655753040225, "test_wordlevel-ORG_precision": 0.8827433628318584, "test_wordlevel-ORG_recall": 0.8347280334728033, "test_wordlevel-ORG_f1": 0.8580645161290322, "test_runtime": 6.0335, "test_samples_per_second": 148.504, "test_steps_per_second": 2.32, "epoch": 5.0, "run_id": "rep04-step05"}
