{"test_loss": 0.10871235281229019, "test_seqeval-macro_precision": 0.7587066329397347, "test_seqeval-macro_recall": 0.8362894980019483, "test_seqeval-macro_f1": 0.7937475509753036, "test_seqeval-micro_precision": 0.7734294541709578, "test_seqeval-micro_recall": 0.8409854423292273, "test_seqeval-micro_f1": 0.8057939914163089, "test_seqeval-ISG_precision": 0.6299212598425197, "test_seqeval-ISG_recall": 0.8163265306122449, "test_seqeval-ISG_f1": 0.7111111111111111, "test_seqeval-SG_precision": 0.8360655737704918, "test_seqeval-SG_recall": 0.8547486033519553, "test_seqeval-SG_f1": 0.8453038674033149, "test_seqeval-PG_precision": 0.8446601941747572, "test_seqeval-PG_recall": 0.8529411764705882, "test_seqeval-PG_f1": 0.848780487804878, "test_seqeval-PI_precision": 0.7426900584795322, "test_seqeval-PI_recall": 0.774390243902439, "test_seqeval-PI_f1": 0.7582089552238805, "test_seqeval-ORG_precision": 0.7401960784313726, "test_seqeval-ORG_recall": 0.8830409356725146, "test_seqeval-ORG_f1": 0.8053333333333335, "test_spanlevel-macro_precision_spanwise": 0.7894620407465385, "test_spanlevel-macro_recall_spanwise": 0.7917127241297758, "test_spanlevel-macro_f1_spanwise": 0.7842719038944486, "test_spanlevel-macro_precision_seqavg": 0.7939596106207858, "test_spanlevel-macro_recall_seqavg": 0.7937473479706826, "test_spanlevel-macro_f1_seqavg": 0.7873858518691439, "test_spanlevel-micro_precision_spanwise": 0.8754147166334014, "test_spanlevel-micro_recall_spanwise": 0.8780385431834529, "test_spanlevel-micro_f1_spanwise": 0.8705868340578591, "test_spanlevel-micro_precision_seqavg": 0.8733122412447745, "test_spanlevel-micro_recall_seqavg": 0.875930325220596, "test_spanlevel-micro_f1_seqavg": 0.8679839403082301, "test_spanlevel-ISG_precision_spanwise": 0.6143552311435523, "test_spanlevel-ISG_recall_spanwise": 0.6034063260340633, "test_spanlevel-ISG_f1_spanwise": 0.6034063260340632, "test_spanlevel-ISG_precision_seqavg": 0.6210693605651885, "test_spanlevel-ISG_recall_seqavg": 0.6059080477391706, "test_spanlevel-ISG_f1_seqavg": 0.608117723379907, "test_spanlevel-SG_precision_spanwise": 0.8928076466972744, "test_spanlevel-SG_recall_spanwise": 0.8961414007526335, "test_spanlevel-SG_f1_spanwise": 0.8874044940274778, "test_spanlevel-SG_precision_seqavg": 0.8895982299985449, "test_spanlevel-SG_recall_seqavg": 0.8913473984767588, "test_spanlevel-SG_f1_seqavg": 0.8850800814683671, "test_spanlevel-PG_precision_spanwise": 0.9009433962264151, "test_spanlevel-PG_recall_spanwise": 0.9143081761006289, "test_spanlevel-PG_f1_spanwise": 0.8981132075471698, "test_spanlevel-PG_precision_seqavg": 0.9068693595775361, "test_spanlevel-PG_recall_seqavg": 0.9016948754896784, "test_spanlevel-PG_f1_seqavg": 0.8934963375849506, "test_spanlevel-PI_precision_spanwise": 0.7594132694400074, "test_spanlevel-PI_recall_spanwise": 0.7661247870047093, "test_spanlevel-PI_f1_spanwise": 0.7572802123604263, "test_spanlevel-PI_precision_seqavg": 0.7782849108596173, "test_spanlevel-PI_recall_seqavg": 0.7842005404505755, "test_spanlevel-PI_f1_seqavg": 0.7748406399549786, "test_spanlevel-ORG_precision_spanwise": 0.779790660225443, "test_spanlevel-ORG_recall_spanwise": 0.7785829307568439, "test_spanlevel-ORG_f1_spanwise": 0.7751552795031056, "test_spanlevel-ORG_precision_seqavg": 0.7739761921030427, "test_spanlevel-ORG_recall_seqavg": 0.7855858776972292, "test_spanlevel-ORG_f1_seqavg": 0.7753944769575163, "test_doclevel-micro_precision": 0.9579124579124579, "test_doclevel-micro_recall": 0.9827288428324698, "test_doclevel-micro_f1": 0.9701619778346121, "test_doclevel-ISG_precision": 0.7280701754385965, "test_doclevel-ISG_recall": 0.8736842105263158, "test_doclevel-ISG_f1": 0.7942583732057417, "test_doclevel-SG_precision": 0.9659863945578231, "test_doclevel-SG_recall": 0.9659863945578231, "test_doclevel-SG_f1": 0.9659863945578231, "test_doclevel-PG_precision": 0.9891304347826086, "test_doclevel-PG_recall": 0.9680851063829787, "test_doclevel-PG_f1": 0.9784946236559139, "test_doclevel-PI_precision": 0.851063829787234, "test_doclevel-PI_recall": 0.9230769230769231, "test_doclevel-PI_f1": 0.8856088560885609, "test_doclevel-ORG_precision": 0.8373493975903614, "test_doclevel-ORG_recall": 0.9652777777777778, "test_doclevel-ORG_f1": 0.896774193548387, "test_wordlevel-macro_precision": 0.8550532358487345, "test_wordlevel-macro_recall": 0.9038537174307781, "test_wordlevel-macro_f1": 0.8773498174106954, "test_wordlevel-O_precision": 0.9916189411929041, "test_wordlevel-O_recall": 0.9841952031055039, "test_wordlevel-O_f1": 0.9878931255218479, "test_wordlevel-ISG_precision": 0.69375, "test_wordlevel-ISG_recall": 0.8043478260869565, "test_wordlevel-ISG_f1": 0.7449664429530202, "test_wordlevel-SG_precision": 0.9265734265734266, "test_wordlevel-SG_recall": 0.9306409130816505, "test_wordlevel-SG_f1": 0.9286027157249234, "test_wordlevel-PG_precision": 0.9028571428571428, "test_wordlevel-PG_recall": 0.9080459770114943, "test_wordlevel-PG_f1": 0.9054441260744985, "test_wordlevel-PI_precision": 0.8387978142076503, "test_wordlevel-PI_recall": 0.8480662983425414, "test_wordlevel-PI_f1": 0.8434065934065934, "test_wordlevel-ORG_precision": 0.7767220902612827, "test_wordlevel-ORG_recall": 0.9478260869565217, "test_wordlevel-ORG_f1": 0.8537859007832898, "test_runtime": 4.6883, "test_samples_per_second": 172.769, "test_steps_per_second": 2.773, "epoch": 4.0, "run_id": "rep01-step04"}
