{"test_loss": 0.1471611112356186, "test_seqeval-macro_precision": 0.704418373158667, "test_seqeval-macro_recall": 0.7701767695391355, "test_seqeval-macro_f1": 0.7332732755904242, "test_seqeval-micro_precision": 0.7024539877300614, "test_seqeval-micro_recall": 0.7914746543778802, "test_seqeval-micro_f1": 0.7443120260021668, "test_seqeval-ISG_precision": 0.6716417910447762, "test_seqeval-ISG_recall": 0.6, "test_seqeval-ISG_f1": 0.6338028169014084, "test_seqeval-SG_precision": 0.7481481481481481, "test_seqeval-SG_recall": 0.8112449799196787, "test_seqeval-SG_f1": 0.7784200385356455, "test_seqeval-PG_precision": 0.8171428571428572, "test_seqeval-PG_recall": 0.89375, "test_seqeval-PG_f1": 0.8537313432835821, "test_seqeval-PI_precision": 0.7188940092165899, "test_seqeval-PI_recall": 0.7918781725888325, "test_seqeval-PI_f1": 0.753623188405797, "test_seqeval-ORG_precision": 0.5662650602409639, "test_seqeval-ORG_recall": 0.7540106951871658, "test_seqeval-ORG_f1": 0.6467889908256881, "test_spanlevel-macro_precision_spanwise": 0.7517448799292857, "test_spanlevel-macro_recall_spanwise": 0.7550719031863433, "test_spanlevel-macro_f1_spanwise": 0.7465957491563749, "test_spanlevel-macro_precision_seqavg": 0.7378776708308749, "test_spanlevel-macro_recall_seqavg": 0.7385333903526297, "test_spanlevel-macro_f1_seqavg": 0.7307812667292883, "test_spanlevel-micro_precision_spanwise": 0.8263903493398762, "test_spanlevel-micro_recall_spanwise": 0.8346607694793814, "test_spanlevel-micro_f1_spanwise": 0.8229458871684178, "test_spanlevel-micro_precision_seqavg": 0.8297081291608437, "test_spanlevel-micro_recall_seqavg": 0.8388631298810808, "test_spanlevel-micro_f1_seqavg": 0.8261942402081298, "test_spanlevel-ISG_precision_spanwise": 0.5949612403100775, "test_spanlevel-ISG_recall_spanwise": 0.5910852713178295, "test_spanlevel-ISG_f1_spanwise": 0.5864341085271318, "test_spanlevel-ISG_precision_seqavg": 0.5584602913430223, "test_spanlevel-ISG_recall_seqavg": 0.5548765918332902, "test_spanlevel-ISG_f1_seqavg": 0.5528568146512498, "test_spanlevel-SG_precision_spanwise": 0.8178351783517835, "test_spanlevel-SG_recall_spanwise": 0.8240984568936599, "test_spanlevel-SG_f1_spanwise": 0.8133132768784093, "test_spanlevel-SG_precision_seqavg": 0.8276815155681843, "test_spanlevel-SG_recall_seqavg": 0.8205634670231268, "test_spanlevel-SG_f1_seqavg": 0.8146531164518438, "test_spanlevel-PG_precision_spanwise": 0.9106425702811244, "test_spanlevel-PG_recall_spanwise": 0.9221887550200802, "test_spanlevel-PG_f1_spanwise": 0.9101835915088926, "test_spanlevel-PG_precision_seqavg": 0.8819563521585904, "test_spanlevel-PG_recall_seqavg": 0.8760570784672406, "test_spanlevel-PG_f1_seqavg": 0.8658276483042588, "test_spanlevel-PI_precision_spanwise": 0.7790370370370371, "test_spanlevel-PI_recall_spanwise": 0.7594708994708995, "test_spanlevel-PI_f1_spanwise": 0.7638480038480038, "test_spanlevel-PI_precision_seqavg": 0.7289409075022004, "test_spanlevel-PI_recall_seqavg": 0.7175805326240753, "test_spanlevel-PI_f1_seqavg": 0.7205083109378271, "test_spanlevel-ORG_precision_spanwise": 0.6562483736664064, "test_spanlevel-ORG_recall_spanwise": 0.678516133229248, "test_spanlevel-ORG_f1_spanwise": 0.6591997650194372, "test_spanlevel-ORG_precision_seqavg": 0.6923492875823765, "test_spanlevel-ORG_recall_seqavg": 0.7235892818154157, "test_spanlevel-ORG_f1_seqavg": 0.7000604433012622, "test_spanlevel-macro_precision_relaxed": 0.8357519590114528, "test_spanlevel-macro_recall_relaxed": 0.8950801682097305, "test_spanlevel-macro_f1_relaxed": 0.9006247023708862, "test_spanlevel-micro_precision_relaxed": 0.8347548724131005, "test_spanlevel-micro_recall_relaxed": 0.8946121363092169, "test_spanlevel-micro_f1_relaxed": 0.8995306790808907, "test_spanlevel-ISG_precision_relaxed": 0.7983870967741935, "test_spanlevel-ISG_recall_relaxed": 0.6828703703703705, "test_spanlevel-ISG_f1_relaxed": 0.9314102564102563, "test_spanlevel-SG_precision_relaxed": 0.8681917211328977, "test_spanlevel-SG_recall_relaxed": 0.9083547979797979, "test_spanlevel-SG_f1_relaxed": 0.9405433654394277, "test_spanlevel-PG_precision_relaxed": 0.9270833333333333, "test_spanlevel-PG_recall_relaxed": 0.9741561181434598, "test_spanlevel-PG_f1_relaxed": 0.9578449328449329, "test_spanlevel-PI_precision_relaxed": 0.8413275193798448, "test_spanlevel-PI_recall_relaxed": 0.8895429159318048, "test_spanlevel-PI_f1_relaxed": 0.9455262530393836, "test_spanlevel-ORG_precision_relaxed": 0.6841964846202135, "test_spanlevel-ORG_recall_relaxed": 0.8983333333333333, "test_spanlevel-ORG_f1_relaxed": 0.9009393237459511, "test_doclevel-micro_precision": 0.9584086799276673, "test_doclevel-micro_recall": 0.9671532846715328, "test_doclevel-micro_f1": 0.9627611262488647, "test_doclevel-ISG_precision": 0.8387096774193549, "test_doclevel-ISG_recall": 0.7222222222222222, "test_doclevel-ISG_f1": 0.7761194029850746, "test_doclevel-SG_precision": 0.9264705882352942, "test_doclevel-SG_recall": 0.945, "test_doclevel-SG_f1": 0.9356435643564356, "test_doclevel-PG_precision": 0.975, "test_doclevel-PG_recall": 0.9873417721518988, "test_doclevel-PG_f1": 0.9811320754716981, "test_doclevel-PI_precision": 0.877906976744186, "test_doclevel-PI_recall": 0.9320987654320988, "test_doclevel-PI_f1": 0.9041916167664672, "test_doclevel-ORG_precision": 0.7853107344632768, "test_doclevel-ORG_recall": 0.9266666666666666, "test_doclevel-ORG_f1": 0.8501529051987767, "test_wordlevel-macro_precision": 0.8617689203524632, "test_wordlevel-macro_recall": 0.8742333600376805, "test_wordlevel-macro_f1": 0.8649619570731769, "test_wordlevel-O_precision": 0.9857543859649123, "test_wordlevel-O_recall": 0.9794310416957188, "test_wordlevel-O_f1": 0.9825825405707891, "test_wordlevel-ISG_precision": 0.8095238095238095, "test_wordlevel-ISG_recall": 0.68, "test_wordlevel-ISG_f1": 0.7391304347826089, "test_wordlevel-SG_precision": 0.8861209964412812, "test_wordlevel-SG_recall": 0.8605990783410138, "test_wordlevel-SG_f1": 0.8731735827001754, "test_wordlevel-PG_precision": 0.9044117647058824, "test_wordlevel-PG_recall": 0.9571984435797666, "test_wordlevel-PG_f1": 0.9300567107750473, "test_wordlevel-PI_precision": 0.8724279835390947, "test_wordlevel-PI_recall": 0.8617886178861789, "test_wordlevel-PI_f1": 0.867075664621677, "test_wordlevel-ORG_precision": 0.7123745819397993, "test_wordlevel-ORG_recall": 0.9063829787234042, "test_wordlevel-ORG_f1": 0.7977528089887641, "test_runtime": 4.568, "test_samples_per_second": 177.103, "test_steps_per_second": 2.846, "epoch": 4.0, "run_id": "rep03-step04"}
