{"test_loss": 0.11144140362739563, "test_seqeval-macro_precision": 0.7817915518332379, "test_seqeval-macro_recall": 0.8222991518450359, "test_seqeval-macro_f1": 0.8010625516852521, "test_seqeval-micro_precision": 0.7854030501089324, "test_seqeval-micro_recall": 0.8306451612903226, "test_seqeval-micro_f1": 0.8073908174692048, "test_seqeval-PI_precision": 0.7570093457943925, "test_seqeval-PI_recall": 0.8223350253807107, "test_seqeval-PI_f1": 0.7883211678832116, "test_seqeval-ISG_precision": 0.72, "test_seqeval-ISG_recall": 0.72, "test_seqeval-ISG_f1": 0.72, "test_seqeval-PG_precision": 0.9096385542168675, "test_seqeval-PG_recall": 0.94375, "test_seqeval-PG_f1": 0.9263803680981595, "test_seqeval-SG_precision": 0.804, "test_seqeval-SG_recall": 0.8072289156626506, "test_seqeval-SG_f1": 0.8056112224448898, "test_seqeval-ORG_precision": 0.7183098591549296, "test_seqeval-ORG_recall": 0.8181818181818182, "test_seqeval-ORG_f1": 0.7650000000000001, "test_spanlevel-macro_precision_spanwise": 0.8199014094315744, "test_spanlevel-macro_recall_spanwise": 0.8202062441526328, "test_spanlevel-macro_f1_spanwise": 0.8145087650228409, "test_spanlevel-macro_precision_seqavg": 0.7998477817285153, "test_spanlevel-macro_recall_seqavg": 0.8003162914124319, "test_spanlevel-macro_f1_seqavg": 0.7953717311372553, "test_spanlevel-micro_precision_spanwise": 0.8725185332055561, "test_spanlevel-micro_recall_spanwise": 0.8726967053302931, "test_spanlevel-micro_f1_spanwise": 0.8663644665545577, "test_spanlevel-micro_precision_seqavg": 0.8684702916688858, "test_spanlevel-micro_recall_seqavg": 0.8694686318368217, "test_spanlevel-micro_f1_seqavg": 0.8620989092452839, "test_spanlevel-PI_precision_spanwise": 0.852015503875969, "test_spanlevel-PI_recall_spanwise": 0.8382945736434108, "test_spanlevel-PI_f1_spanwise": 0.8386892177589852, "test_spanlevel-PI_precision_seqavg": 0.8137889731019983, "test_spanlevel-PI_recall_seqavg": 0.8149364946907434, "test_spanlevel-PI_f1_seqavg": 0.8115067392618972, "test_spanlevel-ISG_precision_spanwise": 0.6743295019157088, "test_spanlevel-ISG_recall_spanwise": 0.6839080459770114, "test_spanlevel-ISG_f1_spanwise": 0.674712643678161, "test_spanlevel-ISG_precision_seqavg": 0.6194842508422731, "test_spanlevel-ISG_recall_seqavg": 0.6291643297273399, "test_spanlevel-ISG_f1_seqavg": 0.6221381304398521, "test_spanlevel-PG_precision_spanwise": 0.9347389558232932, "test_spanlevel-PG_recall_spanwise": 0.9467871485943774, "test_spanlevel-PG_f1_spanwise": 0.9381526104417671, "test_spanlevel-PG_precision_seqavg": 0.9095091658883566, "test_spanlevel-PG_recall_seqavg": 0.9267992771049621, "test_spanlevel-PG_f1_seqavg": 0.9155304908020434, "test_spanlevel-SG_precision_spanwise": 0.8646025896025895, "test_spanlevel-SG_recall_spanwise": 0.8574529074529074, "test_spanlevel-SG_f1_spanwise": 0.8540414010338822, "test_spanlevel-SG_precision_seqavg": 0.8496416045995302, "test_spanlevel-SG_recall_seqavg": 0.8245975168075257, "test_spanlevel-SG_f1_seqavg": 0.8274177375433276, "test_spanlevel-ORG_precision_spanwise": 0.7738204959403115, "test_spanlevel-ORG_recall_spanwise": 0.7745885450954576, "test_spanlevel-ORG_f1_spanwise": 0.7669479522014084, "test_spanlevel-ORG_precision_seqavg": 0.8068149142104185, "test_spanlevel-ORG_recall_seqavg": 0.8060838387315885, "test_spanlevel-ORG_f1_seqavg": 0.8002655576391564, "test_spanlevel-macro_precision_relaxed": 0.8837634011596106, "test_spanlevel-macro_recall_relaxed": 0.9164560753520606, "test_spanlevel-macro_f1_relaxed": 0.9313364600737238, "test_spanlevel-micro_precision_relaxed": 0.8831115760493019, "test_spanlevel-micro_recall_relaxed": 0.9162533178500331, "test_spanlevel-micro_f1_relaxed": 0.9310134587626696, "test_spanlevel-PI_precision_relaxed": 0.8902281746031746, "test_spanlevel-PI_recall_relaxed": 0.9244855967078188, "test_spanlevel-PI_f1_relaxed": 0.9573477956720489, "test_spanlevel-ISG_precision_relaxed": 0.8023809523809524, "test_spanlevel-ISG_recall_relaxed": 0.7986111111111112, "test_spanlevel-ISG_f1_relaxed": 0.952542372881356, "test_spanlevel-PG_precision_relaxed": 0.9510416666666666, "test_spanlevel-PG_recall_relaxed": 0.9852320675105485, "test_spanlevel-PG_f1_relaxed": 0.9822649572649573, "test_spanlevel-SG_precision_relaxed": 0.9182556332556333, "test_spanlevel-SG_recall_relaxed": 0.8969431818181818, "test_spanlevel-SG_f1_relaxed": 0.9534866164805946, "test_spanlevel-ORG_precision_relaxed": 0.7961680053547524, "test_spanlevel-ORG_recall_relaxed": 0.9031111111111111, "test_spanlevel-ORG_f1_relaxed": 0.9376499850445583, "test_doclevel-micro_precision": 0.9620938628158845, "test_doclevel-micro_recall": 0.9726277372262774, "test_doclevel-micro_f1": 0.9673321234119783, "test_doclevel-PI_precision": 0.9226190476190477, "test_doclevel-PI_recall": 0.9567901234567902, "test_doclevel-PI_f1": 0.9393939393939394, "test_doclevel-ISG_precision": 0.8428571428571429, "test_doclevel-ISG_recall": 0.8194444444444444, "test_doclevel-ISG_f1": 0.8309859154929577, "test_doclevel-PG_precision": 0.975, "test_doclevel-PG_recall": 0.9873417721518988, "test_doclevel-PG_f1": 0.9811320754716981, "test_doclevel-SG_precision": 0.958974358974359, "test_doclevel-SG_recall": 0.935, "test_doclevel-SG_f1": 0.9468354430379747, "test_doclevel-ORG_precision": 0.8493975903614458, "test_doclevel-ORG_recall": 0.94, "test_doclevel-ORG_f1": 0.8924050632911392, "test_wordlevel-macro_precision": 0.899157645243586, "test_wordlevel-macro_recall": 0.9030644117646817, "test_wordlevel-macro_f1": 0.9000530191668225, "test_wordlevel-O_precision": 0.9853790990740096, "test_wordlevel-O_recall": 0.9868219216287826, "test_wordlevel-O_f1": 0.9860999825814318, "test_wordlevel-PI_precision": 0.9158110882956879, "test_wordlevel-PI_recall": 0.9065040650406504, "test_wordlevel-PI_f1": 0.9111338100102144, "test_wordlevel-ISG_precision": 0.8166666666666667, "test_wordlevel-ISG_recall": 0.784, "test_wordlevel-ISG_f1": 0.7999999999999999, "test_wordlevel-PG_precision": 0.9264705882352942, "test_wordlevel-PG_recall": 0.980544747081712, "test_wordlevel-PG_f1": 0.952741020793951, "test_wordlevel-SG_precision": 0.9362244897959183, "test_wordlevel-SG_recall": 0.8456221198156681, "test_wordlevel-SG_f1": 0.8886198547215496, "test_wordlevel-ORG_precision": 0.8143939393939394, "test_wordlevel-ORG_recall": 0.9148936170212766, "test_wordlevel-ORG_f1": 0.8617234468937877, "test_runtime": 4.5268, "test_samples_per_second": 178.715, "test_steps_per_second": 2.872, "epoch": 5.0, "run_id": "rep03-step05"}
