{"test_loss": 0.10959508270025253, "test_seqeval-macro_precision": 0.7826817103565807, "test_seqeval-macro_recall": 0.8321275545273918, "test_seqeval-macro_f1": 0.8062814021620375, "test_seqeval-micro_precision": 0.7815206929740135, "test_seqeval-micro_recall": 0.8336755646817249, "test_seqeval-micro_f1": 0.8067560854446101, "test_seqeval-PI_precision": 0.8152173913043478, "test_seqeval-PI_recall": 0.8555133079847909, "test_seqeval-PI_f1": 0.8348794063079777, "test_seqeval-ISG_precision": 0.7272727272727273, "test_seqeval-ISG_recall": 0.8148148148148148, "test_seqeval-ISG_f1": 0.7685589519650655, "test_seqeval-PG_precision": 0.8835616438356164, "test_seqeval-PG_recall": 0.8835616438356164, "test_seqeval-PG_f1": 0.8835616438356163, "test_seqeval-SG_precision": 0.7550335570469798, "test_seqeval-SG_recall": 0.8395522388059702, "test_seqeval-SG_f1": 0.7950530035335689, "test_seqeval-ORG_precision": 0.7323232323232324, "test_seqeval-ORG_recall": 0.7671957671957672, "test_seqeval-ORG_f1": 0.7493540051679587, "test_spanlevel-macro_precision_spanwise": 0.8114613797393823, "test_spanlevel-macro_recall_spanwise": 0.805932387055267, "test_spanlevel-macro_f1_spanwise": 0.8042718669023554, "test_spanlevel-macro_precision_seqavg": 0.7998903819044045, "test_spanlevel-macro_recall_seqavg": 0.7914962947798851, "test_spanlevel-macro_f1_seqavg": 0.791533423326421, "test_spanlevel-micro_precision_spanwise": 0.8802219140083217, "test_spanlevel-micro_recall_spanwise": 0.8776228452546067, "test_spanlevel-micro_f1_spanwise": 0.873256529987218, "test_spanlevel-micro_precision_seqavg": 0.8782868333719226, "test_spanlevel-micro_recall_seqavg": 0.8762306502828036, "test_spanlevel-micro_f1_seqavg": 0.871236487656754, "test_spanlevel-PI_precision_spanwise": 0.839319248826291, "test_spanlevel-PI_recall_spanwise": 0.8494672580940187, "test_spanlevel-PI_f1_spanwise": 0.840217461066238, "test_spanlevel-PI_precision_seqavg": 0.8271406965479174, "test_spanlevel-PI_recall_seqavg": 0.8413710100828768, "test_spanlevel-PI_f1_seqavg": 0.8298309700985036, "test_spanlevel-ISG_precision_spanwise": 0.6989664082687338, "test_spanlevel-ISG_recall_spanwise": 0.6886304909560723, "test_spanlevel-ISG_f1_spanwise": 0.6886304909560723, "test_spanlevel-ISG_precision_seqavg": 0.6380590809557682, "test_spanlevel-ISG_recall_seqavg": 0.6323528196122111, "test_spanlevel-ISG_f1_seqavg": 0.6330323975796968, "test_spanlevel-PG_precision_spanwise": 0.9476190476190477, "test_spanlevel-PG_recall_spanwise": 0.9426303854875283, "test_spanlevel-PG_f1_spanwise": 0.9407515387107223, "test_spanlevel-PG_precision_seqavg": 0.947852015836751, "test_spanlevel-PG_recall_seqavg": 0.9369538508446451, "test_spanlevel-PG_f1_seqavg": 0.938510667701632, "test_spanlevel-SG_precision_spanwise": 0.8321548821548822, "test_spanlevel-SG_recall_spanwise": 0.8297819464486131, "test_spanlevel-SG_f1_spanwise": 0.8260192249505675, "test_spanlevel-SG_precision_seqavg": 0.836154482331493, "test_spanlevel-SG_recall_seqavg": 0.8245781604734737, "test_spanlevel-SG_f1_seqavg": 0.824473436610145, "test_spanlevel-ORG_precision_spanwise": 0.739247311827957, "test_spanlevel-ORG_recall_spanwise": 0.7191518542901032, "test_spanlevel-ORG_f1_spanwise": 0.7257406188281764, "test_spanlevel-ORG_precision_seqavg": 0.750245633850093, "test_spanlevel-ORG_recall_seqavg": 0.7222256328862197, "test_spanlevel-ORG_f1_seqavg": 0.7318196446421272, "test_spanlevel-macro_precision_relaxed": 0.8801478717523491, "test_spanlevel-macro_recall_relaxed": 0.9061716201632171, "test_spanlevel-macro_f1_relaxed": 0.93262760710322, "test_spanlevel-micro_precision_relaxed": 0.878348995761931, "test_spanlevel-micro_recall_relaxed": 0.9062836649811439, "test_spanlevel-micro_f1_relaxed": 0.9313125511839734, "test_spanlevel-PI_precision_relaxed": 0.8879504504504504, "test_spanlevel-PI_recall_relaxed": 0.9267365210547028, "test_spanlevel-PI_f1_relaxed": 0.9589001048955282, "test_spanlevel-ISG_precision_relaxed": 0.7805280528052805, "test_spanlevel-ISG_recall_relaxed": 0.84375, "test_spanlevel-ISG_f1_relaxed": 0.9503103322380431, "test_spanlevel-PG_precision_relaxed": 0.9806985294117647, "test_spanlevel-PG_recall_relaxed": 0.9501199040767386, "test_spanlevel-PG_f1_relaxed": 0.9778130511463846, "test_spanlevel-SG_precision_relaxed": 0.8785035035035035, "test_spanlevel-SG_recall_relaxed": 0.920985603543743, "test_spanlevel-SG_f1_relaxed": 0.9502498313801978, "test_spanlevel-ORG_precision_relaxed": 0.8528911564625851, "test_spanlevel-ORG_recall_relaxed": 0.8524760817569037, "test_spanlevel-ORG_f1_relaxed": 0.9496425302093319, "test_doclevel-micro_precision": 0.9635157545605307, "test_doclevel-micro_recall": 0.9764705882352941, "test_doclevel-micro_f1": 0.9699499165275459, "test_doclevel-PI_precision": 0.9369369369369369, "test_doclevel-PI_recall": 0.9454545454545454, "test_doclevel-PI_f1": 0.9411764705882352, "test_doclevel-ISG_precision": 0.8217821782178217, "test_doclevel-ISG_recall": 0.8645833333333334, "test_doclevel-ISG_f1": 0.8426395939086294, "test_doclevel-PG_precision": 0.9926470588235294, "test_doclevel-PG_recall": 0.9712230215827338, "test_doclevel-PG_f1": 0.9818181818181818, "test_doclevel-SG_precision": 0.918918918918919, "test_doclevel-SG_recall": 0.9488372093023256, "test_doclevel-SG_f1": 0.9336384439359267, "test_doclevel-ORG_precision": 0.8843537414965986, "test_doclevel-ORG_recall": 0.8904109589041096, "test_doclevel-ORG_f1": 0.887372013651877, "test_wordlevel-macro_precision": 0.8959840923538804, "test_wordlevel-macro_recall": 0.9007639873356507, "test_wordlevel-macro_f1": 0.8979060126559198, "test_wordlevel-O_precision": 0.9893051434223541, "test_wordlevel-O_recall": 0.987900487684425, "test_wordlevel-O_f1": 0.9886023166023166, "test_wordlevel-PI_precision": 0.8871715610510046, "test_wordlevel-PI_recall": 0.9258064516129032, "test_wordlevel-PI_f1": 0.9060773480662982, "test_wordlevel-ISG_precision": 0.7828571428571428, "test_wordlevel-ISG_recall": 0.8404907975460123, "test_wordlevel-ISG_f1": 0.8106508875739644, "test_wordlevel-PG_precision": 0.9768339768339769, "test_wordlevel-PG_recall": 0.937037037037037, "test_wordlevel-PG_f1": 0.9565217391304347, "test_wordlevel-SG_precision": 0.8673469387755102, "test_wordlevel-SG_recall": 0.8923884514435696, "test_wordlevel-SG_f1": 0.8796895213454075, "test_wordlevel-ORG_precision": 0.8723897911832946, "test_wordlevel-ORG_recall": 0.8209606986899564, "test_wordlevel-ORG_f1": 0.8458942632170978, "test_runtime": 6.1185, "test_samples_per_second": 143.173, "test_steps_per_second": 2.288, "epoch": 7.0, "run_id": "rep02-step04"}
