{"test_loss": 0.12223797291517258, "test_seqeval-macro_precision": 0.7546957331221523, "test_seqeval-macro_recall": 0.812135647560518, "test_seqeval-macro_f1": 0.7818940190805845, "test_seqeval-micro_precision": 0.7560975609756098, "test_seqeval-micro_recall": 0.8214285714285714, "test_seqeval-micro_f1": 0.7874102705687465, "test_seqeval-SG_precision": 0.7757352941176471, "test_seqeval-SG_recall": 0.8473895582329317, "test_seqeval-SG_f1": 0.8099808061420346, "test_seqeval-ORG_precision": 0.7098445595854922, "test_seqeval-ORG_recall": 0.732620320855615, "test_seqeval-ORG_f1": 0.7210526315789473, "test_seqeval-ISG_precision": 0.7333333333333333, "test_seqeval-ISG_recall": 0.7333333333333333, "test_seqeval-ISG_f1": 0.7333333333333333, "test_seqeval-PI_precision": 0.7136563876651982, "test_seqeval-PI_recall": 0.8223350253807107, "test_seqeval-PI_f1": 0.7641509433962265, "test_seqeval-PG_precision": 0.8409090909090909, "test_seqeval-PG_recall": 0.925, "test_seqeval-PG_f1": 0.8809523809523809, "test_spanlevel-macro_precision_spanwise": 0.8211247547347721, "test_spanlevel-macro_recall_spanwise": 0.8095594441139454, "test_spanlevel-macro_f1_spanwise": 0.8098806472214022, "test_spanlevel-macro_precision_seqavg": 0.8015650363865783, "test_spanlevel-macro_recall_seqavg": 0.7858442163468715, "test_spanlevel-macro_f1_seqavg": 0.7877748748923763, "test_spanlevel-micro_precision_spanwise": 0.8910074200238135, "test_spanlevel-micro_recall_spanwise": 0.8782828282828281, "test_spanlevel-micro_f1_spanwise": 0.8791704290209593, "test_spanlevel-micro_precision_seqavg": 0.8847397092995685, "test_spanlevel-micro_recall_seqavg": 0.8719531837489585, "test_spanlevel-micro_f1_seqavg": 0.8725578200011195, "test_spanlevel-SG_precision_spanwise": 0.8847244515783841, "test_spanlevel-SG_recall_spanwise": 0.8555714988299258, "test_spanlevel-SG_f1_spanwise": 0.8620367046119223, "test_spanlevel-SG_precision_seqavg": 0.8725184461229569, "test_spanlevel-SG_recall_seqavg": 0.8272531761136844, "test_spanlevel-SG_f1_seqavg": 0.8370275559481838, "test_spanlevel-ORG_precision_spanwise": 0.7894266379488054, "test_spanlevel-ORG_recall_spanwise": 0.7805567995223167, "test_spanlevel-ORG_f1_spanwise": 0.7787468463794167, "test_spanlevel-ORG_precision_seqavg": 0.8310674287015103, "test_spanlevel-ORG_recall_seqavg": 0.8146993863730349, "test_spanlevel-ORG_f1_seqavg": 0.8173048303144499, "test_spanlevel-ISG_precision_spanwise": 0.6823529411764706, "test_spanlevel-ISG_recall_spanwise": 0.6901960784313727, "test_spanlevel-ISG_f1_spanwise": 0.683921568627451, "test_spanlevel-ISG_precision_seqavg": 0.6493777506930046, "test_spanlevel-ISG_recall_seqavg": 0.6571612228646364, "test_spanlevel-ISG_f1_seqavg": 0.6516347043694947, "test_spanlevel-PI_precision_spanwise": 0.8127923976608187, "test_spanlevel-PI_recall_spanwise": 0.7868421052631579, "test_spanlevel-PI_f1_spanwise": 0.7934748487380068, "test_spanlevel-PI_precision_seqavg": 0.7451032502393995, "test_spanlevel-PI_recall_seqavg": 0.7312593452360737, "test_spanlevel-PI_f1_seqavg": 0.7348427313967318, "test_spanlevel-PG_precision_spanwise": 0.9363273453093813, "test_spanlevel-PG_recall_spanwise": 0.934630738522954, "test_spanlevel-PG_f1_spanwise": 0.931223267750214, "test_spanlevel-PG_precision_seqavg": 0.9097583061760199, "test_spanlevel-PG_recall_seqavg": 0.8988479511469284, "test_spanlevel-PG_f1_seqavg": 0.8980645524330214, "test_spanlevel-macro_precision_relaxed": 0.890408978473058, "test_spanlevel-macro_recall_relaxed": 0.9071264653837648, "test_spanlevel-macro_f1_relaxed": 0.9336043901762145, "test_spanlevel-micro_precision_relaxed": 0.8897857333868165, "test_spanlevel-micro_recall_relaxed": 0.9065722615448893, "test_spanlevel-micro_f1_relaxed": 0.9331003804218496, "test_spanlevel-SG_precision_relaxed": 0.9177832244008713, "test_spanlevel-SG_recall_relaxed": 0.9207146464646465, "test_spanlevel-SG_f1_relaxed": 0.9499492175243396, "test_spanlevel-ORG_precision_relaxed": 0.8723177542621987, "test_spanlevel-ORG_recall_relaxed": 0.8451666666666667, "test_spanlevel-ORG_f1_relaxed": 0.9299291128384987, "test_spanlevel-ISG_precision_relaxed": 0.8161764705882353, "test_spanlevel-ISG_recall_relaxed": 0.7939814814814815, "test_spanlevel-ISG_f1_relaxed": 0.9620689655172414, "test_spanlevel-PI_precision_relaxed": 0.8475325884543761, "test_spanlevel-PI_recall_relaxed": 0.9278292181069959, "test_spanlevel-PI_f1_relaxed": 0.950686828226849, "test_spanlevel-PG_precision_relaxed": 0.9402439024390243, "test_spanlevel-PG_recall_relaxed": 0.9862869198312235, "test_spanlevel-PG_f1_relaxed": 0.9741410488245931, "test_doclevel-micro_precision": 0.9638989169675091, "test_doclevel-micro_recall": 0.9744525547445255, "test_doclevel-micro_f1": 0.969147005444646, "test_doclevel-SG_precision": 0.9509803921568627, "test_doclevel-SG_recall": 0.97, "test_doclevel-SG_f1": 0.9603960396039604, "test_doclevel-ORG_precision": 0.9375, "test_doclevel-ORG_recall": 0.9, "test_doclevel-ORG_f1": 0.9183673469387755, "test_doclevel-ISG_precision": 0.8676470588235294, "test_doclevel-ISG_recall": 0.8194444444444444, "test_doclevel-ISG_f1": 0.8428571428571429, "test_doclevel-PI_precision": 0.8770949720670391, "test_doclevel-PI_recall": 0.9691358024691358, "test_doclevel-PI_f1": 0.9208211143695014, "test_doclevel-PG_precision": 0.9634146341463414, "test_doclevel-PG_recall": 1.0, "test_doclevel-PG_f1": 0.9813664596273292, "test_wordlevel-macro_precision": 0.8989140251766381, "test_wordlevel-macro_recall": 0.8934875375874899, "test_wordlevel-macro_f1": 0.895491496672892, "test_wordlevel-O_precision": 0.9856805227304324, "test_wordlevel-O_recall": 0.9887045042532422, "test_wordlevel-O_f1": 0.9871901977165134, "test_wordlevel-SG_precision": 0.9371859296482412, "test_wordlevel-SG_recall": 0.8594470046082949, "test_wordlevel-SG_f1": 0.8966346153846153, "test_wordlevel-ORG_precision": 0.8728448275862069, "test_wordlevel-ORG_recall": 0.8617021276595744, "test_wordlevel-ORG_f1": 0.8672376873661669, "test_wordlevel-ISG_precision": 0.8376068376068376, "test_wordlevel-ISG_recall": 0.784, "test_wordlevel-ISG_f1": 0.809917355371901, "test_wordlevel-PI_precision": 0.8543689320388349, "test_wordlevel-PI_recall": 0.8943089430894309, "test_wordlevel-PI_f1": 0.8738828202581926, "test_wordlevel-PG_precision": 0.9057971014492754, "test_wordlevel-PG_recall": 0.9727626459143969, "test_wordlevel-PG_f1": 0.9380863039399624, "test_runtime": 7.4646, "test_samples_per_second": 108.378, "test_steps_per_second": 1.742, "epoch": 4.0}