{"test_loss": 0.16137932240962982, "test_seqeval-macro_precision": 0.6494606878599278, "test_seqeval-macro_recall": 0.7563361740734761, "test_seqeval-macro_f1": 0.6977487258589845, "test_seqeval-micro_precision": 0.6476190476190476, "test_seqeval-micro_recall": 0.761478163493841, "test_seqeval-micro_f1": 0.6999485331960886, "test_seqeval-PI_precision": 0.5652173913043478, "test_seqeval-PI_recall": 0.7134146341463414, "test_seqeval-PI_f1": 0.6307277628032345, "test_seqeval-ISG_precision": 0.6090909090909091, "test_seqeval-ISG_recall": 0.6836734693877551, "test_seqeval-ISG_f1": 0.6442307692307692, "test_seqeval-PG_precision": 0.7870370370370371, "test_seqeval-PG_recall": 0.8333333333333334, "test_seqeval-PG_f1": 0.8095238095238095, "test_seqeval-SG_precision": 0.6940298507462687, "test_seqeval-SG_recall": 0.7793296089385475, "test_seqeval-SG_f1": 0.7342105263157894, "test_seqeval-ORG_precision": 0.5919282511210763, "test_seqeval-ORG_recall": 0.7719298245614035, "test_seqeval-ORG_f1": 0.6700507614213198, "test_spanlevel-macro_precision_spanwise": 0.7166855652429817, "test_spanlevel-macro_recall_spanwise": 0.7162506305309282, "test_spanlevel-macro_f1_spanwise": 0.7089716368925371, "test_spanlevel-macro_precision_seqavg": 0.742859574805745, "test_spanlevel-macro_recall_seqavg": 0.7421704145970831, "test_spanlevel-macro_f1_seqavg": 0.7363484689540225, "test_spanlevel-micro_precision_spanwise": 0.8111035006244587, "test_spanlevel-micro_recall_spanwise": 0.8106696028735638, "test_spanlevel-micro_f1_spanwise": 0.8006183462406885, "test_spanlevel-micro_precision_seqavg": 0.8193336101069325, "test_spanlevel-micro_recall_seqavg": 0.8174217871040603, "test_spanlevel-micro_f1_seqavg": 0.8071941869271622, "test_spanlevel-PI_precision_spanwise": 0.6273258283772303, "test_spanlevel-PI_recall_spanwise": 0.6304719423878302, "test_spanlevel-PI_f1_spanwise": 0.6191781522388999, "test_spanlevel-PI_precision_seqavg": 0.672267657448951, "test_spanlevel-PI_recall_seqavg": 0.6780792444977833, "test_spanlevel-PI_f1_seqavg": 0.6664361003898804, "test_spanlevel-ISG_precision_spanwise": 0.6056910569105691, "test_spanlevel-ISG_recall_spanwise": 0.5948509485094851, "test_spanlevel-ISG_f1_spanwise": 0.5948509485094851, "test_spanlevel-ISG_precision_seqavg": 0.6829068554235509, "test_spanlevel-ISG_recall_seqavg": 0.672071000682521, "test_spanlevel-ISG_f1_seqavg": 0.6734267226680027, "test_spanlevel-PG_precision_spanwise": 0.8750000000000001, "test_spanlevel-PG_recall_spanwise": 0.8893518518518518, "test_spanlevel-PG_f1_spanwise": 0.8778953556731336, "test_spanlevel-PG_precision_seqavg": 0.880277268056406, "test_spanlevel-PG_recall_seqavg": 0.8831852434895837, "test_spanlevel-PG_f1_seqavg": 0.8772079791846404, "test_spanlevel-SG_precision_spanwise": 0.8212080423763841, "test_spanlevel-SG_recall_spanwise": 0.8093320330938802, "test_spanlevel-SG_f1_spanwise": 0.8048143353565567, "test_spanlevel-SG_precision_seqavg": 0.8292561532348325, "test_spanlevel-SG_recall_seqavg": 0.8185120284377821, "test_spanlevel-SG_f1_seqavg": 0.818619242686655, "test_spanlevel-ORG_precision_spanwise": 0.6542028985507247, "test_spanlevel-ORG_recall_spanwise": 0.6572463768115943, "test_spanlevel-ORG_f1_spanwise": 0.64811939268461, "test_spanlevel-ORG_precision_seqavg": 0.6495899398649847, "test_spanlevel-ORG_recall_seqavg": 0.6590045558777455, "test_spanlevel-ORG_f1_seqavg": 0.6460522998409345, "test_spanlevel-macro_precision_relaxed": 0.8010883426084432, "test_spanlevel-macro_recall_relaxed": 0.8841528539867464, "test_spanlevel-macro_f1_relaxed": 0.8774840930130371, "test_spanlevel-micro_precision_relaxed": 0.8015419997832063, "test_spanlevel-micro_recall_relaxed": 0.8836155290970898, "test_spanlevel-micro_f1_relaxed": 0.8784555778385128, "test_spanlevel-PI_precision_relaxed": 0.6494120654396728, "test_spanlevel-PI_recall_relaxed": 0.8520787545787545, "test_spanlevel-PI_f1_relaxed": 0.890305011666733, "test_spanlevel-ISG_precision_relaxed": 0.7525773195876289, "test_spanlevel-ISG_recall_relaxed": 0.7754385964912279, "test_spanlevel-ISG_f1_relaxed": 0.9513157894736842, "test_spanlevel-PG_precision_relaxed": 0.9220430107526881, "test_spanlevel-PG_recall_relaxed": 0.9491134751773049, "test_spanlevel-PG_f1_relaxed": 0.9514168371311228, "test_spanlevel-SG_precision_relaxed": 0.8736720090540689, "test_spanlevel-SG_recall_relaxed": 0.905418888612166, "test_spanlevel-SG_f1_relaxed": 0.9249682689326619, "test_spanlevel-ORG_precision_relaxed": 0.7018832391713747, "test_spanlevel-ORG_recall_relaxed": 0.8955439814814815, "test_spanlevel-ORG_f1_relaxed": 0.9201935037022757, "test_doclevel-micro_precision": 0.9463986599664992, "test_doclevel-micro_recall": 0.9758203799654577, "test_doclevel-micro_f1": 0.9608843537414965, "test_doclevel-PI_precision": 0.7300613496932515, "test_doclevel-PI_recall": 0.9153846153846154, "test_doclevel-PI_f1": 0.8122866894197951, "test_doclevel-ISG_precision": 0.7938144329896907, "test_doclevel-ISG_recall": 0.8105263157894737, "test_doclevel-ISG_f1": 0.8020833333333334, "test_doclevel-PG_precision": 0.978494623655914, "test_doclevel-PG_recall": 0.9680851063829787, "test_doclevel-PG_f1": 0.9732620320855615, "test_doclevel-SG_precision": 0.9302325581395349, "test_doclevel-SG_recall": 0.9523809523809523, "test_doclevel-SG_f1": 0.9411764705882352, "test_doclevel-ORG_precision": 0.7627118644067796, "test_doclevel-ORG_recall": 0.9375, "test_doclevel-ORG_f1": 0.8411214953271028, "test_wordlevel-macro_precision": 0.8061523220919601, "test_wordlevel-macro_recall": 0.8541841346365208, "test_wordlevel-macro_f1": 0.8269094649066054, "test_wordlevel-O_precision": 0.9844472467423288, "test_wordlevel-O_recall": 0.9740745875502564, "test_wordlevel-O_f1": 0.9792334494773519, "test_wordlevel-PI_precision": 0.6884057971014492, "test_wordlevel-PI_recall": 0.787292817679558, "test_wordlevel-PI_f1": 0.7345360824742266, "test_wordlevel-ISG_precision": 0.7421875, "test_wordlevel-ISG_recall": 0.6884057971014492, "test_wordlevel-ISG_f1": 0.7142857142857142, "test_wordlevel-PG_precision": 0.8743169398907104, "test_wordlevel-PG_recall": 0.9195402298850575, "test_wordlevel-PG_f1": 0.896358543417367, "test_wordlevel-SG_precision": 0.8691423519009726, "test_wordlevel-SG_recall": 0.8630377524143986, "test_wordlevel-SG_f1": 0.866079295154185, "test_wordlevel-ORG_precision": 0.6784140969162996, "test_wordlevel-ORG_recall": 0.8927536231884058, "test_wordlevel-ORG_f1": 0.7709637046307884, "test_runtime": 4.8664, "test_samples_per_second": 166.449, "test_steps_per_second": 2.671, "epoch": 5.0, "run_id": "rep01-step02"}
