{"test_loss": 0.0728781595826149, "test_seqeval-macro_precision": 0.8223181545051013, "test_seqeval-macro_recall": 0.8795509022886382, "test_seqeval-macro_f1": 0.8497860720114838, "test_seqeval-micro_precision": 0.8139312977099237, "test_seqeval-micro_recall": 0.8757700205338809, "test_seqeval-micro_f1": 0.8437190900098912, "test_seqeval-PI_precision": 0.8206896551724138, "test_seqeval-PI_recall": 0.9049429657794676, "test_seqeval-PI_f1": 0.860759493670886, "test_seqeval-PG_precision": 0.8986486486486487, "test_seqeval-PG_recall": 0.910958904109589, "test_seqeval-PG_f1": 0.9047619047619049, "test_seqeval-SG_precision": 0.7697594501718213, "test_seqeval-SG_recall": 0.835820895522388, "test_seqeval-SG_f1": 0.8014311270125223, "test_seqeval-ORG_precision": 0.801980198019802, "test_seqeval-ORG_recall": 0.8571428571428571, "test_seqeval-ORG_f1": 0.8286445012787724, "test_seqeval-ISG_precision": 0.8205128205128205, "test_seqeval-ISG_recall": 0.8888888888888888, "test_seqeval-ISG_f1": 0.8533333333333333, "test_spanlevel-macro_precision_spanwise": 0.8558736457855453, "test_spanlevel-macro_recall_spanwise": 0.854957385122758, "test_spanlevel-macro_f1_spanwise": 0.8521212238472848, "test_spanlevel-macro_precision_seqavg": 0.8595811385128129, "test_spanlevel-macro_recall_seqavg": 0.8560359534376231, "test_spanlevel-macro_f1_seqavg": 0.8545585125332276, "test_spanlevel-micro_precision_spanwise": 0.8976110038610038, "test_spanlevel-micro_recall_spanwise": 0.8966725654225655, "test_spanlevel-micro_f1_spanwise": 0.8939712225896437, "test_spanlevel-micro_precision_seqavg": 0.8956368563685638, "test_spanlevel-micro_recall_seqavg": 0.8943262033810816, "test_spanlevel-micro_f1_seqavg": 0.8919667006474878, "test_spanlevel-PI_precision_spanwise": 0.8645470383275261, "test_spanlevel-PI_recall_spanwise": 0.8690212226797593, "test_spanlevel-PI_f1_spanwise": 0.8637619957503064, "test_spanlevel-PI_precision_seqavg": 0.860704969862914, "test_spanlevel-PI_recall_seqavg": 0.8636491661153608, "test_spanlevel-PI_f1_seqavg": 0.8592282495019494, "test_spanlevel-PG_precision_spanwise": 0.9214128035320088, "test_spanlevel-PG_recall_spanwise": 0.9320088300220751, "test_spanlevel-PG_f1_spanwise": 0.9235782613266058, "test_spanlevel-PG_precision_seqavg": 0.9180318182085955, "test_spanlevel-PG_recall_seqavg": 0.9248423366851554, "test_spanlevel-PG_f1_seqavg": 0.9176300245948288, "test_spanlevel-SG_precision_spanwise": 0.8737268518518518, "test_spanlevel-SG_recall_spanwise": 0.8679108796296295, "test_spanlevel-SG_f1_spanwise": 0.8666935240005094, "test_spanlevel-SG_precision_seqavg": 0.8979034116963892, "test_spanlevel-SG_recall_seqavg": 0.8874769765664561, "test_spanlevel-SG_f1_seqavg": 0.8886291779294994, "test_spanlevel-ORG_precision_spanwise": 0.8401116427432217, "test_spanlevel-ORG_recall_spanwise": 0.8276201868307131, "test_spanlevel-ORG_f1_spanwise": 0.8296906177288952, "test_spanlevel-ORG_precision_seqavg": 0.8615948399521738, "test_spanlevel-ORG_recall_seqavg": 0.8433528608876055, "test_spanlevel-ORG_f1_seqavg": 0.8478508620651276, "test_spanlevel-ISG_precision_spanwise": 0.7795698924731183, "test_spanlevel-ISG_recall_spanwise": 0.7782258064516129, "test_spanlevel-ISG_f1_spanwise": 0.7768817204301076, "test_spanlevel-ISG_precision_seqavg": 0.7596706528439922, "test_spanlevel-ISG_recall_seqavg": 0.760858426933538, "test_spanlevel-ISG_f1_seqavg": 0.7594542485747328, "test_spanlevel-macro_precision_relaxed": 0.9029580329081159, "test_spanlevel-macro_recall_relaxed": 0.9365390550159458, "test_spanlevel-macro_f1_relaxed": 0.9475928126172298, "test_spanlevel-micro_precision_relaxed": 0.9020412107766513, "test_spanlevel-micro_recall_relaxed": 0.9370292510943772, "test_spanlevel-micro_f1_relaxed": 0.947347940248829, "test_spanlevel-PI_precision_relaxed": 0.8869565217391304, "test_spanlevel-PI_recall_relaxed": 0.9637913223140496, "test_spanlevel-PI_f1_relaxed": 0.9568172562621174, "test_spanlevel-PG_precision_relaxed": 0.957177615571776, "test_spanlevel-PG_recall_relaxed": 0.9645083932853716, "test_spanlevel-PG_f1_relaxed": 0.9772369194591418, "test_spanlevel-SG_precision_relaxed": 0.9177854938271606, "test_spanlevel-SG_recall_relaxed": 0.9283333333333335, "test_spanlevel-SG_f1_relaxed": 0.9672807753562549, "test_spanlevel-ORG_precision_relaxed": 0.891173245614035, "test_spanlevel-ORG_recall_relaxed": 0.9223010437051533, "test_spanlevel-ORG_f1_relaxed": 0.9517491554316174, "test_spanlevel-ISG_precision_relaxed": 0.83993399339934, "test_spanlevel-ISG_recall_relaxed": 0.8993055555555557, "test_spanlevel-ISG_f1_relaxed": 0.9647727272727273, "test_doclevel-micro_precision": 0.9667221297836939, "test_doclevel-micro_recall": 0.9764705882352941, "test_doclevel-micro_f1": 0.971571906354515, "test_doclevel-PI_precision": 0.9347826086956522, "test_doclevel-PI_recall": 0.9772727272727273, "test_doclevel-PI_f1": 0.9555555555555557, "test_doclevel-PG_precision": 0.9854014598540146, "test_doclevel-PG_recall": 0.9712230215827338, "test_doclevel-PG_f1": 0.9782608695652174, "test_doclevel-SG_precision": 0.9444444444444444, "test_doclevel-SG_recall": 0.9488372093023256, "test_doclevel-SG_f1": 0.9466357308584686, "test_doclevel-ORG_precision": 0.9210526315789473, "test_doclevel-ORG_recall": 0.958904109589041, "test_doclevel-ORG_f1": 0.9395973154362416, "test_doclevel-ISG_precision": 0.8712871287128713, "test_doclevel-ISG_recall": 0.9166666666666666, "test_doclevel-ISG_f1": 0.8934010152284264, "test_wordlevel-macro_precision": 0.9197907013071277, "test_wordlevel-macro_recall": 0.9364519335311239, "test_wordlevel-macro_f1": 0.9278369296098606, "test_wordlevel-O_precision": 0.9926379609007672, "test_wordlevel-O_recall": 0.9904932403234767, "test_wordlevel-O_f1": 0.9915644408738374, "test_wordlevel-PI_precision": 0.8975535168195719, "test_wordlevel-PI_recall": 0.9467741935483871, "test_wordlevel-PI_f1": 0.9215070643642072, "test_wordlevel-PG_precision": 0.9487179487179487, "test_wordlevel-PG_recall": 0.9592592592592593, "test_wordlevel-PG_f1": 0.9539594843462247, "test_wordlevel-SG_precision": 0.927710843373494, "test_wordlevel-SG_recall": 0.9094488188976378, "test_wordlevel-SG_f1": 0.9184890656063618, "test_wordlevel-ORG_precision": 0.9130434782608695, "test_wordlevel-ORG_recall": 0.9170305676855895, "test_wordlevel-ORG_f1": 0.9150326797385621, "test_wordlevel-ISG_precision": 0.8390804597701149, "test_wordlevel-ISG_recall": 0.8957055214723927, "test_wordlevel-ISG_f1": 0.8664688427299703, "test_runtime": 4.864, "test_samples_per_second": 180.099, "test_steps_per_second": 2.878, "epoch": 4.0, "run_id": "rep02-fold03"}
