{"test_loss": 0.08510623872280121, "test_seqeval-macro_precision": 0.834096863974473, "test_seqeval-macro_recall": 0.867922786615939, "test_seqeval-macro_f1": 0.8503665891449336, "test_seqeval-micro_precision": 0.8355263157894737, "test_seqeval-micro_recall": 0.8778801843317973, "test_seqeval-micro_f1": 0.8561797752808988, "test_seqeval-PG_precision": 0.9090909090909091, "test_seqeval-PG_recall": 0.9375, "test_seqeval-PG_f1": 0.923076923076923, "test_seqeval-SG_precision": 0.85, "test_seqeval-SG_recall": 0.8875502008032129, "test_seqeval-SG_f1": 0.868369351669941, "test_seqeval-ISG_precision": 0.8082191780821918, "test_seqeval-ISG_recall": 0.7866666666666666, "test_seqeval-ISG_f1": 0.7972972972972971, "test_seqeval-PI_precision": 0.8373205741626795, "test_seqeval-PI_recall": 0.8883248730964467, "test_seqeval-PI_f1": 0.8620689655172413, "test_seqeval-ORG_precision": 0.7658536585365854, "test_seqeval-ORG_recall": 0.839572192513369, "test_seqeval-ORG_f1": 0.8010204081632654, "test_spanlevel-macro_precision_spanwise": 0.8525544126375516, "test_spanlevel-macro_recall_spanwise": 0.8527088211380495, "test_spanlevel-macro_f1_spanwise": 0.8486959263640552, "test_spanlevel-macro_precision_seqavg": 0.8375142502250451, "test_spanlevel-macro_recall_seqavg": 0.8395553564937579, "test_spanlevel-macro_f1_seqavg": 0.8352087709102622, "test_spanlevel-micro_precision_spanwise": 0.9086247544672655, "test_spanlevel-micro_recall_spanwise": 0.9080373829547839, "test_spanlevel-micro_f1_spanwise": 0.9042329763970732, "test_spanlevel-micro_precision_seqavg": 0.9073889541309754, "test_spanlevel-micro_recall_seqavg": 0.9077587872135744, "test_spanlevel-micro_f1_seqavg": 0.9027937151828995, "test_spanlevel-PG_precision_spanwise": 0.9343434343434343, "test_spanlevel-PG_recall_spanwise": 0.9484848484848485, "test_spanlevel-PG_f1_spanwise": 0.9385858585858586, "test_spanlevel-PG_precision_seqavg": 0.8974658363723862, "test_spanlevel-PG_recall_seqavg": 0.9141286762017563, "test_spanlevel-PG_f1_seqavg": 0.903152643149189, "test_spanlevel-SG_precision_spanwise": 0.8940035883001662, "test_spanlevel-SG_recall_spanwise": 0.8914744950866624, "test_spanlevel-SG_f1_spanwise": 0.8879900724172505, "test_spanlevel-SG_precision_seqavg": 0.8972283657064989, "test_spanlevel-SG_recall_seqavg": 0.8906908382470355, "test_spanlevel-SG_f1_seqavg": 0.8879926407845203, "test_spanlevel-ISG_precision_spanwise": 0.7093023255813954, "test_spanlevel-ISG_recall_spanwise": 0.7131782945736433, "test_spanlevel-ISG_f1_spanwise": 0.7073643410852714, "test_spanlevel-ISG_precision_seqavg": 0.6558813016739589, "test_spanlevel-ISG_recall_seqavg": 0.6630454242831052, "test_spanlevel-ISG_f1_seqavg": 0.6575760346265634, "test_spanlevel-PI_precision_spanwise": 0.8867298578199052, "test_spanlevel-PI_recall_spanwise": 0.8848341232227488, "test_spanlevel-PI_f1_spanwise": 0.8813172346347703, "test_spanlevel-PI_precision_seqavg": 0.8845460220152901, "test_spanlevel-PI_recall_seqavg": 0.8824952687300394, "test_spanlevel-PI_f1_seqavg": 0.880504110751634, "test_spanlevel-ORG_precision_spanwise": 0.838392857142857, "test_spanlevel-ORG_recall_spanwise": 0.8255723443223443, "test_spanlevel-ORG_f1_spanwise": 0.8282221250971251, "test_spanlevel-ORG_precision_seqavg": 0.852449725357092, "test_spanlevel-ORG_recall_seqavg": 0.8474165750068525, "test_spanlevel-ORG_f1_seqavg": 0.8468184252394044, "test_spanlevel-macro_precision_relaxed": 0.9094240167306715, "test_spanlevel-macro_recall_relaxed": 0.9381059684435599, "test_spanlevel-macro_f1_relaxed": 0.9505738696099167, "test_spanlevel-micro_precision_relaxed": 0.9083873460672024, "test_spanlevel-micro_recall_relaxed": 0.9377714185652144, "test_spanlevel-micro_f1_relaxed": 0.9497189151315315, "test_spanlevel-PG_precision_relaxed": 0.9451345755693581, "test_spanlevel-PG_recall_relaxed": 0.9841772151898734, "test_spanlevel-PG_f1_relaxed": 0.982051282051282, "test_spanlevel-SG_precision_relaxed": 0.9338344988344989, "test_spanlevel-SG_recall_relaxed": 0.9387651515151515, "test_spanlevel-SG_f1_relaxed": 0.9665931678370772, "test_spanlevel-ISG_precision_relaxed": 0.8405797101449275, "test_spanlevel-ISG_recall_relaxed": 0.8171296296296295, "test_spanlevel-ISG_f1_relaxed": 0.9638888888888888, "test_spanlevel-PI_precision_relaxed": 0.9129191321499012, "test_spanlevel-PI_recall_relaxed": 0.9519547325102881, "test_spanlevel-PI_f1_relaxed": 0.9691335897155207, "test_spanlevel-ORG_precision_relaxed": 0.870754716981132, "test_spanlevel-ORG_recall_relaxed": 0.9217777777777779, "test_spanlevel-ORG_f1_relaxed": 0.9572806403758061, "test_doclevel-micro_precision": 0.9712230215827338, "test_doclevel-micro_recall": 0.9854014598540146, "test_doclevel-micro_f1": 0.9782608695652174, "test_doclevel-PG_precision": 0.968944099378882, "test_doclevel-PG_recall": 0.9873417721518988, "test_doclevel-PG_f1": 0.9780564263322885, "test_doclevel-SG_precision": 0.96, "test_doclevel-SG_recall": 0.96, "test_doclevel-SG_f1": 0.96, "test_doclevel-ISG_precision": 0.8695652173913043, "test_doclevel-ISG_recall": 0.8333333333333334, "test_doclevel-ISG_f1": 0.851063829787234, "test_doclevel-PI_precision": 0.9349112426035503, "test_doclevel-PI_recall": 0.9753086419753086, "test_doclevel-PI_f1": 0.9546827794561933, "test_doclevel-ORG_precision": 0.9056603773584906, "test_doclevel-ORG_recall": 0.96, "test_doclevel-ORG_f1": 0.9320388349514563, "test_wordlevel-macro_precision": 0.9156278326261401, "test_wordlevel-macro_recall": 0.9255803111956767, "test_wordlevel-macro_f1": 0.9202326909800309, "test_wordlevel-O_precision": 0.9915473279776458, "test_wordlevel-O_recall": 0.9896806582066657, "test_wordlevel-O_f1": 0.9906131137243954, "test_wordlevel-PG_precision": 0.9296296296296296, "test_wordlevel-PG_recall": 0.9766536964980544, "test_wordlevel-PG_f1": 0.9525616698292219, "test_wordlevel-SG_precision": 0.9396449704142011, "test_wordlevel-SG_recall": 0.9147465437788018, "test_wordlevel-SG_f1": 0.9270286047869235, "test_wordlevel-ISG_precision": 0.8403361344537815, "test_wordlevel-ISG_recall": 0.8, "test_wordlevel-ISG_f1": 0.8196721311475411, "test_wordlevel-PI_precision": 0.9268774703557312, "test_wordlevel-PI_recall": 0.9532520325203252, "test_wordlevel-PI_f1": 0.939879759519038, "test_wordlevel-ORG_precision": 0.8657314629258517, "test_wordlevel-ORG_recall": 0.9191489361702128, "test_wordlevel-ORG_f1": 0.891640866873065, "test_runtime": 7.3746, "test_samples_per_second": 109.7, "test_steps_per_second": 1.763, "epoch": 4.0}