{"test_loss": 0.09544312208890915, "test_seqeval-macro_precision": 0.7787373931738855, "test_seqeval-macro_recall": 0.8301130808914048, "test_seqeval-macro_f1": 0.8027516093529183, "test_seqeval-micro_precision": 0.7817418677859391, "test_seqeval-micro_recall": 0.8342665173572228, "test_seqeval-micro_f1": 0.8071505958829902, "test_seqeval-PI_precision": 0.6683673469387755, "test_seqeval-PI_recall": 0.7987804878048781, "test_seqeval-PI_f1": 0.7277777777777779, "test_seqeval-PG_precision": 0.8921568627450981, "test_seqeval-PG_recall": 0.8921568627450981, "test_seqeval-PG_f1": 0.8921568627450981, "test_seqeval-SG_precision": 0.8347107438016529, "test_seqeval-SG_recall": 0.8463687150837989, "test_seqeval-SG_f1": 0.840499306518724, "test_seqeval-ORG_precision": 0.7631578947368421, "test_seqeval-ORG_recall": 0.847953216374269, "test_seqeval-ORG_f1": 0.8033240997229917, "test_seqeval-ISG_precision": 0.7352941176470589, "test_seqeval-ISG_recall": 0.7653061224489796, "test_seqeval-ISG_f1": 0.75, "test_spanlevel-macro_precision_spanwise": 0.8097640807679694, "test_spanlevel-macro_recall_spanwise": 0.807674190904337, "test_spanlevel-macro_f1_spanwise": 0.8026609803486464, "test_spanlevel-macro_precision_seqavg": 0.8410343630454836, "test_spanlevel-macro_recall_seqavg": 0.843365372548238, "test_spanlevel-macro_f1_seqavg": 0.8376111527638924, "test_spanlevel-micro_precision_spanwise": 0.8848929405687589, "test_spanlevel-micro_recall_spanwise": 0.8818181818181818, "test_spanlevel-micro_f1_spanwise": 0.8761182467027011, "test_spanlevel-micro_precision_seqavg": 0.8863667027417027, "test_spanlevel-micro_recall_seqavg": 0.8808135521885523, "test_spanlevel-micro_f1_seqavg": 0.8748665182777503, "test_spanlevel-PI_precision_spanwise": 0.7118635077793494, "test_spanlevel-PI_recall_spanwise": 0.7301980198019802, "test_spanlevel-PI_f1_spanwise": 0.7152222365093652, "test_spanlevel-PI_precision_seqavg": 0.7735166651565811, "test_spanlevel-PI_recall_seqavg": 0.7989505455427827, "test_spanlevel-PI_f1_seqavg": 0.7801738815490847, "test_spanlevel-PG_precision_spanwise": 0.9546925566343042, "test_spanlevel-PG_recall_spanwise": 0.9550161812297735, "test_spanlevel-PG_f1_spanwise": 0.949514563106796, "test_spanlevel-PG_precision_seqavg": 0.9759752097760692, "test_spanlevel-PG_recall_seqavg": 0.9718187782773526, "test_spanlevel-PG_f1_seqavg": 0.970795194840837, "test_spanlevel-SG_precision_spanwise": 0.889339605430031, "test_spanlevel-SG_recall_spanwise": 0.8773674634149268, "test_spanlevel-SG_f1_spanwise": 0.87469877417611, "test_spanlevel-SG_precision_seqavg": 0.9190932072243795, "test_spanlevel-SG_recall_seqavg": 0.91228118564437, "test_spanlevel-SG_f1_seqavg": 0.9102621749272194, "test_spanlevel-ORG_precision_spanwise": 0.7963435374149659, "test_spanlevel-ORG_recall_spanwise": 0.7877551020408163, "test_spanlevel-ORG_f1_spanwise": 0.7875445416261744, "test_spanlevel-ORG_precision_seqavg": 0.8004322626775086, "test_spanlevel-ORG_recall_seqavg": 0.7955319540054772, "test_spanlevel-ORG_f1_seqavg": 0.792419360679324, "test_spanlevel-ISG_precision_spanwise": 0.6965811965811965, "test_spanlevel-ISG_recall_spanwise": 0.688034188034188, "test_spanlevel-ISG_f1_spanwise": 0.6863247863247863, "test_spanlevel-ISG_precision_seqavg": 0.73615447039288, "test_spanlevel-ISG_recall_seqavg": 0.7382443992712071, "test_spanlevel-ISG_f1_seqavg": 0.7344051518229969, "test_spanlevel-macro_precision_relaxed": 0.8721704257099667, "test_spanlevel-macro_recall_relaxed": 0.9095040394263192, "test_spanlevel-macro_f1_relaxed": 0.9245621663685815, "test_spanlevel-micro_precision_relaxed": 0.8725707941906923, "test_spanlevel-micro_recall_relaxed": 0.9093505180292746, "test_spanlevel-micro_f1_relaxed": 0.9247970448286039, "test_spanlevel-PI_precision_relaxed": 0.7266237191078964, "test_spanlevel-PI_recall_relaxed": 0.9248717948717948, "test_spanlevel-PI_f1_relaxed": 0.9331004184854342, "test_spanlevel-PG_precision_relaxed": 0.9731182795698925, "test_spanlevel-PG_recall_relaxed": 0.9613475177304965, "test_spanlevel-PG_f1_relaxed": 0.9772727272727273, "test_spanlevel-SG_precision_relaxed": 0.9342302397149336, "test_spanlevel-SG_recall_relaxed": 0.9173849393237148, "test_spanlevel-SG_f1_relaxed": 0.9526746002562401, "test_spanlevel-ORG_precision_relaxed": 0.8463507625272332, "test_spanlevel-ORG_recall_relaxed": 0.9088541666666666, "test_spanlevel-ORG_f1_relaxed": 0.954291093355421, "test_spanlevel-ISG_precision_relaxed": 0.8, "test_spanlevel-ISG_recall_relaxed": 0.8368421052631579, "test_spanlevel-ISG_f1_relaxed": 0.9630081300813008, "test_doclevel-micro_precision": 0.9642857142857143, "test_doclevel-micro_recall": 0.9792746113989638, "test_doclevel-micro_f1": 0.9717223650385605, "test_doclevel-PI_precision": 0.7848101265822784, "test_doclevel-PI_recall": 0.9538461538461539, "test_doclevel-PI_f1": 0.8611111111111112, "test_doclevel-PG_precision": 0.989247311827957, "test_doclevel-PG_recall": 0.9787234042553191, "test_doclevel-PG_f1": 0.983957219251337, "test_doclevel-SG_precision": 0.9591836734693877, "test_doclevel-SG_recall": 0.9591836734693877, "test_doclevel-SG_f1": 0.9591836734693877, "test_doclevel-ORG_precision": 0.8823529411764706, "test_doclevel-ORG_recall": 0.9375, "test_doclevel-ORG_f1": 0.9090909090909091, "test_doclevel-ISG_precision": 0.82, "test_doclevel-ISG_recall": 0.8631578947368421, "test_doclevel-ISG_f1": 0.8410256410256411, "test_wordlevel-macro_precision": 0.8819138164641601, "test_wordlevel-macro_recall": 0.8978113480118246, "test_wordlevel-macro_f1": 0.8890123541283073, "test_wordlevel-O_precision": 0.9884778232803498, "test_wordlevel-O_recall": 0.9871759323443782, "test_wordlevel-O_f1": 0.9878264488606804, "test_wordlevel-PI_precision": 0.7662650602409639, "test_wordlevel-PI_recall": 0.8784530386740331, "test_wordlevel-PI_f1": 0.8185328185328185, "test_wordlevel-PG_precision": 0.9644970414201184, "test_wordlevel-PG_recall": 0.9367816091954023, "test_wordlevel-PG_f1": 0.9504373177842567, "test_wordlevel-SG_precision": 0.9302752293577982, "test_wordlevel-SG_recall": 0.8902546093064091, "test_wordlevel-SG_f1": 0.9098250336473754, "test_wordlevel-ORG_precision": 0.8434065934065934, "test_wordlevel-ORG_recall": 0.8898550724637682, "test_wordlevel-ORG_f1": 0.8660084626234132, "test_wordlevel-ISG_precision": 0.7985611510791367, "test_wordlevel-ISG_recall": 0.8043478260869565, "test_wordlevel-ISG_f1": 0.8014440433212997, "test_runtime": 4.638, "test_samples_per_second": 174.643, "test_steps_per_second": 2.803, "epoch": 5.0, "run_id": "rep01-fold04"}
