{"test_loss": 0.0968029648065567, "test_seqeval-macro_precision": 0.794470538155154, "test_seqeval-macro_recall": 0.837604417058165, "test_seqeval-macro_f1": 0.8147032470216843, "test_seqeval-micro_precision": 0.7947916666666667, "test_seqeval-micro_recall": 0.8544232922732363, "test_seqeval-micro_f1": 0.8235294117647058, "test_seqeval-PI_precision": 0.723404255319149, "test_seqeval-PI_recall": 0.8292682926829268, "test_seqeval-PI_f1": 0.7727272727272727, "test_seqeval-PG_precision": 0.8446601941747572, "test_seqeval-PG_recall": 0.8529411764705882, "test_seqeval-PG_f1": 0.848780487804878, "test_seqeval-SG_precision": 0.8137755102040817, "test_seqeval-SG_recall": 0.8910614525139665, "test_seqeval-SG_f1": 0.8506666666666667, "test_seqeval-ORG_precision": 0.8032786885245902, "test_seqeval-ORG_recall": 0.8596491228070176, "test_seqeval-ORG_f1": 0.8305084745762712, "test_seqeval-ISG_precision": 0.7872340425531915, "test_seqeval-ISG_recall": 0.7551020408163265, "test_seqeval-ISG_f1": 0.7708333333333333, "test_spanlevel-macro_precision_spanwise": 0.8082823524342647, "test_spanlevel-macro_recall_spanwise": 0.8076277964620532, "test_spanlevel-macro_f1_spanwise": 0.80355027390939, "test_spanlevel-macro_precision_seqavg": 0.8436804520059343, "test_spanlevel-macro_recall_seqavg": 0.8395884752860562, "test_spanlevel-macro_f1_seqavg": 0.8364775926449026, "test_spanlevel-micro_precision_spanwise": 0.8835304902551737, "test_spanlevel-micro_recall_spanwise": 0.8809896590751021, "test_spanlevel-micro_f1_spanwise": 0.8768256829675283, "test_spanlevel-micro_precision_seqavg": 0.881959580404854, "test_spanlevel-micro_recall_seqavg": 0.8774999829726198, "test_spanlevel-micro_f1_seqavg": 0.8740726205942441, "test_spanlevel-PI_precision_spanwise": 0.7566580756013747, "test_spanlevel-PI_recall_spanwise": 0.751956419868791, "test_spanlevel-PI_f1_spanwise": 0.7481233829171974, "test_spanlevel-PI_precision_seqavg": 0.7936222543906682, "test_spanlevel-PI_recall_seqavg": 0.7839736494346988, "test_spanlevel-PI_f1_seqavg": 0.7808144848228691, "test_spanlevel-PG_precision_spanwise": 0.9015873015873016, "test_spanlevel-PG_recall_spanwise": 0.9373015873015873, "test_spanlevel-PG_f1_spanwise": 0.9148299319727892, "test_spanlevel-PG_precision_seqavg": 0.9063546522904392, "test_spanlevel-PG_recall_seqavg": 0.9442325132667531, "test_spanlevel-PG_f1_seqavg": 0.918974547173892, "test_spanlevel-SG_precision_spanwise": 0.8823448587014479, "test_spanlevel-SG_recall_spanwise": 0.8719843320618514, "test_spanlevel-SG_f1_spanwise": 0.8735461577773448, "test_spanlevel-SG_precision_seqavg": 0.9000395019329653, "test_spanlevel-SG_recall_seqavg": 0.8960491405625898, "test_spanlevel-SG_f1_seqavg": 0.8951910972728552, "test_spanlevel-ORG_precision_spanwise": 0.8061312607944732, "test_spanlevel-ORG_recall_spanwise": 0.7954807138744963, "test_spanlevel-ORG_f1_spanwise": 0.7971811004194423, "test_spanlevel-ORG_precision_seqavg": 0.8349207264677013, "test_spanlevel-ORG_recall_seqavg": 0.8254548915127553, "test_spanlevel-ORG_f1_seqavg": 0.827327919357864, "test_spanlevel-ISG_precision_spanwise": 0.6946902654867256, "test_spanlevel-ISG_recall_spanwise": 0.6814159292035398, "test_spanlevel-ISG_f1_spanwise": 0.684070796460177, "test_spanlevel-ISG_precision_seqavg": 0.7834651249478972, "test_spanlevel-ISG_recall_seqavg": 0.7482321816534838, "test_spanlevel-ISG_f1_seqavg": 0.7600799145970327, "test_spanlevel-macro_precision_relaxed": 0.8826565030774215, "test_spanlevel-macro_recall_relaxed": 0.9159580632378559, "test_spanlevel-macro_f1_relaxed": 0.9365894592560146, "test_spanlevel-micro_precision_relaxed": 0.8824769868264766, "test_spanlevel-micro_recall_relaxed": 0.9164618053219088, "test_spanlevel-micro_f1_relaxed": 0.9370724709200138, "test_spanlevel-PI_precision_relaxed": 0.78088536739199, "test_spanlevel-PI_recall_relaxed": 0.9118259518259518, "test_spanlevel-PI_f1_relaxed": 0.9377074896769455, "test_spanlevel-PG_precision_relaxed": 0.9356884057971016, "test_spanlevel-PG_recall_relaxed": 0.9654255319148937, "test_spanlevel-PG_f1_relaxed": 0.9650920508063366, "test_spanlevel-SG_precision_relaxed": 0.9128786211954529, "test_spanlevel-SG_recall_relaxed": 0.9428625418421338, "test_spanlevel-SG_f1_relaxed": 0.9666105756460077, "test_spanlevel-ORG_precision_relaxed": 0.8704954954954953, "test_spanlevel-ORG_recall_relaxed": 0.9018132716049385, "test_spanlevel-ORG_f1_relaxed": 0.9546431802028816, "test_spanlevel-ISG_precision_relaxed": 0.8444444444444444, "test_spanlevel-ISG_recall_relaxed": 0.7894736842105263, "test_spanlevel-ISG_f1_relaxed": 0.9735930735930736, "test_doclevel-micro_precision": 0.9591836734693877, "test_doclevel-micro_recall": 0.9740932642487047, "test_doclevel-micro_f1": 0.9665809768637533, "test_doclevel-PI_precision": 0.8211920529801324, "test_doclevel-PI_recall": 0.9538461538461539, "test_doclevel-PI_f1": 0.8825622775800712, "test_doclevel-PG_precision": 0.9891304347826086, "test_doclevel-PG_recall": 0.9680851063829787, "test_doclevel-PG_f1": 0.9784946236559139, "test_doclevel-SG_precision": 0.9372937293729373, "test_doclevel-SG_recall": 0.9659863945578231, "test_doclevel-SG_f1": 0.9514237855946398, "test_doclevel-ORG_precision": 0.9054054054054054, "test_doclevel-ORG_recall": 0.9305555555555556, "test_doclevel-ORG_f1": 0.9178082191780821, "test_doclevel-ISG_precision": 0.8555555555555555, "test_doclevel-ISG_recall": 0.8105263157894737, "test_doclevel-ISG_f1": 0.8324324324324324, "test_wordlevel-macro_precision": 0.8882174774165623, "test_wordlevel-macro_recall": 0.8993162053318043, "test_wordlevel-macro_f1": 0.8929426992312304, "test_wordlevel-O_precision": 0.9901926688460736, "test_wordlevel-O_recall": 0.9868293359212533, "test_wordlevel-O_f1": 0.9885081415130369, "test_wordlevel-PI_precision": 0.8062015503875969, "test_wordlevel-PI_recall": 0.861878453038674, "test_wordlevel-PI_f1": 0.8331108144192256, "test_wordlevel-PG_precision": 0.9180327868852459, "test_wordlevel-PG_recall": 0.9655172413793104, "test_wordlevel-PG_f1": 0.9411764705882353, "test_wordlevel-SG_precision": 0.9250871080139372, "test_wordlevel-SG_recall": 0.932396839332748, "test_wordlevel-SG_f1": 0.9287275907302142, "test_wordlevel-ORG_precision": 0.8442622950819673, "test_wordlevel-ORG_recall": 0.8956521739130435, "test_wordlevel-ORG_f1": 0.869198312236287, "test_wordlevel-ISG_precision": 0.8455284552845529, "test_wordlevel-ISG_recall": 0.7536231884057971, "test_wordlevel-ISG_f1": 0.7969348659003832, "test_runtime": 4.5821, "test_samples_per_second": 176.775, "test_steps_per_second": 2.837, "epoch": 6.0, "run_id": "rep01-fold05"}
