{"test_loss": 0.08242014795541763, "test_seqeval-macro_precision": 0.8222530558393698, "test_seqeval-macro_recall": 0.851417077550409, "test_seqeval-macro_f1": 0.8341641566768253, "test_seqeval-micro_precision": 0.8112189859762675, "test_seqeval-micro_recall": 0.8663594470046083, "test_seqeval-micro_f1": 0.8378830083565459, "test_seqeval-PI_precision": 0.7435897435897436, "test_seqeval-PI_recall": 0.883248730964467, "test_seqeval-PI_f1": 0.8074245939675174, "test_seqeval-PG_precision": 0.901840490797546, "test_seqeval-PG_recall": 0.91875, "test_seqeval-PG_f1": 0.9102167182662538, "test_seqeval-SG_precision": 0.8346153846153846, "test_seqeval-SG_recall": 0.8714859437751004, "test_seqeval-SG_f1": 0.8526522593320236, "test_seqeval-ORG_precision": 0.7718446601941747, "test_seqeval-ORG_recall": 0.8502673796791443, "test_seqeval-ORG_f1": 0.8091603053435115, "test_seqeval-ISG_precision": 0.859375, "test_seqeval-ISG_recall": 0.7333333333333333, "test_seqeval-ISG_f1": 0.79136690647482, "test_spanlevel-macro_precision_spanwise": 0.844029828904835, "test_spanlevel-macro_recall_spanwise": 0.8542231261693232, "test_spanlevel-macro_f1_spanwise": 0.8453920073265383, "test_spanlevel-macro_precision_seqavg": 0.8485213272900738, "test_spanlevel-macro_recall_seqavg": 0.8580691143135235, "test_spanlevel-macro_f1_seqavg": 0.8505190952492603, "test_spanlevel-micro_precision_spanwise": 0.9016423822009801, "test_spanlevel-micro_recall_spanwise": 0.916443183201124, "test_spanlevel-micro_f1_spanwise": 0.9050628360321679, "test_spanlevel-micro_precision_seqavg": 0.9025094139272584, "test_spanlevel-micro_recall_seqavg": 0.915804243851947, "test_spanlevel-micro_f1_seqavg": 0.90473397904935, "test_spanlevel-PI_precision_spanwise": 0.8233187134502925, "test_spanlevel-PI_recall_spanwise": 0.8332602339181286, "test_spanlevel-PI_f1_spanwise": 0.8254436596541859, "test_spanlevel-PI_precision_seqavg": 0.8053680717540849, "test_spanlevel-PI_recall_seqavg": 0.8079998997178501, "test_spanlevel-PI_f1_seqavg": 0.8042296992253073, "test_spanlevel-PG_precision_spanwise": 0.9308080808080806, "test_spanlevel-PG_recall_spanwise": 0.9474747474747474, "test_spanlevel-PG_f1_spanwise": 0.9356998556998557, "test_spanlevel-PG_precision_seqavg": 0.881901319128733, "test_spanlevel-PG_recall_seqavg": 0.900430385664444, "test_spanlevel-PG_f1_seqavg": 0.8889133748415772, "test_spanlevel-SG_precision_spanwise": 0.8845698222113317, "test_spanlevel-SG_recall_spanwise": 0.8931503716409377, "test_spanlevel-SG_f1_spanwise": 0.8829504121989484, "test_spanlevel-SG_precision_seqavg": 0.9014679583385418, "test_spanlevel-SG_recall_seqavg": 0.9085954856948447, "test_spanlevel-SG_f1_seqavg": 0.9007922537126835, "test_spanlevel-ORG_precision_spanwise": 0.8411927877947295, "test_spanlevel-ORG_recall_spanwise": 0.8483125288950532, "test_spanlevel-ORG_f1_spanwise": 0.8408747670883593, "test_spanlevel-ORG_precision_seqavg": 0.8547021564032247, "test_spanlevel-ORG_recall_seqavg": 0.8667149789907218, "test_spanlevel-ORG_f1_seqavg": 0.8570356795793157, "test_spanlevel-ISG_precision_spanwise": 0.7402597402597403, "test_spanlevel-ISG_recall_spanwise": 0.748917748917749, "test_spanlevel-ISG_f1_spanwise": 0.741991341991342, "test_spanlevel-ISG_precision_seqavg": 0.799167130825785, "test_spanlevel-ISG_recall_seqavg": 0.8066048214997567, "test_spanlevel-ISG_f1_seqavg": 0.8016244688874177, "test_spanlevel-macro_precision_relaxed": 0.8982731093196208, "test_spanlevel-macro_recall_relaxed": 0.9474770515372708, "test_spanlevel-macro_f1_relaxed": 0.9448666567736023, "test_spanlevel-micro_precision_relaxed": 0.8971277107905017, "test_spanlevel-micro_recall_relaxed": 0.9473199144731994, "test_spanlevel-micro_f1_relaxed": 0.9444067034901272, "test_spanlevel-PI_precision_relaxed": 0.8350579975579976, "test_spanlevel-PI_recall_relaxed": 0.9809670781893004, "test_spanlevel-PI_f1_relaxed": 0.9636351633955018, "test_spanlevel-PG_precision_relaxed": 0.9473958333333332, "test_spanlevel-PG_recall_relaxed": 0.9767932489451475, "test_spanlevel-PG_f1_relaxed": 0.9831643625192013, "test_spanlevel-SG_precision_relaxed": 0.9089498884953431, "test_spanlevel-SG_recall_relaxed": 0.9593825757575758, "test_spanlevel-SG_f1_relaxed": 0.9641234355572302, "test_spanlevel-ORG_precision_relaxed": 0.8739061864061864, "test_spanlevel-ORG_recall_relaxed": 0.9395555555555556, "test_spanlevel-ORG_f1_relaxed": 0.9502374514587159, "test_spanlevel-ISG_precision_relaxed": 0.9396551724137931, "test_spanlevel-ISG_recall_relaxed": 0.7800925925925927, "test_spanlevel-ISG_f1_relaxed": 0.9614035087719299, "test_doclevel-micro_precision": 0.9677996422182469, "test_doclevel-micro_recall": 0.9872262773722628, "test_doclevel-micro_f1": 0.977416440831075, "test_doclevel-PI_precision": 0.8791208791208791, "test_doclevel-PI_recall": 0.9876543209876543, "test_doclevel-PI_f1": 0.9302325581395348, "test_doclevel-PG_precision": 0.96875, "test_doclevel-PG_recall": 0.9810126582278481, "test_doclevel-PG_f1": 0.9748427672955976, "test_doclevel-SG_precision": 0.9425837320574163, "test_doclevel-SG_recall": 0.985, "test_doclevel-SG_f1": 0.9633251833740831, "test_doclevel-ORG_precision": 0.9230769230769231, "test_doclevel-ORG_recall": 0.96, "test_doclevel-ORG_f1": 0.9411764705882353, "test_doclevel-ISG_precision": 0.9827586206896551, "test_doclevel-ISG_recall": 0.7916666666666666, "test_doclevel-ISG_f1": 0.8769230769230769, "test_wordlevel-macro_precision": 0.9193626420068378, "test_wordlevel-macro_recall": 0.9272283443905818, "test_wordlevel-macro_f1": 0.920580959324559, "test_wordlevel-O_precision": 0.9950112422709387, "test_wordlevel-O_recall": 0.9873797238878818, "test_wordlevel-O_f1": 0.9911807937285644, "test_wordlevel-PI_precision": 0.8488576449912126, "test_wordlevel-PI_recall": 0.9817073170731707, "test_wordlevel-PI_f1": 0.9104618284637135, "test_wordlevel-PG_precision": 0.9288389513108615, "test_wordlevel-PG_recall": 0.9649805447470817, "test_wordlevel-PG_f1": 0.9465648854961831, "test_wordlevel-SG_precision": 0.9225589225589226, "test_wordlevel-SG_recall": 0.9470046082949308, "test_wordlevel-SG_f1": 0.9346219442865263, "test_wordlevel-ORG_precision": 0.8909090909090909, "test_wordlevel-ORG_recall": 0.9382978723404255, "test_wordlevel-ORG_f1": 0.9139896373056996, "test_wordlevel-ISG_precision": 0.93, "test_wordlevel-ISG_recall": 0.744, "test_wordlevel-ISG_f1": 0.8266666666666667, "test_runtime": 4.3924, "test_samples_per_second": 184.181, "test_steps_per_second": 2.96, "epoch": 4.0, "run_id": "rep03-fold03"}
