{"test_loss": 0.08178091049194336, "test_seqeval-macro_precision": 0.7856464567898325, "test_seqeval-macro_recall": 0.8432848642050489, "test_seqeval-macro_f1": 0.8129138597251659, "test_seqeval-micro_precision": 0.7903743315508022, "test_seqeval-micro_recall": 0.8513824884792627, "test_seqeval-micro_f1": 0.819744869661675, "test_seqeval-PI_precision": 0.7631578947368421, "test_seqeval-PI_recall": 0.883248730964467, "test_seqeval-PI_f1": 0.8188235294117646, "test_seqeval-PG_precision": 0.8409090909090909, "test_seqeval-PG_recall": 0.925, "test_seqeval-PG_f1": 0.8809523809523809, "test_seqeval-SG_precision": 0.8253968253968254, "test_seqeval-SG_recall": 0.8353413654618473, "test_seqeval-SG_f1": 0.8303393213572854, "test_seqeval-ORG_precision": 0.7487684729064039, "test_seqeval-ORG_recall": 0.8128342245989305, "test_seqeval-ORG_f1": 0.7794871794871795, "test_seqeval-ISG_precision": 0.75, "test_seqeval-ISG_recall": 0.76, "test_seqeval-ISG_f1": 0.7549668874172186, "test_spanlevel-macro_precision_spanwise": 0.8242391965495731, "test_spanlevel-macro_recall_spanwise": 0.8263312252748527, "test_spanlevel-macro_f1_spanwise": 0.8220535081894397, "test_spanlevel-macro_precision_seqavg": 0.8181232866860148, "test_spanlevel-macro_recall_seqavg": 0.8206310682929905, "test_spanlevel-macro_f1_seqavg": 0.8170465749270163, "test_spanlevel-micro_precision_spanwise": 0.8836488899327469, "test_spanlevel-micro_recall_spanwise": 0.8842197708394892, "test_spanlevel-micro_f1_spanwise": 0.8805014022778676, "test_spanlevel-micro_precision_seqavg": 0.8859760577247396, "test_spanlevel-micro_recall_seqavg": 0.8850481972626085, "test_spanlevel-micro_f1_seqavg": 0.8816820725075161, "test_spanlevel-PI_precision_spanwise": 0.8495475113122172, "test_spanlevel-PI_recall_spanwise": 0.8500000000000001, "test_spanlevel-PI_f1_spanwise": 0.8472400148870737, "test_spanlevel-PI_precision_seqavg": 0.8526168654915769, "test_spanlevel-PI_recall_seqavg": 0.8510784216170856, "test_spanlevel-PI_f1_seqavg": 0.85026135417301, "test_spanlevel-PG_precision_spanwise": 0.9487951807228916, "test_spanlevel-PG_recall_spanwise": 0.9503012048192772, "test_spanlevel-PG_f1_spanwise": 0.9474564926372155, "test_spanlevel-PG_precision_seqavg": 0.9136035990798979, "test_spanlevel-PG_recall_seqavg": 0.919769104252511, "test_spanlevel-PG_f1_seqavg": 0.9155029289603983, "test_spanlevel-SG_precision_spanwise": 0.8695067384722557, "test_spanlevel-SG_recall_spanwise": 0.8677638453500522, "test_spanlevel-SG_f1_spanwise": 0.8642961083190969, "test_spanlevel-SG_precision_seqavg": 0.8521147969115646, "test_spanlevel-SG_recall_seqavg": 0.8487754483937716, "test_spanlevel-SG_f1_seqavg": 0.8467007403422964, "test_spanlevel-ORG_precision_spanwise": 0.8000898472596585, "test_spanlevel-ORG_recall_spanwise": 0.7930929919137466, "test_spanlevel-ORG_f1_spanwise": 0.7922710936861881, "test_spanlevel-ORG_precision_seqavg": 0.8443252088393515, "test_spanlevel-ORG_recall_seqavg": 0.844766797192569, "test_spanlevel-ORG_f1_seqavg": 0.8412086857512494, "test_spanlevel-ISG_precision_spanwise": 0.6532567049808429, "test_spanlevel-ISG_recall_spanwise": 0.6704980842911877, "test_spanlevel-ISG_f1_spanwise": 0.6590038314176244, "test_spanlevel-ISG_precision_seqavg": 0.627955963107683, "test_spanlevel-ISG_recall_seqavg": 0.6387655700090152, "test_spanlevel-ISG_f1_seqavg": 0.6315591654081271, "test_spanlevel-macro_precision_relaxed": 0.8933949169335861, "test_spanlevel-macro_recall_relaxed": 0.9254843139423432, "test_spanlevel-macro_f1_relaxed": 0.9418842706879227, "test_spanlevel-micro_precision_relaxed": 0.8931875828008923, "test_spanlevel-micro_recall_relaxed": 0.9250534542505348, "test_spanlevel-micro_f1_relaxed": 0.9412490246470667, "test_spanlevel-PI_precision_relaxed": 0.8742897727272727, "test_spanlevel-PI_recall_relaxed": 0.9661522633744855, "test_spanlevel-PI_f1_relaxed": 0.9624797077922078, "test_spanlevel-PG_precision_relaxed": 0.950920245398773, "test_spanlevel-PG_recall_relaxed": 0.9926160337552742, "test_spanlevel-PG_f1_relaxed": 0.9824894514767931, "test_spanlevel-SG_precision_relaxed": 0.9301847053116089, "test_spanlevel-SG_recall_relaxed": 0.9109734848484848, "test_spanlevel-SG_f1_relaxed": 0.9639226601940977, "test_spanlevel-ORG_precision_relaxed": 0.8481364275668072, "test_spanlevel-ORG_recall_relaxed": 0.895111111111111, "test_spanlevel-ORG_f1_relaxed": 0.9519280115151243, "test_spanlevel-ISG_precision_relaxed": 0.7867647058823529, "test_spanlevel-ISG_recall_relaxed": 0.7986111111111112, "test_spanlevel-ISG_f1_relaxed": 0.9425287356321839, "test_doclevel-micro_precision": 0.9622302158273381, "test_doclevel-micro_recall": 0.9762773722627737, "test_doclevel-micro_f1": 0.9692028985507246, "test_doclevel-PI_precision": 0.9090909090909091, "test_doclevel-PI_recall": 0.9876543209876543, "test_doclevel-PI_f1": 0.9467455621301774, "test_doclevel-PG_precision": 0.9693251533742331, "test_doclevel-PG_recall": 1.0, "test_doclevel-PG_f1": 0.9844236760124611, "test_doclevel-SG_precision": 0.9543147208121827, "test_doclevel-SG_recall": 0.94, "test_doclevel-SG_f1": 0.947103274559194, "test_doclevel-ORG_precision": 0.8860759493670886, "test_doclevel-ORG_recall": 0.9333333333333333, "test_doclevel-ORG_f1": 0.9090909090909091, "test_doclevel-ISG_precision": 0.8529411764705882, "test_doclevel-ISG_recall": 0.8055555555555556, "test_doclevel-ISG_f1": 0.8285714285714286, "test_wordlevel-macro_precision": 0.9036632092696677, "test_wordlevel-macro_recall": 0.9185466783296041, "test_wordlevel-macro_f1": 0.9105654054428379, "test_wordlevel-O_precision": 0.9900195421552206, "test_wordlevel-O_recall": 0.9890531306651792, "test_wordlevel-O_f1": 0.9895361004534357, "test_wordlevel-PI_precision": 0.8943396226415095, "test_wordlevel-PI_recall": 0.9634146341463414, "test_wordlevel-PI_f1": 0.9275929549902153, "test_wordlevel-PG_precision": 0.937037037037037, "test_wordlevel-PG_recall": 0.9844357976653697, "test_wordlevel-PG_f1": 0.9601518026565464, "test_wordlevel-SG_precision": 0.9495073891625616, "test_wordlevel-SG_recall": 0.8882488479262672, "test_wordlevel-SG_f1": 0.9178571428571429, "test_wordlevel-ORG_precision": 0.8670756646216768, "test_wordlevel-ORG_recall": 0.902127659574468, "test_wordlevel-ORG_f1": 0.8842544316996872, "test_wordlevel-ISG_precision": 0.784, "test_wordlevel-ISG_recall": 0.784, "test_wordlevel-ISG_f1": 0.7840000000000001, "test_runtime": 4.413, "test_samples_per_second": 183.324, "test_steps_per_second": 2.946, "epoch": 4.0, "run_id": "rep03-fold01"}
