{"test_loss": 0.11635918915271759, "test_seqeval-macro_precision": 0.7983904405095675, "test_seqeval-macro_recall": 0.8545892546284127, "test_seqeval-macro_f1": 0.8253508950881429, "test_seqeval-micro_precision": 0.8051001821493625, "test_seqeval-micro_recall": 0.8541062801932368, "test_seqeval-micro_f1": 0.8288795124238162, "test_seqeval-PI_precision": 0.782051282051282, "test_seqeval-PI_recall": 0.8755980861244019, "test_seqeval-PI_f1": 0.8261851015801355, "test_seqeval-PG_precision": 0.8365384615384616, "test_seqeval-PG_recall": 0.8969072164948454, "test_seqeval-PG_f1": 0.8656716417910447, "test_seqeval-SG_precision": 0.8365384615384616, "test_seqeval-SG_recall": 0.8529411764705882, "test_seqeval-SG_f1": 0.8446601941747574, "test_seqeval-ORG_precision": 0.7887323943661971, "test_seqeval-ORG_recall": 0.8442211055276382, "test_seqeval-ORG_f1": 0.8155339805825242, "test_seqeval-ISG_precision": 0.7480916030534351, "test_seqeval-ISG_recall": 0.8032786885245902, "test_seqeval-ISG_f1": 0.774703557312253, "test_spanlevel-macro_precision_spanwise": 0.8326976250228977, "test_spanlevel-macro_recall_spanwise": 0.831603462219151, "test_spanlevel-macro_f1_spanwise": 0.8280043840309915, "test_spanlevel-macro_precision_seqavg": 0.8527738105017659, "test_spanlevel-macro_recall_seqavg": 0.8489171095197751, "test_spanlevel-macro_f1_seqavg": 0.847534591535488, "test_spanlevel-micro_precision_spanwise": 0.8896644427001569, "test_spanlevel-micro_recall_spanwise": 0.8913325227885669, "test_spanlevel-micro_f1_spanwise": 0.8851125342435134, "test_spanlevel-micro_precision_seqavg": 0.8871840185349502, "test_spanlevel-micro_recall_seqavg": 0.8905940332958966, "test_spanlevel-micro_f1_seqavg": 0.8832648886128482, "test_spanlevel-PI_precision_spanwise": 0.8441787439613526, "test_spanlevel-PI_recall_spanwise": 0.8465217391304347, "test_spanlevel-PI_f1_spanwise": 0.8396867404806914, "test_spanlevel-PI_precision_seqavg": 0.8334015628842432, "test_spanlevel-PI_recall_seqavg": 0.8264208929589886, "test_spanlevel-PI_f1_seqavg": 0.824497088546938, "test_spanlevel-PG_precision_spanwise": 0.9166666666666666, "test_spanlevel-PG_recall_spanwise": 0.9035947712418301, "test_spanlevel-PG_f1_spanwise": 0.907843137254902, "test_spanlevel-PG_precision_seqavg": 0.9416111551373906, "test_spanlevel-PG_recall_seqavg": 0.9273132794823276, "test_spanlevel-PG_f1_seqavg": 0.9312046001796399, "test_spanlevel-SG_precision_spanwise": 0.8838933601609659, "test_spanlevel-SG_recall_spanwise": 0.8955720336002027, "test_spanlevel-SG_f1_spanwise": 0.8832383898135759, "test_spanlevel-SG_precision_seqavg": 0.9051870184315871, "test_spanlevel-SG_recall_seqavg": 0.9121028356212204, "test_spanlevel-SG_f1_seqavg": 0.9043753233978632, "test_spanlevel-ORG_precision_spanwise": 0.8052790346907994, "test_spanlevel-ORG_recall_spanwise": 0.8, "test_spanlevel-ORG_f1_spanwise": 0.8005778535190301, "test_spanlevel-ORG_precision_seqavg": 0.8292989766170566, "test_spanlevel-ORG_recall_seqavg": 0.8232926330966519, "test_spanlevel-ORG_f1_seqavg": 0.8246824828336564, "test_spanlevel-ISG_precision_spanwise": 0.7134703196347032, "test_spanlevel-ISG_recall_spanwise": 0.7123287671232876, "test_spanlevel-ISG_f1_spanwise": 0.708675799086758, "test_spanlevel-ISG_precision_seqavg": 0.7543703394385523, "test_spanlevel-ISG_recall_seqavg": 0.7554559064396874, "test_spanlevel-ISG_f1_seqavg": 0.7529134627193431, "test_spanlevel-macro_precision_relaxed": 0.8875219967867026, "test_spanlevel-macro_recall_relaxed": 0.9187518893401247, "test_spanlevel-macro_f1_relaxed": 0.9326098904552427, "test_spanlevel-micro_precision_relaxed": 0.8862368881486528, "test_spanlevel-micro_recall_relaxed": 0.9193039119509709, "test_spanlevel-micro_f1_relaxed": 0.9320555827793839, "test_spanlevel-PI_precision_relaxed": 0.8547403381642513, "test_spanlevel-PI_recall_relaxed": 0.9406551059730252, "test_spanlevel-PI_f1_relaxed": 0.9535072720772041, "test_spanlevel-PG_precision_relaxed": 0.9508771929824562, "test_spanlevel-PG_recall_relaxed": 0.9539007092198583, "test_spanlevel-PG_f1_relaxed": 0.9846153846153846, "test_spanlevel-SG_precision_relaxed": 0.9153008263877829, "test_spanlevel-SG_recall_relaxed": 0.9274560423075275, "test_spanlevel-SG_f1_relaxed": 0.9538531573813998, "test_spanlevel-ORG_precision_relaxed": 0.8830321285140561, "test_spanlevel-ORG_recall_relaxed": 0.8898809523809523, "test_spanlevel-ORG_f1_relaxed": 0.9666227079556599, "test_spanlevel-ISG_precision_relaxed": 0.8209366391184573, "test_spanlevel-ISG_recall_relaxed": 0.8642241379310345, "test_spanlevel-ISG_f1_relaxed": 0.9588954734585803, "test_doclevel-micro_precision": 0.9761526232114467, "test_doclevel-micro_recall": 0.9761526232114467, "test_doclevel-micro_f1": 0.9761526232114467, "test_doclevel-PI_precision": 0.9021739130434783, "test_doclevel-PI_recall": 0.9595375722543352, "test_doclevel-PI_f1": 0.9299719887955181, "test_doclevel-PG_precision": 0.9578947368421052, "test_doclevel-PG_recall": 0.9680851063829787, "test_doclevel-PG_f1": 0.962962962962963, "test_doclevel-SG_precision": 0.9632107023411371, "test_doclevel-SG_recall": 0.9504950495049505, "test_doclevel-SG_f1": 0.9568106312292358, "test_doclevel-ORG_precision": 0.9156626506024096, "test_doclevel-ORG_recall": 0.9047619047619048, "test_doclevel-ORG_f1": 0.9101796407185628, "test_doclevel-ISG_precision": 0.859504132231405, "test_doclevel-ISG_recall": 0.896551724137931, "test_doclevel-ISG_f1": 0.8776371308016878, "test_wordlevel-macro_precision": 0.8958301698877316, "test_wordlevel-macro_recall": 0.9184840825283023, "test_wordlevel-macro_f1": 0.90671241457243, "test_wordlevel-O_precision": 0.9889916068604793, "test_wordlevel-O_recall": 0.9859334263020676, "test_wordlevel-O_f1": 0.987460148777896, "test_wordlevel-PI_precision": 0.8563218390804598, "test_wordlevel-PI_recall": 0.9390756302521008, "test_wordlevel-PI_f1": 0.8957915831663326, "test_wordlevel-PG_precision": 0.9532163742690059, "test_wordlevel-PG_recall": 0.9532163742690059, "test_wordlevel-PG_f1": 0.9532163742690059, "test_wordlevel-SG_precision": 0.9102468212415856, "test_wordlevel-SG_recall": 0.8974926253687315, "test_wordlevel-SG_f1": 0.9038247307835128, "test_wordlevel-ORG_precision": 0.8581235697940504, "test_wordlevel-ORG_recall": 0.8886255924170616, "test_wordlevel-ORG_f1": 0.8731082654249127, "test_wordlevel-ISG_precision": 0.8080808080808081, "test_wordlevel-ISG_recall": 0.8465608465608465, "test_wordlevel-ISG_f1": 0.82687338501292, "test_runtime": 5.093, "test_samples_per_second": 172.589, "test_steps_per_second": 2.749, "epoch": 4.0, "run_id": "rep05-fold02"}
