{"test_loss": 0.06779728829860687, "test_seqeval-macro_precision": 0.8859279201093919, "test_seqeval-macro_recall": 0.9164473995491313, "test_seqeval-macro_f1": 0.9006694575422299, "test_seqeval-micro_precision": 0.8876739562624254, "test_seqeval-micro_recall": 0.9168377823408624, "test_seqeval-micro_f1": 0.902020202020202, "test_seqeval-PI_precision": 0.9182156133828996, "test_seqeval-PI_recall": 0.9391634980988594, "test_seqeval-PI_f1": 0.9285714285714286, "test_seqeval-PG_precision": 0.9230769230769231, "test_seqeval-PG_recall": 0.9041095890410958, "test_seqeval-PG_f1": 0.9134948096885814, "test_seqeval-SG_precision": 0.8736462093862816, "test_seqeval-SG_recall": 0.9029850746268657, "test_seqeval-SG_f1": 0.8880733944954129, "test_seqeval-ORG_precision": 0.86, "test_seqeval-ORG_recall": 0.91005291005291, "test_seqeval-ORG_f1": 0.884318766066838, "test_seqeval-ISG_precision": 0.8547008547008547, "test_seqeval-ISG_recall": 0.9259259259259259, "test_seqeval-ISG_f1": 0.8888888888888888, "test_spanlevel-macro_precision_spanwise": 0.8938102772791477, "test_spanlevel-macro_recall_spanwise": 0.8940840114821652, "test_spanlevel-macro_f1_spanwise": 0.8916189090015113, "test_spanlevel-macro_precision_seqavg": 0.9187224491984651, "test_spanlevel-macro_recall_seqavg": 0.9163606820843071, "test_spanlevel-macro_f1_seqavg": 0.9162492088551547, "test_spanlevel-micro_precision_spanwise": 0.9314750578130162, "test_spanlevel-micro_recall_spanwise": 0.9374876114965311, "test_spanlevel-micro_f1_spanwise": 0.9315058693478998, "test_spanlevel-micro_precision_seqavg": 0.9270799347471451, "test_spanlevel-micro_recall_seqavg": 0.9316385716875113, "test_spanlevel-micro_f1_seqavg": 0.9265384987510672, "test_spanlevel-PI_precision_spanwise": 0.9203431372549019, "test_spanlevel-PI_recall_spanwise": 0.924172794117647, "test_spanlevel-PI_f1_spanwise": 0.921017156862745, "test_spanlevel-PI_precision_seqavg": 0.9322122811387965, "test_spanlevel-PI_recall_seqavg": 0.9328057211826198, "test_spanlevel-PI_f1_seqavg": 0.9316788759332928, "test_spanlevel-PG_precision_spanwise": 0.9512471655328797, "test_spanlevel-PG_recall_spanwise": 0.9419501133786846, "test_spanlevel-PG_f1_spanwise": 0.94421768707483, "test_spanlevel-PG_precision_seqavg": 0.9687908344686662, "test_spanlevel-PG_recall_seqavg": 0.9551754619394687, "test_spanlevel-PG_f1_seqavg": 0.9599010814544603, "test_spanlevel-SG_precision_spanwise": 0.8959262073623776, "test_spanlevel-SG_recall_spanwise": 0.9048590003377238, "test_spanlevel-SG_f1_spanwise": 0.8970198160184284, "test_spanlevel-SG_precision_seqavg": 0.9361538309301406, "test_spanlevel-SG_recall_seqavg": 0.9358948367051279, "test_spanlevel-SG_f1_seqavg": 0.9338443121857906, "test_spanlevel-ORG_precision_spanwise": 0.8818627450980392, "test_spanlevel-ORG_recall_spanwise": 0.8838643790849673, "test_spanlevel-ORG_f1_spanwise": 0.8788999943411709, "test_spanlevel-ORG_precision_seqavg": 0.9020349017979842, "test_spanlevel-ORG_recall_seqavg": 0.9043557556684594, "test_spanlevel-ORG_f1_seqavg": 0.9019672188660768, "test_spanlevel-ISG_precision_spanwise": 0.819672131147541, "test_spanlevel-ISG_recall_spanwise": 0.8155737704918032, "test_spanlevel-ISG_f1_spanwise": 0.8169398907103824, "test_spanlevel-ISG_precision_seqavg": 0.8544203976567382, "test_spanlevel-ISG_recall_seqavg": 0.8535716349258597, "test_spanlevel-ISG_f1_seqavg": 0.8538545558361526, "test_spanlevel-macro_precision_relaxed": 0.9285845251191787, "test_spanlevel-macro_recall_relaxed": 0.9547619047619048, "test_spanlevel-macro_f1_relaxed": 0.9622876106101302, "test_spanlevel-micro_precision_relaxed": 0.928171983865053, "test_spanlevel-micro_recall_relaxed": 0.9550653594771242, "test_spanlevel-micro_f1_relaxed": 0.9619253397030754, "test_spanlevel-PI_precision_relaxed": 0.9376876876876876, "test_spanlevel-PI_recall_relaxed": 0.9613636363636363, "test_spanlevel-PI_f1_relaxed": 0.9821596244131455, "test_spanlevel-PG_precision_relaxed": 0.9828431372549019, "test_spanlevel-PG_recall_relaxed": 0.950599520383693, "test_spanlevel-PG_f1_relaxed": 0.9816460905349795, "test_spanlevel-SG_precision_relaxed": 0.9316083206494165, "test_spanlevel-SG_recall_relaxed": 0.9551937984496124, "test_spanlevel-SG_f1_relaxed": 0.9783871904593759, "test_spanlevel-ORG_precision_relaxed": 0.9031590413943356, "test_spanlevel-ORG_recall_relaxed": 0.9622146118721462, "test_spanlevel-ORG_f1_relaxed": 0.9661846838697139, "test_spanlevel-ISG_precision_relaxed": 0.8701923076923077, "test_spanlevel-ISG_recall_relaxed": 0.9375, "test_spanlevel-ISG_f1_relaxed": 0.9742753623188405, "test_doclevel-micro_precision": 0.9702970297029703, "test_doclevel-micro_recall": 0.9882352941176471, "test_doclevel-micro_f1": 0.9791840133222315, "test_doclevel-PI_precision": 0.9594594594594594, "test_doclevel-PI_recall": 0.9681818181818181, "test_doclevel-PI_f1": 0.9638009049773756, "test_doclevel-PG_precision": 0.9926470588235294, "test_doclevel-PG_recall": 0.9712230215827338, "test_doclevel-PG_f1": 0.9818181818181818, "test_doclevel-SG_precision": 0.9497716894977168, "test_doclevel-SG_recall": 0.9674418604651163, "test_doclevel-SG_f1": 0.9585253456221198, "test_doclevel-ORG_precision": 0.934640522875817, "test_doclevel-ORG_recall": 0.9794520547945206, "test_doclevel-ORG_f1": 0.9565217391304349, "test_doclevel-ISG_precision": 0.8846153846153846, "test_doclevel-ISG_recall": 0.9583333333333334, "test_doclevel-ISG_f1": 0.9199999999999999, "test_wordlevel-macro_precision": 0.9372097655910693, "test_wordlevel-macro_recall": 0.9536920277941672, "test_wordlevel-macro_f1": 0.9449152592280045, "test_wordlevel-O_precision": 0.9961588501332012, "test_wordlevel-O_recall": 0.9925921353169949, "test_wordlevel-O_f1": 0.9943722943722942, "test_wordlevel-PI_precision": 0.9507389162561576, "test_wordlevel-PI_recall": 0.9338709677419355, "test_wordlevel-PI_f1": 0.9422294548413342, "test_wordlevel-PG_precision": 0.9844357976653697, "test_wordlevel-PG_recall": 0.937037037037037, "test_wordlevel-PG_f1": 0.9601518026565464, "test_wordlevel-SG_precision": 0.9084158415841584, "test_wordlevel-SG_recall": 0.963254593175853, "test_wordlevel-SG_f1": 0.935031847133758, "test_wordlevel-ORG_precision": 0.9149377593360996, "test_wordlevel-ORG_recall": 0.962882096069869, "test_wordlevel-ORG_f1": 0.9382978723404256, "test_wordlevel-ISG_precision": 0.8685714285714285, "test_wordlevel-ISG_recall": 0.9325153374233128, "test_wordlevel-ISG_f1": 0.8994082840236686, "test_runtime": 4.7957, "test_samples_per_second": 182.662, "test_steps_per_second": 2.919, "epoch": 7.0, "run_id": "rep02-fold05"}
