{"test_loss": 0.08115795254707336, "test_seqeval-macro_precision": 0.7921029787510918, "test_seqeval-macro_recall": 0.83243028775162, "test_seqeval-macro_f1": 0.811358862110497, "test_seqeval-micro_precision": 0.7973997833152763, "test_seqeval-micro_recall": 0.847926267281106, "test_seqeval-micro_f1": 0.8218872138470128, "test_seqeval-PG_precision": 0.9041916167664671, "test_seqeval-PG_recall": 0.94375, "test_seqeval-PG_f1": 0.9235474006116209, "test_seqeval-SG_precision": 0.793233082706767, "test_seqeval-SG_recall": 0.8473895582329317, "test_seqeval-SG_f1": 0.8194174757281553, "test_seqeval-ISG_precision": 0.7222222222222222, "test_seqeval-ISG_recall": 0.6933333333333334, "test_seqeval-ISG_f1": 0.7074829931972788, "test_seqeval-PI_precision": 0.7652582159624414, "test_seqeval-PI_recall": 0.8274111675126904, "test_seqeval-PI_f1": 0.7951219512195122, "test_seqeval-ORG_precision": 0.775609756097561, "test_seqeval-ORG_recall": 0.8502673796791443, "test_seqeval-ORG_f1": 0.8112244897959182, "test_spanlevel-macro_precision_spanwise": 0.825873490394615, "test_spanlevel-macro_recall_spanwise": 0.8213151060527204, "test_spanlevel-macro_f1_spanwise": 0.8192511388276387, "test_spanlevel-macro_precision_seqavg": 0.8146935560973189, "test_spanlevel-macro_recall_seqavg": 0.8148426334679115, "test_spanlevel-macro_f1_seqavg": 0.811597726553463, "test_spanlevel-micro_precision_spanwise": 0.8986336282764854, "test_spanlevel-micro_recall_spanwise": 0.8935488915846058, "test_spanlevel-micro_f1_spanwise": 0.8913021263732317, "test_spanlevel-micro_precision_seqavg": 0.8938693866220461, "test_spanlevel-micro_recall_seqavg": 0.8899246869659103, "test_spanlevel-micro_f1_seqavg": 0.8869205734584333, "test_spanlevel-PG_precision_spanwise": 0.9505050505050504, "test_spanlevel-PG_recall_spanwise": 0.9520202020202019, "test_spanlevel-PG_f1_spanwise": 0.9488311688311689, "test_spanlevel-PG_precision_seqavg": 0.9010566877386468, "test_spanlevel-PG_recall_seqavg": 0.9075801602262139, "test_spanlevel-PG_f1_seqavg": 0.9026447872866316, "test_spanlevel-SG_precision_spanwise": 0.8920044601862784, "test_spanlevel-SG_recall_spanwise": 0.8865623906817088, "test_spanlevel-SG_f1_spanwise": 0.8823221203630365, "test_spanlevel-SG_precision_seqavg": 0.8825552754947266, "test_spanlevel-SG_recall_seqavg": 0.8791403441878654, "test_spanlevel-SG_f1_seqavg": 0.8762206925178084, "test_spanlevel-ISG_precision_spanwise": 0.6182170542635659, "test_spanlevel-ISG_recall_spanwise": 0.622093023255814, "test_spanlevel-ISG_f1_spanwise": 0.6162790697674418, "test_spanlevel-ISG_precision_seqavg": 0.6019579809742647, "test_spanlevel-ISG_recall_seqavg": 0.6107903255172787, "test_spanlevel-ISG_f1_seqavg": 0.6048409818359227, "test_spanlevel-PI_precision_spanwise": 0.8425076452599388, "test_spanlevel-PI_recall_spanwise": 0.8238532110091744, "test_spanlevel-PI_f1_spanwise": 0.8275265763797873, "test_spanlevel-PI_precision_seqavg": 0.85000934310472, "test_spanlevel-PI_recall_seqavg": 0.8442915888528294, "test_spanlevel-PI_f1_seqavg": 0.8425959173152383, "test_spanlevel-ORG_precision_spanwise": 0.8261332417582418, "test_spanlevel-ORG_recall_spanwise": 0.8220467032967032, "test_spanlevel-ORG_f1_spanwise": 0.8212967587967588, "test_spanlevel-ORG_precision_seqavg": 0.8378884931742359, "test_spanlevel-ORG_recall_seqavg": 0.8324107485553706, "test_spanlevel-ORG_f1_seqavg": 0.8316862538117145, "test_spanlevel-macro_precision_relaxed": 0.9007996850447123, "test_spanlevel-macro_recall_relaxed": 0.9231660320620176, "test_spanlevel-macro_f1_relaxed": 0.938436821490846, "test_spanlevel-micro_precision_relaxed": 0.9005158795393882, "test_spanlevel-micro_recall_relaxed": 0.9230443775608009, "test_spanlevel-micro_f1_relaxed": 0.9384146009139104, "test_spanlevel-PG_precision_relaxed": 0.9557613168724278, "test_spanlevel-PG_recall_relaxed": 0.9847046413502109, "test_spanlevel-PG_f1_relaxed": 0.9855019714892326, "test_spanlevel-SG_precision_relaxed": 0.9135530599298716, "test_spanlevel-SG_recall_relaxed": 0.9455342712842714, "test_spanlevel-SG_f1_relaxed": 0.955028378483008, "test_spanlevel-ISG_precision_relaxed": 0.7936507936507936, "test_spanlevel-ISG_recall_relaxed": 0.7337962962962963, "test_spanlevel-ISG_f1_relaxed": 0.935185185185185, "test_spanlevel-PI_precision_relaxed": 0.8962031558185404, "test_spanlevel-PI_recall_relaxed": 0.9222222222222223, "test_spanlevel-PI_f1_relaxed": 0.9545851200456463, "test_spanlevel-ORG_precision_relaxed": 0.8531446540880502, "test_spanlevel-ORG_recall_relaxed": 0.9218888888888886, "test_spanlevel-ORG_f1_relaxed": 0.9542033475132067, "test_doclevel-micro_precision": 0.9710669077757685, "test_doclevel-micro_recall": 0.9799270072992701, "test_doclevel-micro_f1": 0.9754768392370572, "test_doclevel-PG_precision": 0.9691358024691358, "test_doclevel-PG_recall": 0.9936708860759493, "test_doclevel-PG_f1": 0.9812500000000001, "test_doclevel-SG_precision": 0.9468599033816425, "test_doclevel-SG_recall": 0.98, "test_doclevel-SG_f1": 0.9631449631449631, "test_doclevel-ISG_precision": 0.8571428571428571, "test_doclevel-ISG_recall": 0.75, "test_doclevel-ISG_f1": 0.7999999999999999, "test_doclevel-PI_precision": 0.9230769230769231, "test_doclevel-PI_recall": 0.9629629629629629, "test_doclevel-PI_f1": 0.9425981873111782, "test_doclevel-ORG_precision": 0.89937106918239, "test_doclevel-ORG_recall": 0.9533333333333334, "test_doclevel-ORG_f1": 0.9255663430420712, "test_wordlevel-macro_precision": 0.9060425698937107, "test_wordlevel-macro_recall": 0.9104793888047604, "test_wordlevel-macro_f1": 0.9077407975020263, "test_wordlevel-O_precision": 0.9914691280330047, "test_wordlevel-O_recall": 0.9886347789708548, "test_wordlevel-O_f1": 0.9900499249380302, "test_wordlevel-PG_precision": 0.9505703422053232, "test_wordlevel-PG_recall": 0.9727626459143969, "test_wordlevel-PG_f1": 0.9615384615384615, "test_wordlevel-SG_precision": 0.9286536248561565, "test_wordlevel-SG_recall": 0.9297235023041475, "test_wordlevel-SG_f1": 0.929188255613126, "test_wordlevel-ISG_precision": 0.8053097345132744, "test_wordlevel-ISG_recall": 0.728, "test_wordlevel-ISG_f1": 0.7647058823529412, "test_wordlevel-PI_precision": 0.8754789272030651, "test_wordlevel-PI_recall": 0.9288617886178862, "test_wordlevel-PI_f1": 0.9013806706114398, "test_wordlevel-ORG_precision": 0.8847736625514403, "test_wordlevel-ORG_recall": 0.9148936170212766, "test_wordlevel-ORG_f1": 0.899581589958159, "test_runtime": 7.3937, "test_samples_per_second": 109.417, "test_steps_per_second": 1.758, "epoch": 4.0}