{"test_loss": 0.08761799335479736, "test_seqeval-macro_precision": 0.8057252580403789, "test_seqeval-macro_recall": 0.8405849579138831, "test_seqeval-macro_f1": 0.8211741406482519, "test_seqeval-micro_precision": 0.8041144901610018, "test_seqeval-micro_recall": 0.8433395872420263, "test_seqeval-micro_f1": 0.8232600732600732, "test_seqeval-PG_precision": 0.8764705882352941, "test_seqeval-PG_recall": 0.9254658385093167, "test_seqeval-PG_f1": 0.9003021148036254, "test_seqeval-SG_precision": 0.8258426966292135, "test_seqeval-SG_recall": 0.8235294117647058, "test_seqeval-SG_f1": 0.8246844319775597, "test_seqeval-ISG_precision": 0.7964601769911505, "test_seqeval-ISG_recall": 0.7317073170731707, "test_seqeval-ISG_f1": 0.7627118644067795, "test_seqeval-PI_precision": 0.7078189300411523, "test_seqeval-PI_recall": 0.86, "test_seqeval-PI_f1": 0.7765237020316027, "test_seqeval-ORG_precision": 0.8220338983050848, "test_seqeval-ORG_recall": 0.8622222222222222, "test_seqeval-ORG_f1": 0.841648590021692, "test_spanlevel-macro_precision_spanwise": 0.8237246536428702, "test_spanlevel-macro_recall_spanwise": 0.828329461058855, "test_spanlevel-macro_f1_spanwise": 0.8221393397110139, "test_spanlevel-macro_precision_seqavg": 0.8351644492093031, "test_spanlevel-macro_recall_seqavg": 0.8428819085739953, "test_spanlevel-macro_f1_seqavg": 0.8356830942691943, "test_spanlevel-micro_precision_spanwise": 0.8881082035086761, "test_spanlevel-micro_recall_spanwise": 0.8971148568693211, "test_spanlevel-micro_f1_spanwise": 0.8883254078721328, "test_spanlevel-micro_precision_seqavg": 0.8784143580900166, "test_spanlevel-micro_recall_seqavg": 0.8885376467431682, "test_spanlevel-micro_f1_seqavg": 0.8788935039277556, "test_spanlevel-PG_precision_spanwise": 0.9246506986027944, "test_spanlevel-PG_recall_spanwise": 0.9436127744510977, "test_spanlevel-PG_f1_spanwise": 0.9316367265469062, "test_spanlevel-PG_precision_seqavg": 0.9345980156836761, "test_spanlevel-PG_recall_seqavg": 0.9503588371334931, "test_spanlevel-PG_f1_seqavg": 0.9402835836781437, "test_spanlevel-SG_precision_spanwise": 0.8565097006287081, "test_spanlevel-SG_recall_spanwise": 0.861098717296682, "test_spanlevel-SG_f1_spanwise": 0.8529614968718598, "test_spanlevel-SG_precision_seqavg": 0.8584141798659299, "test_spanlevel-SG_recall_seqavg": 0.8711657772471687, "test_spanlevel-SG_f1_seqavg": 0.8588387201659134, "test_spanlevel-ISG_precision_spanwise": 0.6690997566909975, "test_spanlevel-ISG_recall_spanwise": 0.6788321167883211, "test_spanlevel-ISG_f1_spanwise": 0.6712895377128953, "test_spanlevel-ISG_precision_seqavg": 0.663318981666996, "test_spanlevel-ISG_recall_seqavg": 0.6777550227900669, "test_spanlevel-ISG_f1_seqavg": 0.6660484559653276, "test_spanlevel-PI_precision_spanwise": 0.790928270042194, "test_spanlevel-PI_recall_spanwise": 0.7893108298171589, "test_spanlevel-PI_f1_spanwise": 0.7860366169226929, "test_spanlevel-PI_precision_seqavg": 0.8167024496380524, "test_spanlevel-PI_recall_seqavg": 0.8184985286815024, "test_spanlevel-PI_f1_seqavg": 0.8157225521689833, "test_spanlevel-ORG_precision_spanwise": 0.8774348422496571, "test_spanlevel-ORG_recall_spanwise": 0.8687928669410151, "test_spanlevel-ORG_f1_spanwise": 0.8687723205007155, "test_spanlevel-ORG_precision_seqavg": 0.9027886191918617, "test_spanlevel-ORG_recall_seqavg": 0.8966313770177455, "test_spanlevel-ORG_f1_seqavg": 0.8975221593676028, "test_spanlevel-macro_precision_relaxed": 0.8795287446940016, "test_spanlevel-macro_recall_relaxed": 0.917266190599524, "test_spanlevel-macro_f1_relaxed": 0.9344891335873411, "test_spanlevel-micro_precision_relaxed": 0.8802358040745305, "test_spanlevel-micro_recall_relaxed": 0.917596878430212, "test_spanlevel-micro_f1_relaxed": 0.9355458811079335, "test_spanlevel-PG_precision_relaxed": 0.9344863731656186, "test_spanlevel-PG_recall_relaxed": 0.9870967741935484, "test_spanlevel-PG_f1_relaxed": 0.9816370992841582, "test_spanlevel-SG_precision_relaxed": 0.909455578281038, "test_spanlevel-SG_recall_relaxed": 0.9057838540984608, "test_spanlevel-SG_f1_relaxed": 0.9599357290131033, "test_spanlevel-ISG_precision_relaxed": 0.8209570957095709, "test_spanlevel-ISG_recall_relaxed": 0.7659090909090909, "test_spanlevel-ISG_f1_relaxed": 0.9633444075304542, "test_spanlevel-PI_precision_relaxed": 0.7985532407407407, "test_spanlevel-PI_recall_relaxed": 0.9550535475234271, "test_spanlevel-PI_f1_relaxed": 0.9594313434345263, "test_spanlevel-ORG_precision_relaxed": 0.9026145833333334, "test_spanlevel-ORG_recall_relaxed": 0.9240976645435245, "test_spanlevel-ORG_f1_relaxed": 0.9556573571672573, "test_doclevel-micro_precision": 0.9654631083202512, "test_doclevel-micro_recall": 0.9761904761904762, "test_doclevel-micro_f1": 0.9707971586424624, "test_doclevel-PG_precision": 0.9622641509433962, "test_doclevel-PG_recall": 0.9870967741935484, "test_doclevel-PG_f1": 0.9745222929936306, "test_doclevel-SG_precision": 0.9433962264150944, "test_doclevel-SG_recall": 0.9363295880149812, "test_doclevel-SG_f1": 0.9398496240601504, "test_doclevel-ISG_precision": 0.8613861386138614, "test_doclevel-ISG_recall": 0.7909090909090909, "test_doclevel-ISG_f1": 0.8246445497630333, "test_doclevel-PI_precision": 0.8385416666666666, "test_doclevel-PI_recall": 0.9698795180722891, "test_doclevel-PI_f1": 0.8994413407821229, "test_doclevel-ORG_precision": 0.9375, "test_doclevel-ORG_recall": 0.9554140127388535, "test_doclevel-ORG_f1": 0.9463722397476341, "test_wordlevel-macro_precision": 0.8919329578668825, "test_wordlevel-macro_recall": 0.9206005860622907, "test_wordlevel-macro_f1": 0.90524188968533, "test_wordlevel-O_precision": 0.9922749865261393, "test_wordlevel-O_recall": 0.9856055198667618, "test_wordlevel-O_f1": 0.9889290083853063, "test_wordlevel-PG_precision": 0.9208860759493671, "test_wordlevel-PG_recall": 0.9897959183673469, "test_wordlevel-PG_f1": 0.9540983606557376, "test_wordlevel-SG_precision": 0.8882303132938189, "test_wordlevel-SG_recall": 0.9066551426101987, "test_wordlevel-SG_f1": 0.8973481608212147, "test_wordlevel-ISG_precision": 0.808641975308642, "test_wordlevel-ISG_recall": 0.7528735632183908, "test_wordlevel-ISG_f1": 0.7797619047619049, "test_wordlevel-PI_precision": 0.8401559454191033, "test_wordlevel-PI_recall": 0.9514348785871964, "test_wordlevel-PI_f1": 0.8923395445134575, "test_wordlevel-ORG_precision": 0.9014084507042254, "test_wordlevel-ORG_recall": 0.9372384937238494, "test_wordlevel-ORG_f1": 0.918974358974359, "test_runtime": 8.7439, "test_samples_per_second": 102.472, "test_steps_per_second": 1.601, "epoch": 6.0}