{"test_loss": 0.09206327050924301, "test_seqeval-macro_precision": 0.8495185999710786, "test_seqeval-macro_recall": 0.8433094990804559, "test_seqeval-macro_f1": 0.8446746945097339, "test_seqeval-micro_precision": 0.8459016393442623, "test_seqeval-micro_recall": 0.8667413213885778, "test_seqeval-micro_f1": 0.8561946902654867, "test_seqeval-PG_precision": 0.88, "test_seqeval-PG_recall": 0.8627450980392157, "test_seqeval-PG_f1": 0.8712871287128714, "test_seqeval-SG_precision": 0.8567708333333334, "test_seqeval-SG_recall": 0.9189944134078212, "test_seqeval-SG_f1": 0.8867924528301887, "test_seqeval-ISG_precision": 0.8780487804878049, "test_seqeval-ISG_recall": 0.7346938775510204, "test_seqeval-ISG_f1": 0.8, "test_seqeval-PI_precision": 0.8121212121212121, "test_seqeval-PI_recall": 0.8170731707317073, "test_seqeval-PI_f1": 0.8145896656534954, "test_seqeval-ORG_precision": 0.8206521739130435, "test_seqeval-ORG_recall": 0.8830409356725146, "test_seqeval-ORG_f1": 0.8507042253521127, "test_spanlevel-macro_precision_spanwise": 0.8293661282855528, "test_spanlevel-macro_recall_spanwise": 0.8340011611307064, "test_spanlevel-macro_f1_spanwise": 0.8274339315960553, "test_spanlevel-macro_precision_seqavg": 0.8517790255426755, "test_spanlevel-macro_recall_seqavg": 0.851297129895889, "test_spanlevel-macro_f1_seqavg": 0.8474622334101545, "test_spanlevel-micro_precision_spanwise": 0.8971855987430638, "test_spanlevel-micro_recall_spanwise": 0.9046979694133293, "test_spanlevel-micro_f1_spanwise": 0.8959663646912067, "test_spanlevel-micro_precision_seqavg": 0.8984224109224109, "test_spanlevel-micro_recall_seqavg": 0.9032578018689129, "test_spanlevel-micro_f1_seqavg": 0.8957808849849923, "test_spanlevel-PG_precision_spanwise": 0.9271844660194175, "test_spanlevel-PG_recall_spanwise": 0.9409385113268608, "test_spanlevel-PG_f1_spanwise": 0.9288025889967638, "test_spanlevel-PG_precision_seqavg": 0.9571458912927294, "test_spanlevel-PG_recall_seqavg": 0.9549604756886076, "test_spanlevel-PG_f1_seqavg": 0.9487246029026679, "test_spanlevel-SG_precision_spanwise": 0.8950934779506208, "test_spanlevel-SG_recall_spanwise": 0.8998220826792255, "test_spanlevel-SG_f1_spanwise": 0.892641069346899, "test_spanlevel-SG_precision_seqavg": 0.9034318309763455, "test_spanlevel-SG_recall_seqavg": 0.9107670197632437, "test_spanlevel-SG_f1_seqavg": 0.9034388977806264, "test_spanlevel-ISG_precision_spanwise": 0.7095238095238096, "test_spanlevel-ISG_recall_spanwise": 0.7079365079365079, "test_spanlevel-ISG_f1_spanwise": 0.7073015873015873, "test_spanlevel-ISG_precision_seqavg": 0.7602391443595578, "test_spanlevel-ISG_recall_seqavg": 0.7541358240658238, "test_spanlevel-ISG_f1_seqavg": 0.756426903317822, "test_spanlevel-PI_precision_spanwise": 0.8120374349424629, "test_spanlevel-PI_recall_spanwise": 0.8208813532835879, "test_spanlevel-PI_f1_spanwise": 0.8098896138002283, "test_spanlevel-PI_precision_seqavg": 0.8226752217744393, "test_spanlevel-PI_recall_seqavg": 0.820467238816345, "test_spanlevel-PI_f1_seqavg": 0.8156506365907382, "test_spanlevel-ORG_precision_spanwise": 0.8029914529914529, "test_spanlevel-ORG_recall_spanwise": 0.8004273504273504, "test_spanlevel-ORG_f1_spanwise": 0.7985347985347986, "test_spanlevel-ORG_precision_seqavg": 0.8154030393103059, "test_spanlevel-ORG_recall_seqavg": 0.8161550911454251, "test_spanlevel-ORG_f1_seqavg": 0.8130701264589181, "test_spanlevel-macro_precision_relaxed": 0.9073780638771972, "test_spanlevel-macro_recall_relaxed": 0.9216148800345693, "test_spanlevel-macro_f1_relaxed": 0.9471864289567015, "test_spanlevel-micro_precision_relaxed": 0.9077222772413416, "test_spanlevel-micro_recall_relaxed": 0.9221665975551986, "test_spanlevel-micro_f1_relaxed": 0.9480195713687118, "test_spanlevel-PG_precision_relaxed": 0.9734432234432235, "test_spanlevel-PG_recall_relaxed": 0.951241134751773, "test_spanlevel-PG_f1_relaxed": 0.9717901146472576, "test_spanlevel-SG_precision_relaxed": 0.9122689810189809, "test_spanlevel-SG_recall_relaxed": 0.9702642595499739, "test_spanlevel-SG_f1_relaxed": 0.9678577304384707, "test_spanlevel-ISG_precision_relaxed": 0.9177215189873418, "test_spanlevel-ISG_recall_relaxed": 0.7719298245614035, "test_spanlevel-ISG_f1_relaxed": 0.981081081081081, "test_spanlevel-PI_precision_relaxed": 0.8651040544422898, "test_spanlevel-PI_recall_relaxed": 0.9067365967365967, "test_spanlevel-PI_f1_relaxed": 0.9521968809878647, "test_spanlevel-ORG_precision_relaxed": 0.8629753914988813, "test_spanlevel-ORG_recall_relaxed": 0.9126157407407409, "test_spanlevel-ORG_f1_relaxed": 0.9600213219616203, "test_doclevel-micro_precision": 0.9740034662045061, "test_doclevel-micro_recall": 0.9706390328151986, "test_doclevel-micro_f1": 0.972318339100346, "test_doclevel-PG_precision": 1.0, "test_doclevel-PG_recall": 0.9680851063829787, "test_doclevel-PG_f1": 0.9837837837837838, "test_doclevel-SG_precision": 0.9415584415584416, "test_doclevel-SG_recall": 0.9863945578231292, "test_doclevel-SG_f1": 0.9634551495016611, "test_doclevel-ISG_precision": 0.9367088607594937, "test_doclevel-ISG_recall": 0.7789473684210526, "test_doclevel-ISG_f1": 0.8505747126436782, "test_doclevel-PI_precision": 0.8970588235294118, "test_doclevel-PI_recall": 0.9384615384615385, "test_doclevel-PI_f1": 0.9172932330827067, "test_doclevel-ORG_precision": 0.8993288590604027, "test_doclevel-ORG_recall": 0.9305555555555556, "test_doclevel-ORG_f1": 0.9146757679180888, "test_wordlevel-macro_precision": 0.9118051077244416, "test_wordlevel-macro_recall": 0.9093703602012521, "test_wordlevel-macro_f1": 0.9088679334472208, "test_wordlevel-O_precision": 0.9926885314393148, "test_wordlevel-O_recall": 0.9882157216137529, "test_wordlevel-O_f1": 0.9904470768055026, "test_wordlevel-PG_precision": 0.9534883720930233, "test_wordlevel-PG_recall": 0.9425287356321839, "test_wordlevel-PG_f1": 0.9479768786127168, "test_wordlevel-SG_precision": 0.9251700680272109, "test_wordlevel-SG_recall": 0.9552238805970149, "test_wordlevel-SG_f1": 0.9399568034557236, "test_wordlevel-ISG_precision": 0.9122807017543859, "test_wordlevel-ISG_recall": 0.7536231884057971, "test_wordlevel-ISG_f1": 0.8253968253968254, "test_wordlevel-PI_precision": 0.8463541666666666, "test_wordlevel-PI_recall": 0.8977900552486188, "test_wordlevel-PI_f1": 0.871313672922252, "test_wordlevel-ORG_precision": 0.8408488063660478, "test_wordlevel-ORG_recall": 0.9188405797101449, "test_wordlevel-ORG_f1": 0.8781163434903047, "test_runtime": 7.5375, "test_samples_per_second": 107.463, "test_steps_per_second": 1.725, "epoch": 5.0}