{"test_loss": 0.0815868079662323, "test_seqeval-macro_precision": 0.8124388622649492, "test_seqeval-macro_recall": 0.8831496620492549, "test_seqeval-macro_f1": 0.8459001415911491, "test_seqeval-micro_precision": 0.8126773888363292, "test_seqeval-micro_recall": 0.8819301848049281, "test_seqeval-micro_f1": 0.8458887247661251, "test_seqeval-PG_precision": 0.9066666666666666, "test_seqeval-PG_recall": 0.9315068493150684, "test_seqeval-PG_f1": 0.918918918918919, "test_seqeval-SG_precision": 0.7811447811447811, "test_seqeval-SG_recall": 0.8656716417910447, "test_seqeval-SG_f1": 0.8212389380530973, "test_seqeval-ISG_precision": 0.7380952380952381, "test_seqeval-ISG_recall": 0.8611111111111112, "test_seqeval-ISG_f1": 0.7948717948717949, "test_seqeval-PI_precision": 0.8478260869565217, "test_seqeval-PI_recall": 0.8897338403041825, "test_seqeval-PI_f1": 0.8682745825602968, "test_seqeval-ORG_precision": 0.7884615384615384, "test_seqeval-ORG_recall": 0.8677248677248677, "test_seqeval-ORG_f1": 0.8261964735516373, "test_spanlevel-macro_precision_spanwise": 0.8478847293260408, "test_spanlevel-macro_recall_spanwise": 0.8534754765102873, "test_spanlevel-macro_f1_spanwise": 0.8474014229739979, "test_spanlevel-macro_precision_seqavg": 0.8624491480848574, "test_spanlevel-macro_recall_seqavg": 0.8664632419086056, "test_spanlevel-macro_f1_seqavg": 0.8616695516214644, "test_spanlevel-micro_precision_spanwise": 0.9033204064454066, "test_spanlevel-micro_recall_spanwise": 0.9109898622357093, "test_spanlevel-micro_f1_spanwise": 0.9035026273876477, "test_spanlevel-micro_precision_seqavg": 0.8985534514707934, "test_spanlevel-micro_recall_seqavg": 0.9077433532226309, "test_spanlevel-micro_f1_seqavg": 0.8994159080951554, "test_spanlevel-PG_precision_spanwise": 0.9411111111111112, "test_spanlevel-PG_recall_spanwise": 0.9555555555555554, "test_spanlevel-PG_f1_spanwise": 0.946074074074074, "test_spanlevel-PG_precision_seqavg": 0.936530235878361, "test_spanlevel-PG_recall_seqavg": 0.9459903169064087, "test_spanlevel-PG_f1_seqavg": 0.9391037630532457, "test_spanlevel-SG_precision_spanwise": 0.8796454410641261, "test_spanlevel-SG_recall_spanwise": 0.8860902649829985, "test_spanlevel-SG_f1_spanwise": 0.8791157649159209, "test_spanlevel-SG_precision_seqavg": 0.9088987673743947, "test_spanlevel-SG_recall_seqavg": 0.9104906455750336, "test_spanlevel-SG_f1_seqavg": 0.9062231239126757, "test_spanlevel-ISG_precision_spanwise": 0.7131782945736435, "test_spanlevel-ISG_recall_spanwise": 0.7170542635658915, "test_spanlevel-ISG_f1_spanwise": 0.7139534883720929, "test_spanlevel-ISG_precision_seqavg": 0.7150050290925509, "test_spanlevel-ISG_recall_seqavg": 0.7185611375524499, "test_spanlevel-ISG_f1_seqavg": 0.7162091331130641, "test_spanlevel-PI_precision_spanwise": 0.8755952380952381, "test_spanlevel-PI_recall_spanwise": 0.8821196660482374, "test_spanlevel-PI_f1_spanwise": 0.8725381998953428, "test_spanlevel-PI_precision_seqavg": 0.8835878593714698, "test_spanlevel-PI_recall_seqavg": 0.898673570708618, "test_spanlevel-PI_f1_seqavg": 0.8855236519304553, "test_spanlevel-ORG_precision_spanwise": 0.8298935617860852, "test_spanlevel-ORG_recall_spanwise": 0.8265576323987539, "test_spanlevel-ORG_f1_spanwise": 0.8253255876125585, "test_spanlevel-ORG_precision_seqavg": 0.8682238487075103, "test_spanlevel-ORG_recall_seqavg": 0.8586005388005182, "test_spanlevel-ORG_f1_seqavg": 0.8612880860978809, "test_spanlevel-macro_precision_relaxed": 0.8912010930103036, "test_spanlevel-macro_recall_relaxed": 0.9457233802611952, "test_spanlevel-macro_f1_relaxed": 0.9493106720700284, "test_spanlevel-micro_precision_relaxed": 0.8897098649401279, "test_spanlevel-micro_recall_relaxed": 0.9462555931463492, "test_spanlevel-micro_f1_relaxed": 0.9485951653956204, "test_spanlevel-PG_precision_relaxed": 0.9586330935251799, "test_spanlevel-PG_recall_relaxed": 0.9832134292565946, "test_spanlevel-PG_f1_relaxed": 0.9814389989572471, "test_spanlevel-SG_precision_relaxed": 0.9058626014508367, "test_spanlevel-SG_recall_relaxed": 0.9519933554817277, "test_spanlevel-SG_f1_relaxed": 0.9703623833218455, "test_spanlevel-ISG_precision_relaxed": 0.7740384615384616, "test_spanlevel-ISG_recall_relaxed": 0.8940972222222223, "test_spanlevel-ISG_f1_relaxed": 0.9552501761804087, "test_spanlevel-PI_precision_relaxed": 0.9029629629629631, "test_spanlevel-PI_recall_relaxed": 0.9480765446674537, "test_spanlevel-PI_f1_relaxed": 0.960487243640173, "test_spanlevel-ORG_precision_relaxed": 0.8594618055555557, "test_spanlevel-ORG_recall_relaxed": 0.9496575342465754, "test_spanlevel-ORG_f1_relaxed": 0.9738749025625368, "test_doclevel-micro_precision": 0.9638157894736842, "test_doclevel-micro_recall": 0.984873949579832, "test_doclevel-micro_f1": 0.9742310889443059, "test_doclevel-PG_precision": 0.9856115107913669, "test_doclevel-PG_recall": 0.9856115107913669, "test_doclevel-PG_f1": 0.9856115107913669, "test_doclevel-SG_precision": 0.9366515837104072, "test_doclevel-SG_recall": 0.9627906976744186, "test_doclevel-SG_f1": 0.9495412844036697, "test_doclevel-ISG_precision": 0.8269230769230769, "test_doclevel-ISG_recall": 0.8958333333333334, "test_doclevel-ISG_f1": 0.86, "test_doclevel-PI_precision": 0.9422222222222222, "test_doclevel-PI_recall": 0.9636363636363636, "test_doclevel-PI_f1": 0.9528089887640449, "test_doclevel-ORG_precision": 0.88125, "test_doclevel-ORG_recall": 0.9657534246575342, "test_doclevel-ORG_f1": 0.9215686274509803, "test_wordlevel-macro_precision": 0.8986027536244369, "test_wordlevel-macro_recall": 0.9402678166371432, "test_wordlevel-macro_f1": 0.9184018777253903, "test_wordlevel-O_precision": 0.9943432585317337, "test_wordlevel-O_recall": 0.987468362244583, "test_wordlevel-O_f1": 0.9908938858948152, "test_wordlevel-PG_precision": 0.9466192170818505, "test_wordlevel-PG_recall": 0.9851851851851852, "test_wordlevel-PG_f1": 0.9655172413793102, "test_wordlevel-SG_precision": 0.8661800486618005, "test_wordlevel-SG_recall": 0.9343832020997376, "test_wordlevel-SG_f1": 0.898989898989899, "test_wordlevel-ISG_precision": 0.7849462365591398, "test_wordlevel-ISG_recall": 0.8957055214723927, "test_wordlevel-ISG_f1": 0.8366762177650431, "test_wordlevel-PI_precision": 0.9147540983606557, "test_wordlevel-PI_recall": 0.9, "test_wordlevel-PI_f1": 0.9073170731707317, "test_wordlevel-ORG_precision": 0.8847736625514403, "test_wordlevel-ORG_recall": 0.9388646288209607, "test_wordlevel-ORG_f1": 0.9110169491525424, "test_runtime": 8.2445, "test_samples_per_second": 106.252, "test_steps_per_second": 1.698, "epoch": 4.0}