{"test_loss": 0.10873120278120041, "test_seqeval-macro_precision": 0.854817424414478, "test_seqeval-macro_recall": 0.8753732466315587, "test_seqeval-macro_f1": 0.8646178863460724, "test_seqeval-micro_precision": 0.8513640639698965, "test_seqeval-micro_recall": 0.8743961352657005, "test_seqeval-micro_f1": 0.8627264061010486, "test_seqeval-PG_precision": 0.9072164948453608, "test_seqeval-PG_recall": 0.9072164948453608, "test_seqeval-PG_f1": 0.9072164948453608, "test_seqeval-SG_precision": 0.8655256723716381, "test_seqeval-SG_recall": 0.8676470588235294, "test_seqeval-SG_f1": 0.8665850673194614, "test_seqeval-ISG_precision": 0.8487394957983193, "test_seqeval-ISG_recall": 0.8278688524590164, "test_seqeval-ISG_f1": 0.8381742738589212, "test_seqeval-PI_precision": 0.8461538461538461, "test_seqeval-PI_recall": 0.8947368421052632, "test_seqeval-PI_f1": 0.8697674418604652, "test_seqeval-ORG_precision": 0.8064516129032258, "test_seqeval-ORG_recall": 0.8793969849246231, "test_seqeval-ORG_f1": 0.8413461538461537, "test_spanlevel-macro_precision_spanwise": 0.8619248769648703, "test_spanlevel-macro_recall_spanwise": 0.8591760708146128, "test_spanlevel-macro_f1_spanwise": 0.85702877587978, "test_spanlevel-macro_precision_seqavg": 0.8822206760861178, "test_spanlevel-macro_recall_seqavg": 0.8803817826880632, "test_spanlevel-macro_f1_seqavg": 0.8783244843659587, "test_spanlevel-micro_precision_spanwise": 0.9125541762342135, "test_spanlevel-micro_recall_spanwise": 0.9111331392488109, "test_spanlevel-micro_f1_spanwise": 0.9064051702003854, "test_spanlevel-micro_precision_seqavg": 0.9112528733655494, "test_spanlevel-micro_recall_seqavg": 0.9100593398950205, "test_spanlevel-micro_f1_seqavg": 0.9047538362805027, "test_spanlevel-PG_precision_spanwise": 0.9393939393939394, "test_spanlevel-PG_recall_spanwise": 0.9259259259259259, "test_spanlevel-PG_f1_spanwise": 0.9303030303030303, "test_spanlevel-PG_precision_seqavg": 0.9514382920411132, "test_spanlevel-PG_recall_seqavg": 0.9367302039431274, "test_spanlevel-PG_f1_seqavg": 0.9407340962691971, "test_spanlevel-SG_precision_spanwise": 0.9103300773300773, "test_spanlevel-SG_recall_spanwise": 0.9156665794522937, "test_spanlevel-SG_f1_spanwise": 0.9061563272703332, "test_spanlevel-SG_precision_seqavg": 0.9217019100290367, "test_spanlevel-SG_recall_seqavg": 0.9281731225093455, "test_spanlevel-SG_f1_seqavg": 0.9208789496919607, "test_spanlevel-ISG_precision_spanwise": 0.7554744525547445, "test_spanlevel-ISG_recall_spanwise": 0.7518248175182481, "test_spanlevel-ISG_f1_spanwise": 0.7518248175182481, "test_spanlevel-ISG_precision_seqavg": 0.8087383323096388, "test_spanlevel-ISG_recall_seqavg": 0.8054136478859114, "test_spanlevel-ISG_f1_seqavg": 0.8063331300953535, "test_spanlevel-PI_precision_spanwise": 0.8796875000000001, "test_spanlevel-PI_recall_spanwise": 0.884077380952381, "test_spanlevel-PI_f1_spanwise": 0.8778033496007099, "test_spanlevel-PI_precision_seqavg": 0.8722493486656, "test_spanlevel-PI_recall_seqavg": 0.868843686197292, "test_spanlevel-PI_f1_seqavg": 0.8653714160209319, "test_spanlevel-ORG_precision_spanwise": 0.8247384155455904, "test_spanlevel-ORG_recall_spanwise": 0.8183856502242153, "test_spanlevel-ORG_f1_spanwise": 0.8190563547065789, "test_spanlevel-ORG_precision_seqavg": 0.8569754973852006, "test_spanlevel-ORG_recall_seqavg": 0.8627482529046395, "test_spanlevel-ORG_f1_seqavg": 0.8583048297523502, "test_spanlevel-macro_precision_relaxed": 0.9175954893060153, "test_spanlevel-macro_recall_relaxed": 0.92879927438751, "test_spanlevel-macro_f1_relaxed": 0.9443855385619501, "test_spanlevel-micro_precision_relaxed": 0.9172986613776084, "test_spanlevel-micro_recall_relaxed": 0.9287551125786424, "test_spanlevel-micro_f1_relaxed": 0.944018376148366, "test_spanlevel-PG_precision_relaxed": 0.9782608695652174, "test_spanlevel-PG_recall_relaxed": 0.9432624113475178, "test_spanlevel-PG_f1_relaxed": 0.99, "test_spanlevel-SG_precision_relaxed": 0.9370773259662148, "test_spanlevel-SG_recall_relaxed": 0.9365173055767115, "test_spanlevel-SG_f1_relaxed": 0.9621247079011296, "test_spanlevel-ISG_precision_relaxed": 0.881578947368421, "test_spanlevel-ISG_recall_relaxed": 0.853448275862069, "test_spanlevel-ISG_f1_relaxed": 0.9722222222222223, "test_spanlevel-PI_precision_relaxed": 0.8993827160493826, "test_spanlevel-PI_recall_relaxed": 0.9498073217726397, "test_spanlevel-PI_f1_relaxed": 0.9699640544949004, "test_spanlevel-ORG_precision_relaxed": 0.8848747591522157, "test_spanlevel-ORG_recall_relaxed": 0.927579365079365, "test_spanlevel-ORG_f1_relaxed": 0.9703983779933146, "test_doclevel-micro_precision": 0.9840510366826156, "test_doclevel-micro_recall": 0.9809220985691574, "test_doclevel-micro_f1": 0.982484076433121, "test_doclevel-PG_precision": 0.9782608695652174, "test_doclevel-PG_recall": 0.9574468085106383, "test_doclevel-PG_f1": 0.967741935483871, "test_doclevel-SG_precision": 0.9730639730639731, "test_doclevel-SG_recall": 0.9537953795379538, "test_doclevel-SG_f1": 0.9633333333333334, "test_doclevel-ISG_precision": 0.8947368421052632, "test_doclevel-ISG_recall": 0.8793103448275862, "test_doclevel-ISG_f1": 0.8869565217391304, "test_doclevel-PI_precision": 0.9277777777777778, "test_doclevel-PI_recall": 0.9653179190751445, "test_doclevel-PI_f1": 0.9461756373937679, "test_doclevel-ORG_precision": 0.9132947976878613, "test_doclevel-ORG_recall": 0.9404761904761905, "test_doclevel-ORG_f1": 0.9266862170087976, "test_wordlevel-macro_precision": 0.9313212550578055, "test_wordlevel-macro_recall": 0.9271169043856154, "test_wordlevel-macro_f1": 0.9287429158357169, "test_wordlevel-O_precision": 0.9896432681242808, "test_wordlevel-O_recall": 0.9907233371733463, "test_wordlevel-O_f1": 0.9901830081202279, "test_wordlevel-PG_precision": 0.9818181818181818, "test_wordlevel-PG_recall": 0.9473684210526315, "test_wordlevel-PG_f1": 0.9642857142857142, "test_wordlevel-SG_precision": 0.944996180290298, "test_wordlevel-SG_recall": 0.9122418879056047, "test_wordlevel-SG_f1": 0.9283302063789869, "test_wordlevel-ISG_precision": 0.8876404494382022, "test_wordlevel-ISG_recall": 0.8359788359788359, "test_wordlevel-ISG_f1": 0.8610354223433241, "test_wordlevel-PI_precision": 0.9241803278688525, "test_wordlevel-PI_recall": 0.9474789915966386, "test_wordlevel-PI_f1": 0.9356846473029046, "test_wordlevel-ORG_precision": 0.8596491228070176, "test_wordlevel-ORG_recall": 0.9289099526066351, "test_wordlevel-ORG_f1": 0.8929384965831435, "test_runtime": 8.4436, "test_samples_per_second": 104.102, "test_steps_per_second": 1.658, "epoch": 5.0}