{"test_loss": 0.0815548449754715, "test_seqeval-macro_precision": 0.85470730046817, "test_seqeval-macro_recall": 0.8719225979194449, "test_seqeval-macro_f1": 0.8630133124519842, "test_seqeval-micro_precision": 0.8502824858757062, "test_seqeval-micro_recall": 0.8724637681159421, "test_seqeval-micro_f1": 0.8612303290414879, "test_seqeval-PI_precision": 0.8153153153153153, "test_seqeval-PI_recall": 0.8660287081339713, "test_seqeval-PI_f1": 0.8399071925754059, "test_seqeval-PG_precision": 0.9375, "test_seqeval-PG_recall": 0.9278350515463918, "test_seqeval-PG_f1": 0.9326424870466321, "test_seqeval-SG_precision": 0.8671497584541062, "test_seqeval-SG_recall": 0.8799019607843137, "test_seqeval-SG_f1": 0.8734793187347932, "test_seqeval-ORG_precision": 0.8285714285714286, "test_seqeval-ORG_recall": 0.8743718592964824, "test_seqeval-ORG_f1": 0.8508557457212714, "test_seqeval-ISG_precision": 0.825, "test_seqeval-ISG_recall": 0.8114754098360656, "test_seqeval-ISG_f1": 0.8181818181818182, "test_spanlevel-macro_precision_spanwise": 0.8614862347548611, "test_spanlevel-macro_recall_spanwise": 0.8590526583890536, "test_spanlevel-macro_f1_spanwise": 0.8564788578524214, "test_spanlevel-macro_precision_seqavg": 0.8747680590638515, "test_spanlevel-macro_recall_seqavg": 0.8712542085112727, "test_spanlevel-macro_f1_seqavg": 0.8702834959043539, "test_spanlevel-micro_precision_spanwise": 0.9090416278347313, "test_spanlevel-micro_recall_spanwise": 0.90881750278302, "test_spanlevel-micro_f1_spanwise": 0.9036946136761587, "test_spanlevel-micro_precision_seqavg": 0.9091426091269842, "test_spanlevel-micro_recall_seqavg": 0.9108680859071484, "test_spanlevel-micro_f1_seqavg": 0.9043078525195586, "test_spanlevel-PI_precision_spanwise": 0.8812312312312311, "test_spanlevel-PI_recall_spanwise": 0.8825825825825826, "test_spanlevel-PI_f1_spanwise": 0.8757757757757757, "test_spanlevel-PI_precision_seqavg": 0.8654403178910675, "test_spanlevel-PI_recall_seqavg": 0.8620872078019995, "test_spanlevel-PI_f1_seqavg": 0.8590607349579308, "test_spanlevel-PG_precision_spanwise": 0.93, "test_spanlevel-PG_recall_spanwise": 0.9200000000000002, "test_spanlevel-PG_f1_spanwise": 0.9239999999999999, "test_spanlevel-PG_precision_seqavg": 0.9302782444140493, "test_spanlevel-PG_recall_seqavg": 0.9269642931872247, "test_spanlevel-PG_f1_seqavg": 0.9282898736779543, "test_spanlevel-SG_precision_spanwise": 0.8953612415232134, "test_spanlevel-SG_recall_spanwise": 0.9069855939574251, "test_spanlevel-SG_f1_spanwise": 0.8958342921610475, "test_spanlevel-SG_precision_seqavg": 0.9045568546334838, "test_spanlevel-SG_recall_seqavg": 0.9109807778293476, "test_spanlevel-SG_f1_seqavg": 0.9036508637254859, "test_spanlevel-ORG_precision_spanwise": 0.8677469135802469, "test_spanlevel-ORG_recall_spanwise": 0.858641975308642, "test_spanlevel-ORG_f1_spanwise": 0.8587648976537865, "test_spanlevel-ORG_precision_seqavg": 0.8887319820381342, "test_spanlevel-ORG_recall_seqavg": 0.872658928024841, "test_spanlevel-ORG_f1_seqavg": 0.8772123128907758, "test_spanlevel-ISG_precision_spanwise": 0.7330917874396136, "test_spanlevel-ISG_recall_spanwise": 0.7270531400966184, "test_spanlevel-ISG_f1_spanwise": 0.7280193236714976, "test_spanlevel-ISG_precision_seqavg": 0.7848328963425226, "test_spanlevel-ISG_recall_seqavg": 0.7835798357129503, "test_spanlevel-ISG_f1_seqavg": 0.7832036942696226, "test_spanlevel-macro_precision_relaxed": 0.9189606833724481, "test_spanlevel-macro_recall_relaxed": 0.9309492574198458, "test_spanlevel-macro_f1_relaxed": 0.9425974428353057, "test_spanlevel-micro_precision_relaxed": 0.9196672723143311, "test_spanlevel-micro_recall_relaxed": 0.9313599622423153, "test_spanlevel-micro_f1_relaxed": 0.9433744349742124, "test_spanlevel-PI_precision_relaxed": 0.9037664783427496, "test_spanlevel-PI_recall_relaxed": 0.9420038535645471, "test_spanlevel-PI_f1_relaxed": 0.9574248177147643, "test_spanlevel-PG_precision_relaxed": 0.967741935483871, "test_spanlevel-PG_recall_relaxed": 0.9468085106382981, "test_spanlevel-PG_f1_relaxed": 0.9933333333333334, "test_spanlevel-SG_precision_relaxed": 0.9186432474629197, "test_spanlevel-SG_recall_relaxed": 0.9451503758434452, "test_spanlevel-SG_f1_relaxed": 0.9641452068235746, "test_spanlevel-ORG_precision_relaxed": 0.9184313725490195, "test_spanlevel-ORG_recall_relaxed": 0.9295634920634922, "test_spanlevel-ORG_f1_relaxed": 0.9600557482545059, "test_spanlevel-ISG_precision_relaxed": 0.8625730994152047, "test_spanlevel-ISG_recall_relaxed": 0.8347701149425287, "test_spanlevel-ISG_f1_relaxed": 0.9690909090909091, "test_doclevel-micro_precision": 0.9825119236883942, "test_doclevel-micro_recall": 0.9825119236883942, "test_doclevel-micro_f1": 0.9825119236883942, "test_doclevel-PI_precision": 0.943502824858757, "test_doclevel-PI_recall": 0.9653179190751445, "test_doclevel-PI_f1": 0.9542857142857143, "test_doclevel-PG_precision": 0.967741935483871, "test_doclevel-PG_recall": 0.9574468085106383, "test_doclevel-PG_f1": 0.9625668449197862, "test_doclevel-SG_precision": 0.9573770491803278, "test_doclevel-SG_recall": 0.9636963696369637, "test_doclevel-SG_f1": 0.9605263157894738, "test_doclevel-ORG_precision": 0.9470588235294117, "test_doclevel-ORG_recall": 0.9583333333333334, "test_doclevel-ORG_f1": 0.9526627218934912, "test_doclevel-ISG_precision": 0.8859649122807017, "test_doclevel-ISG_recall": 0.8706896551724138, "test_doclevel-ISG_f1": 0.8782608695652173, "test_wordlevel-macro_precision": 0.9296015704720775, "test_wordlevel-macro_recall": 0.9167865349991134, "test_wordlevel-macro_f1": 0.9229586936841314, "test_wordlevel-O_precision": 0.9890342905610081, "test_wordlevel-O_recall": 0.9898138604256351, "test_wordlevel-O_f1": 0.9894239219370283, "test_wordlevel-PI_precision": 0.9168399168399168, "test_wordlevel-PI_recall": 0.9264705882352942, "test_wordlevel-PI_f1": 0.9216300940438872, "test_wordlevel-PG_precision": 0.9818181818181818, "test_wordlevel-PG_recall": 0.9473684210526315, "test_wordlevel-PG_f1": 0.9642857142857142, "test_wordlevel-SG_precision": 0.9201773835920177, "test_wordlevel-SG_recall": 0.918141592920354, "test_wordlevel-SG_f1": 0.9191583610188262, "test_wordlevel-ORG_precision": 0.9061032863849765, "test_wordlevel-ORG_recall": 0.9146919431279621, "test_wordlevel-ORG_f1": 0.9103773584905661, "test_wordlevel-ISG_precision": 0.8636363636363636, "test_wordlevel-ISG_recall": 0.8042328042328042, "test_wordlevel-ISG_f1": 0.832876712328767, "test_runtime": 5.0253, "test_samples_per_second": 174.914, "test_steps_per_second": 2.786, "epoch": 4.0, "run_id": "rep05-fold04"}
