{"test_loss": 0.07106470316648483, "test_seqeval-macro_precision": 0.8537901759001587, "test_seqeval-macro_recall": 0.8685172305930617, "test_seqeval-macro_f1": 0.8610022418772134, "test_seqeval-micro_precision": 0.8638858397365532, "test_seqeval-micro_recall": 0.8812989921612542, "test_seqeval-micro_f1": 0.8725055432372506, "test_seqeval-PI_precision": 0.8402366863905325, "test_seqeval-PI_recall": 0.8658536585365854, "test_seqeval-PI_f1": 0.8528528528528528, "test_seqeval-PG_precision": 0.875, "test_seqeval-PG_recall": 0.8921568627450981, "test_seqeval-PG_f1": 0.883495145631068, "test_seqeval-SG_precision": 0.9065934065934066, "test_seqeval-SG_recall": 0.9217877094972067, "test_seqeval-SG_f1": 0.9141274238227146, "test_seqeval-ORG_precision": 0.8033707865168539, "test_seqeval-ORG_recall": 0.8362573099415205, "test_seqeval-ORG_f1": 0.8194842406876791, "test_seqeval-ISG_precision": 0.84375, "test_seqeval-ISG_recall": 0.826530612244898, "test_seqeval-ISG_f1": 0.8350515463917526, "test_spanlevel-macro_precision_spanwise": 0.8639145420166268, "test_spanlevel-macro_recall_spanwise": 0.8543418683163162, "test_spanlevel-macro_f1_spanwise": 0.8546034357909529, "test_spanlevel-macro_precision_seqavg": 0.8909415650396806, "test_spanlevel-macro_recall_seqavg": 0.8864817341979686, "test_spanlevel-macro_f1_seqavg": 0.8863114314037566, "test_spanlevel-micro_precision_spanwise": 0.9202701664711469, "test_spanlevel-micro_recall_spanwise": 0.9116425705526051, "test_spanlevel-micro_f1_spanwise": 0.9116964833670759, "test_spanlevel-micro_precision_seqavg": 0.9154863096269347, "test_spanlevel-micro_recall_seqavg": 0.9081968957888075, "test_spanlevel-micro_f1_seqavg": 0.907689307072302, "test_spanlevel-PI_precision_spanwise": 0.8568738229755178, "test_spanlevel-PI_recall_spanwise": 0.835467263433365, "test_spanlevel-PI_f1_spanwise": 0.8402585173771614, "test_spanlevel-PI_precision_seqavg": 0.8990241409045661, "test_spanlevel-PI_recall_seqavg": 0.8866309731474705, "test_spanlevel-PI_f1_seqavg": 0.8899028082781082, "test_spanlevel-PG_precision_spanwise": 0.964401294498382, "test_spanlevel-PG_recall_spanwise": 0.9663430420711974, "test_spanlevel-PG_f1_spanwise": 0.9585760517799353, "test_spanlevel-PG_precision_seqavg": 0.9544983639246328, "test_spanlevel-PG_recall_seqavg": 0.9603272937441305, "test_spanlevel-PG_f1_seqavg": 0.9540180162835299, "test_spanlevel-SG_precision_spanwise": 0.9398315565774805, "test_spanlevel-SG_recall_spanwise": 0.930365515771526, "test_spanlevel-SG_f1_spanwise": 0.9302691064745521, "test_spanlevel-SG_precision_seqavg": 0.9642033386003417, "test_spanlevel-SG_recall_seqavg": 0.9489583656363494, "test_spanlevel-SG_f1_seqavg": 0.9533551623750215, "test_spanlevel-ORG_precision_spanwise": 0.7878238341968911, "test_spanlevel-ORG_recall_spanwise": 0.7780656303972365, "test_spanlevel-ORG_f1_spanwise": 0.779387509439323, "test_spanlevel-ORG_precision_seqavg": 0.7911376664536521, "test_spanlevel-ORG_recall_seqavg": 0.7958637898246353, "test_spanlevel-ORG_f1_seqavg": 0.7919142325522152, "test_spanlevel-ISG_precision_spanwise": 0.7706422018348624, "test_spanlevel-ISG_recall_spanwise": 0.7614678899082569, "test_spanlevel-ISG_f1_spanwise": 0.7645259938837922, "test_spanlevel-ISG_precision_seqavg": 0.8458443153152099, "test_spanlevel-ISG_recall_seqavg": 0.8406282486372574, "test_spanlevel-ISG_f1_seqavg": 0.8423669375299081, "test_spanlevel-macro_precision_relaxed": 0.9313064845782238, "test_spanlevel-macro_recall_relaxed": 0.9216983810324255, "test_spanlevel-macro_f1_relaxed": 0.9562903601314314, "test_spanlevel-micro_precision_relaxed": 0.9315093831289484, "test_spanlevel-micro_recall_relaxed": 0.9215928350719573, "test_spanlevel-micro_f1_relaxed": 0.9567211052552712, "test_spanlevel-PI_precision_relaxed": 0.8933823529411765, "test_spanlevel-PI_recall_relaxed": 0.910048285048285, "test_spanlevel-PI_f1_relaxed": 0.9664942103966494, "test_spanlevel-PG_precision_relaxed": 0.9663120567375886, "test_spanlevel-PG_recall_relaxed": 0.9773049645390072, "test_spanlevel-PG_f1_relaxed": 0.962862669245648, "test_spanlevel-SG_precision_relaxed": 0.957853646916147, "test_spanlevel-SG_recall_relaxed": 0.9559601618425149, "test_spanlevel-SG_f1_relaxed": 0.9760782284032745, "test_spanlevel-ORG_precision_relaxed": 0.883904109589041, "test_spanlevel-ORG_recall_relaxed": 0.8854166666666666, "test_spanlevel-ORG_f1_relaxed": 0.965132931042022, "test_spanlevel-ISG_precision_relaxed": 0.9065934065934066, "test_spanlevel-ISG_recall_relaxed": 0.8578947368421053, "test_spanlevel-ISG_f1_relaxed": 0.9839357429718875, "test_doclevel-micro_precision": 0.9773913043478261, "test_doclevel-micro_recall": 0.9706390328151986, "test_doclevel-micro_f1": 0.974003466204506, "test_doclevel-PI_precision": 0.9044117647058824, "test_doclevel-PI_recall": 0.9461538461538461, "test_doclevel-PI_f1": 0.9248120300751879, "test_doclevel-PG_precision": 1.0, "test_doclevel-PG_recall": 1.0, "test_doclevel-PG_f1": 1.0, "test_doclevel-SG_precision": 0.9695945945945946, "test_doclevel-SG_recall": 0.9761904761904762, "test_doclevel-SG_f1": 0.9728813559322034, "test_doclevel-ORG_precision": 0.9041095890410958, "test_doclevel-ORG_recall": 0.9166666666666666, "test_doclevel-ORG_f1": 0.9103448275862068, "test_doclevel-ISG_precision": 0.9120879120879121, "test_doclevel-ISG_recall": 0.8736842105263158, "test_doclevel-ISG_f1": 0.8924731182795699, "test_wordlevel-macro_precision": 0.9303066552145326, "test_wordlevel-macro_recall": 0.91362469886887, "test_wordlevel-macro_f1": 0.921606465010679, "test_wordlevel-O_precision": 0.991152889134642, "test_wordlevel-O_recall": 0.9940385415222515, "test_wordlevel-O_f1": 0.9925936180521907, "test_wordlevel-PI_precision": 0.9210526315789473, "test_wordlevel-PI_recall": 0.8701657458563536, "test_wordlevel-PI_f1": 0.8948863636363636, "test_wordlevel-PG_precision": 0.9382022471910112, "test_wordlevel-PG_recall": 0.9597701149425287, "test_wordlevel-PG_f1": 0.9488636363636365, "test_wordlevel-SG_precision": 0.9651785714285714, "test_wordlevel-SG_recall": 0.9490781387181738, "test_wordlevel-SG_f1": 0.9570606463036742, "test_wordlevel-ORG_precision": 0.867816091954023, "test_wordlevel-ORG_recall": 0.8753623188405797, "test_wordlevel-ORG_f1": 0.8715728715728716, "test_wordlevel-ISG_precision": 0.8984375, "test_wordlevel-ISG_recall": 0.8333333333333334, "test_wordlevel-ISG_f1": 0.8646616541353384, "test_runtime": 4.5027, "test_samples_per_second": 179.891, "test_steps_per_second": 2.887, "epoch": 5.0, "run_id": "rep01-fold03"}
