{"test_loss": 0.08693253993988037, "test_seqeval-macro_precision": 0.807945073540678, "test_seqeval-macro_recall": 0.8341466850437594, "test_seqeval-macro_f1": 0.8188254330376527, "test_seqeval-micro_precision": 0.806131650135257, "test_seqeval-micro_recall": 0.8386491557223265, "test_seqeval-micro_f1": 0.8220689655172413, "test_seqeval-PI_precision": 0.7037037037037037, "test_seqeval-PI_recall": 0.855, "test_seqeval-PI_f1": 0.7720090293453725, "test_seqeval-PG_precision": 0.8869047619047619, "test_seqeval-PG_recall": 0.9254658385093167, "test_seqeval-PG_f1": 0.905775075987842, "test_seqeval-SG_precision": 0.8323863636363636, "test_seqeval-SG_recall": 0.8207282913165266, "test_seqeval-SG_f1": 0.8265162200282088, "test_seqeval-ORG_precision": 0.8185654008438819, "test_seqeval-ORG_recall": 0.8622222222222222, "test_seqeval-ORG_f1": 0.8398268398268398, "test_seqeval-ISG_precision": 0.7981651376146789, "test_seqeval-ISG_recall": 0.7073170731707317, "test_seqeval-ISG_f1": 0.7499999999999999, "test_spanlevel-macro_precision_spanwise": 0.821322321896121, "test_spanlevel-macro_recall_spanwise": 0.8251134923644654, "test_spanlevel-macro_f1_spanwise": 0.8191963470924291, "test_spanlevel-macro_precision_seqavg": 0.8345927792327796, "test_spanlevel-macro_recall_seqavg": 0.8408156846781626, "test_spanlevel-macro_f1_seqavg": 0.8342053201497472, "test_spanlevel-micro_precision_spanwise": 0.8864039418092406, "test_spanlevel-micro_recall_spanwise": 0.8938812899938905, "test_spanlevel-micro_f1_spanwise": 0.8860127491873087, "test_spanlevel-micro_precision_seqavg": 0.8781354371961584, "test_spanlevel-micro_recall_seqavg": 0.8860065071470602, "test_spanlevel-micro_f1_seqavg": 0.8779418615399138, "test_spanlevel-PI_precision_spanwise": 0.7858649789029536, "test_spanlevel-PI_recall_spanwise": 0.7834036568213785, "test_spanlevel-PI_f1_spanwise": 0.7803872967164106, "test_spanlevel-PI_precision_seqavg": 0.8084648555005358, "test_spanlevel-PI_recall_seqavg": 0.8090414664962658, "test_spanlevel-PI_f1_seqavg": 0.8066381052205502, "test_spanlevel-PG_precision_spanwise": 0.9312248995983935, "test_spanlevel-PG_recall_spanwise": 0.9503012048192772, "test_spanlevel-PG_f1_spanwise": 0.9382530120481928, "test_spanlevel-PG_precision_seqavg": 0.9515278823367225, "test_spanlevel-PG_recall_seqavg": 0.9675141672231392, "test_spanlevel-PG_f1_seqavg": 0.9572902081665301, "test_spanlevel-SG_precision_spanwise": 0.846449028647296, "test_spanlevel-SG_recall_spanwise": 0.8492468090092355, "test_spanlevel-SG_f1_spanwise": 0.8418927854627715, "test_spanlevel-SG_precision_seqavg": 0.8447221653600332, "test_spanlevel-SG_recall_seqavg": 0.8585109055202071, "test_spanlevel-SG_f1_seqavg": 0.8462738497061301, "test_spanlevel-ORG_precision_spanwise": 0.876406035665295, "test_spanlevel-ORG_recall_spanwise": 0.8698216735253773, "test_spanlevel-ORG_f1_spanwise": 0.8690270726073196, "test_spanlevel-ORG_precision_seqavg": 0.9016167953316337, "test_spanlevel-ORG_recall_seqavg": 0.8973388077173351, "test_spanlevel-ORG_f1_seqavg": 0.8975234758522121, "test_spanlevel-ISG_precision_spanwise": 0.6666666666666666, "test_spanlevel-ISG_recall_spanwise": 0.6727941176470589, "test_spanlevel-ISG_f1_spanwise": 0.666421568627451, "test_spanlevel-ISG_precision_seqavg": 0.666632197634973, "test_spanlevel-ISG_recall_seqavg": 0.6716730764338659, "test_spanlevel-ISG_f1_seqavg": 0.6633009618033139, "test_spanlevel-macro_precision_relaxed": 0.8827407337411569, "test_spanlevel-macro_recall_relaxed": 0.9113579013579014, "test_spanlevel-macro_f1_relaxed": 0.9332579004965129, "test_spanlevel-micro_precision_relaxed": 0.8834019010952378, "test_spanlevel-micro_recall_relaxed": 0.9121184833684836, "test_spanlevel-micro_f1_relaxed": 0.9345453926982582, "test_spanlevel-PI_precision_relaxed": 0.7957533449680047, "test_spanlevel-PI_recall_relaxed": 0.9484270414993305, "test_spanlevel-PI_f1_relaxed": 0.9578669141037081, "test_spanlevel-PG_precision_relaxed": 0.943565400843882, "test_spanlevel-PG_recall_relaxed": 0.9870967741935484, "test_spanlevel-PG_f1_relaxed": 0.9838157485216308, "test_spanlevel-SG_precision_relaxed": 0.9088641027142814, "test_spanlevel-SG_recall_relaxed": 0.8948392015807746, "test_spanlevel-SG_f1_relaxed": 0.9607157000647317, "test_spanlevel-ORG_precision_relaxed": 0.8954554865424432, "test_spanlevel-ORG_recall_relaxed": 0.9256900212314225, "test_spanlevel-ORG_f1_relaxed": 0.9562129127228127, "test_spanlevel-ISG_precision_relaxed": 0.8274410774410773, "test_spanlevel-ISG_recall_relaxed": 0.7431818181818182, "test_spanlevel-ISG_f1_relaxed": 0.9664399092970523, "test_doclevel-micro_precision": 0.9669291338582677, "test_doclevel-micro_recall": 0.9746031746031746, "test_doclevel-micro_f1": 0.9707509881422925, "test_doclevel-PI_precision": 0.837696335078534, "test_doclevel-PI_recall": 0.963855421686747, "test_doclevel-PI_f1": 0.896358543417367, "test_doclevel-PG_precision": 0.9683544303797469, "test_doclevel-PG_recall": 0.9870967741935484, "test_doclevel-PG_f1": 0.9776357827476039, "test_doclevel-SG_precision": 0.9427480916030534, "test_doclevel-SG_recall": 0.9250936329588015, "test_doclevel-SG_f1": 0.9338374291115313, "test_doclevel-ORG_precision": 0.9316770186335404, "test_doclevel-ORG_recall": 0.9554140127388535, "test_doclevel-ORG_f1": 0.9433962264150944, "test_doclevel-ISG_precision": 0.8686868686868687, "test_doclevel-ISG_recall": 0.7818181818181819, "test_doclevel-ISG_f1": 0.8229665071770336, "test_wordlevel-macro_precision": 0.8944128326880779, "test_wordlevel-macro_recall": 0.9164009026415822, "test_wordlevel-macro_f1": 0.9042146603032993, "test_wordlevel-O_precision": 0.99168461354391, "test_wordlevel-O_recall": 0.9860218891268142, "test_wordlevel-O_f1": 0.9888451443569555, "test_wordlevel-PI_precision": 0.837890625, "test_wordlevel-PI_recall": 0.9470198675496688, "test_wordlevel-PI_f1": 0.8891191709844559, "test_wordlevel-PG_precision": 0.9267515923566879, "test_wordlevel-PG_recall": 0.9897959183673469, "test_wordlevel-PG_f1": 0.957236842105263, "test_wordlevel-SG_precision": 0.8898377455166524, "test_wordlevel-SG_recall": 0.9006050129645635, "test_wordlevel-SG_f1": 0.895189003436426, "test_wordlevel-ORG_precision": 0.8997995991983968, "test_wordlevel-ORG_recall": 0.9393305439330544, "test_wordlevel-ORG_f1": 0.9191402251791198, "test_wordlevel-ISG_precision": 0.8205128205128205, "test_wordlevel-ISG_recall": 0.735632183908046, "test_wordlevel-ISG_f1": 0.7757575757575758, "test_runtime": 5.1773, "test_samples_per_second": 173.064, "test_steps_per_second": 2.704, "epoch": 6.0, "run_id": "rep04-fold05"}
