{"test_loss": 0.06985930353403091, "test_seqeval-macro_precision": 0.8423286469087741, "test_seqeval-macro_recall": 0.8957991458242172, "test_seqeval-macro_f1": 0.8677079034723899, "test_seqeval-micro_precision": 0.8365200764818356, "test_seqeval-micro_recall": 0.8983572895277208, "test_seqeval-micro_f1": 0.8663366336633662, "test_seqeval-PI_precision": 0.8344827586206897, "test_seqeval-PI_recall": 0.9201520912547528, "test_seqeval-PI_f1": 0.8752260397830018, "test_seqeval-PG_precision": 0.9452054794520548, "test_seqeval-PG_recall": 0.9452054794520548, "test_seqeval-PG_f1": 0.9452054794520548, "test_seqeval-SG_precision": 0.8333333333333334, "test_seqeval-SG_recall": 0.8768656716417911, "test_seqeval-SG_f1": 0.8545454545454546, "test_seqeval-ORG_precision": 0.7788018433179723, "test_seqeval-ORG_recall": 0.8941798941798942, "test_seqeval-ORG_f1": 0.8325123152709359, "test_seqeval-ISG_precision": 0.8198198198198198, "test_seqeval-ISG_recall": 0.8425925925925926, "test_seqeval-ISG_f1": 0.8310502283105022, "test_spanlevel-macro_precision_spanwise": 0.8750880890200777, "test_spanlevel-macro_recall_spanwise": 0.87410456683505, "test_spanlevel-macro_f1_spanwise": 0.8708697063681994, "test_spanlevel-macro_precision_seqavg": 0.9001697318566986, "test_spanlevel-macro_recall_seqavg": 0.8984482559558511, "test_spanlevel-macro_f1_seqavg": 0.896779619822969, "test_spanlevel-micro_precision_spanwise": 0.909733757844223, "test_spanlevel-micro_recall_spanwise": 0.9091496508751491, "test_spanlevel-micro_f1_spanwise": 0.9050902680566372, "test_spanlevel-micro_precision_seqavg": 0.9029916011712128, "test_spanlevel-micro_recall_seqavg": 0.9037722762930808, "test_spanlevel-micro_f1_seqavg": 0.8997750531164584, "test_spanlevel-PI_precision_spanwise": 0.873397435897436, "test_spanlevel-PI_recall_spanwise": 0.8761655011655012, "test_spanlevel-PI_f1_spanwise": 0.8715034965034965, "test_spanlevel-PI_precision_seqavg": 0.8837976966764949, "test_spanlevel-PI_recall_seqavg": 0.8941851612981631, "test_spanlevel-PI_f1_seqavg": 0.8866382688747462, "test_spanlevel-PG_precision_spanwise": 0.9657596371882087, "test_spanlevel-PG_recall_spanwise": 0.9795918367346939, "test_spanlevel-PG_f1_spanwise": 0.9710657596371882, "test_spanlevel-PG_precision_seqavg": 0.9834248388664298, "test_spanlevel-PG_recall_seqavg": 0.9895450306206093, "test_spanlevel-PG_f1_seqavg": 0.9856897687137562, "test_spanlevel-SG_precision_spanwise": 0.9119472789115647, "test_spanlevel-SG_recall_spanwise": 0.9152933673469388, "test_spanlevel-SG_f1_spanwise": 0.9083475206068373, "test_spanlevel-SG_precision_seqavg": 0.9433796995164453, "test_spanlevel-SG_recall_seqavg": 0.9396663791614146, "test_spanlevel-SG_f1_seqavg": 0.9374952041595558, "test_spanlevel-ORG_precision_spanwise": 0.8404377880184332, "test_spanlevel-ORG_recall_spanwise": 0.8254608294930875, "test_spanlevel-ORG_f1_spanwise": 0.8280080262799158, "test_spanlevel-ORG_precision_seqavg": 0.8671057302027553, "test_spanlevel-ORG_recall_seqavg": 0.8490168472077471, "test_spanlevel-ORG_f1_seqavg": 0.8541141127221291, "test_spanlevel-ISG_precision_spanwise": 0.7838983050847458, "test_spanlevel-ISG_recall_spanwise": 0.7740112994350282, "test_spanlevel-ISG_f1_spanwise": 0.7754237288135594, "test_spanlevel-ISG_precision_seqavg": 0.8231406940213677, "test_spanlevel-ISG_recall_seqavg": 0.8198278614913215, "test_spanlevel-ISG_f1_seqavg": 0.8199607446446581, "test_spanlevel-macro_precision_relaxed": 0.9033488669590642, "test_spanlevel-macro_recall_relaxed": 0.9508469751536981, "test_spanlevel-macro_f1_relaxed": 0.9560727712101719, "test_spanlevel-micro_precision_relaxed": 0.9024625365497073, "test_spanlevel-micro_recall_relaxed": 0.9510290479828295, "test_spanlevel-micro_f1_relaxed": 0.9555002554240151, "test_spanlevel-PI_precision_relaxed": 0.8852813852813853, "test_spanlevel-PI_recall_relaxed": 0.9664600550964187, "test_spanlevel-PI_f1_relaxed": 0.9670388801229923, "test_spanlevel-PG_precision_relaxed": 0.9782608695652174, "test_spanlevel-PG_recall_relaxed": 0.9856115107913669, "test_spanlevel-PG_f1_relaxed": 0.9910639239106392, "test_spanlevel-SG_precision_relaxed": 0.9437403993855608, "test_spanlevel-SG_recall_relaxed": 0.9516445182724252, "test_spanlevel-SG_f1_relaxed": 0.9780217651547146, "test_spanlevel-ORG_precision_relaxed": 0.8392615176151761, "test_spanlevel-ORG_recall_relaxed": 0.9607305936073058, "test_spanlevel-ORG_f1_relaxed": 0.9632852682498642, "test_spanlevel-ISG_precision_relaxed": 0.8652482269503545, "test_spanlevel-ISG_recall_relaxed": 0.8741319444444443, "test_spanlevel-ISG_f1_relaxed": 0.9618223760092272, "test_doclevel-micro_precision": 0.962171052631579, "test_doclevel-micro_recall": 0.9831932773109243, "test_doclevel-micro_f1": 0.972568578553616, "test_doclevel-PI_precision": 0.9264069264069265, "test_doclevel-PI_recall": 0.9727272727272728, "test_doclevel-PI_f1": 0.9490022172949002, "test_doclevel-PG_precision": 0.9927536231884058, "test_doclevel-PG_recall": 0.9856115107913669, "test_doclevel-PG_f1": 0.9891696750902527, "test_doclevel-SG_precision": 0.9585253456221198, "test_doclevel-SG_recall": 0.9674418604651163, "test_doclevel-SG_f1": 0.9629629629629628, "test_doclevel-ORG_precision": 0.8719512195121951, "test_doclevel-ORG_recall": 0.9794520547945206, "test_doclevel-ORG_f1": 0.9225806451612903, "test_doclevel-ISG_precision": 0.9042553191489362, "test_doclevel-ISG_recall": 0.8854166666666666, "test_doclevel-ISG_f1": 0.8947368421052632, "test_wordlevel-macro_precision": 0.928796317344368, "test_wordlevel-macro_recall": 0.9473798919366114, "test_wordlevel-macro_f1": 0.9377782880674425, "test_wordlevel-O_precision": 0.994297049342921, "test_wordlevel-O_recall": 0.9901845792950182, "test_wordlevel-O_f1": 0.9922365531533204, "test_wordlevel-PI_precision": 0.9151234567901234, "test_wordlevel-PI_recall": 0.9564516129032258, "test_wordlevel-PI_f1": 0.9353312302839115, "test_wordlevel-PG_precision": 0.9744525547445255, "test_wordlevel-PG_recall": 0.9888888888888889, "test_wordlevel-PG_f1": 0.9816176470588235, "test_wordlevel-SG_precision": 0.9305373525557011, "test_wordlevel-SG_recall": 0.931758530183727, "test_wordlevel-SG_f1": 0.9311475409836065, "test_wordlevel-ORG_precision": 0.8825910931174089, "test_wordlevel-ORG_recall": 0.9519650655021834, "test_wordlevel-ORG_f1": 0.9159663865546219, "test_wordlevel-ISG_precision": 0.8757763975155279, "test_wordlevel-ISG_recall": 0.8650306748466258, "test_wordlevel-ISG_f1": 0.8703703703703703, "test_runtime": 4.8457, "test_samples_per_second": 180.778, "test_steps_per_second": 2.889, "epoch": 5.0, "run_id": "rep02-fold01"}
