{"test_loss": 0.11472965776920319, "test_seqeval-macro_precision": 0.8124722422980104, "test_seqeval-macro_recall": 0.8574804571443588, "test_seqeval-macro_f1": 0.8339450944782069, "test_seqeval-micro_precision": 0.8137614678899082, "test_seqeval-micro_recall": 0.8570048309178744, "test_seqeval-micro_f1": 0.8348235294117647, "test_seqeval-PI_precision": 0.7822222222222223, "test_seqeval-PI_recall": 0.8421052631578947, "test_seqeval-PI_f1": 0.8110599078341014, "test_seqeval-PG_precision": 0.9175257731958762, "test_seqeval-PG_recall": 0.9175257731958762, "test_seqeval-PG_f1": 0.9175257731958762, "test_seqeval-SG_precision": 0.8567961165048543, "test_seqeval-SG_recall": 0.8651960784313726, "test_seqeval-SG_f1": 0.8609756097560977, "test_seqeval-ORG_precision": 0.7633928571428571, "test_seqeval-ORG_recall": 0.8592964824120602, "test_seqeval-ORG_f1": 0.8085106382978724, "test_seqeval-ISG_precision": 0.7424242424242424, "test_seqeval-ISG_recall": 0.8032786885245902, "test_seqeval-ISG_f1": 0.7716535433070867, "test_spanlevel-macro_precision_spanwise": 0.8421781527109131, "test_spanlevel-macro_recall_spanwise": 0.8359960804657376, "test_spanlevel-macro_f1_spanwise": 0.8342346329237793, "test_spanlevel-macro_precision_seqavg": 0.8486279370514179, "test_spanlevel-macro_recall_seqavg": 0.8405786704616787, "test_spanlevel-macro_f1_seqavg": 0.8399316877003088, "test_spanlevel-micro_precision_spanwise": 0.9003147588382179, "test_spanlevel-micro_recall_spanwise": 0.8981201155994165, "test_spanlevel-micro_f1_spanwise": 0.8929054982798547, "test_spanlevel-micro_precision_seqavg": 0.899831456539339, "test_spanlevel-micro_recall_seqavg": 0.8944538116871965, "test_spanlevel-micro_f1_seqavg": 0.8896577368208499, "test_spanlevel-PI_precision_spanwise": 0.8411160058737152, "test_spanlevel-PI_recall_spanwise": 0.8376957905041605, "test_spanlevel-PI_f1_spanwise": 0.8312296633116399, "test_spanlevel-PI_precision_seqavg": 0.8368744432087093, "test_spanlevel-PI_recall_seqavg": 0.8348389704741919, "test_spanlevel-PI_f1_seqavg": 0.8278941557130424, "test_spanlevel-PG_precision_spanwise": 0.9019607843137255, "test_spanlevel-PG_recall_spanwise": 0.8921568627450982, "test_spanlevel-PG_f1_spanwise": 0.896078431372549, "test_spanlevel-PG_precision_seqavg": 0.8574147674051613, "test_spanlevel-PG_recall_seqavg": 0.8531090093012637, "test_spanlevel-PG_f1_seqavg": 0.8548313125428226, "test_spanlevel-SG_precision_spanwise": 0.8969357609710551, "test_spanlevel-SG_recall_spanwise": 0.8982806213394449, "test_spanlevel-SG_f1_spanwise": 0.8917970899649422, "test_spanlevel-SG_precision_seqavg": 0.8989758854429396, "test_spanlevel-SG_recall_seqavg": 0.9009721761973604, "test_spanlevel-SG_f1_seqavg": 0.8958240083107454, "test_spanlevel-ORG_precision_spanwise": 0.8231930272108843, "test_spanlevel-ORG_recall_spanwise": 0.83078231292517, "test_spanlevel-ORG_f1_spanwise": 0.8231327947845806, "test_spanlevel-ORG_precision_seqavg": 0.8645245569556388, "test_spanlevel-ORG_recall_seqavg": 0.8720564813261812, "test_spanlevel-ORG_f1_seqavg": 0.8654804595563099, "test_spanlevel-ISG_precision_spanwise": 0.7476851851851852, "test_spanlevel-ISG_recall_spanwise": 0.7210648148148148, "test_spanlevel-ISG_f1_spanwise": 0.7289351851851852, "test_spanlevel-ISG_precision_seqavg": 0.7853500322446401, "test_spanlevel-ISG_recall_seqavg": 0.7419167150093968, "test_spanlevel-ISG_f1_seqavg": 0.7556285023786236, "test_spanlevel-macro_precision_relaxed": 0.8939559890205432, "test_spanlevel-macro_recall_relaxed": 0.9227832492538374, "test_spanlevel-macro_f1_relaxed": 0.934409188428749, "test_spanlevel-micro_precision_relaxed": 0.8935821409941127, "test_spanlevel-micro_recall_relaxed": 0.922871572871573, "test_spanlevel-micro_f1_relaxed": 0.9343904005691117, "test_spanlevel-PI_precision_relaxed": 0.8686813186813187, "test_spanlevel-PI_recall_relaxed": 0.9196531791907516, "test_spanlevel-PI_f1_relaxed": 0.9424005073559815, "test_spanlevel-PG_precision_relaxed": 0.956989247311828, "test_spanlevel-PG_recall_relaxed": 0.9361702127659576, "test_spanlevel-PG_f1_relaxed": 0.9932584269662922, "test_spanlevel-SG_precision_relaxed": 0.9259492481203007, "test_spanlevel-SG_recall_relaxed": 0.9340019716257341, "test_spanlevel-SG_f1_relaxed": 0.9640183072633903, "test_spanlevel-ORG_precision_relaxed": 0.8619821092278721, "test_spanlevel-ORG_recall_relaxed": 0.9449404761904762, "test_spanlevel-ORG_f1_relaxed": 0.9552132834151681, "test_spanlevel-ISG_precision_relaxed": 0.8399470899470899, "test_spanlevel-ISG_recall_relaxed": 0.862787356321839, "test_spanlevel-ISG_f1_relaxed": 0.9604631217838765, "test_doclevel-micro_precision": 0.971830985915493, "test_doclevel-micro_recall": 0.9872813990461049, "test_doclevel-micro_f1": 0.9794952681388013, "test_doclevel-PI_precision": 0.9120879120879121, "test_doclevel-PI_recall": 0.9595375722543352, "test_doclevel-PI_f1": 0.9352112676056338, "test_doclevel-PG_precision": 0.956989247311828, "test_doclevel-PG_recall": 0.9468085106382979, "test_doclevel-PG_f1": 0.9518716577540107, "test_doclevel-SG_precision": 0.9539473684210527, "test_doclevel-SG_recall": 0.9570957095709571, "test_doclevel-SG_f1": 0.955518945634267, "test_doclevel-ORG_precision": 0.9096045197740112, "test_doclevel-ORG_recall": 0.9583333333333334, "test_doclevel-ORG_f1": 0.9333333333333333, "test_doclevel-ISG_precision": 0.8492063492063492, "test_doclevel-ISG_recall": 0.9224137931034483, "test_doclevel-ISG_f1": 0.8842975206611571, "test_wordlevel-macro_precision": 0.904512013370137, "test_wordlevel-macro_recall": 0.9196078296979303, "test_wordlevel-macro_f1": 0.9115975062195613, "test_wordlevel-O_precision": 0.9883636363636363, "test_wordlevel-O_recall": 0.9887831201115624, "test_wordlevel-O_f1": 0.9885733337374595, "test_wordlevel-PI_precision": 0.8765182186234818, "test_wordlevel-PI_recall": 0.9096638655462185, "test_wordlevel-PI_f1": 0.8927835051546392, "test_wordlevel-PG_precision": 0.9204545454545454, "test_wordlevel-PG_recall": 0.9473684210526315, "test_wordlevel-PG_f1": 0.9337175792507205, "test_wordlevel-SG_precision": 0.9417701863354038, "test_wordlevel-SG_recall": 0.894542772861357, "test_wordlevel-SG_f1": 0.9175491679273828, "test_wordlevel-ORG_precision": 0.8586956521739131, "test_wordlevel-ORG_recall": 0.9360189573459715, "test_wordlevel-ORG_f1": 0.8956916099773242, "test_wordlevel-ISG_precision": 0.8412698412698413, "test_wordlevel-ISG_recall": 0.8412698412698413, "test_wordlevel-ISG_f1": 0.8412698412698413, "test_runtime": 5.0921, "test_samples_per_second": 172.622, "test_steps_per_second": 2.749, "epoch": 4.0, "run_id": "rep05-fold05"}
