{"test_loss": 0.08812163770198822, "test_seqeval-macro_precision": 0.798454940716287, "test_seqeval-macro_recall": 0.839037563424095, "test_seqeval-macro_f1": 0.8173197782493631, "test_seqeval-micro_precision": 0.8019169329073482, "test_seqeval-micro_recall": 0.8432250839865622, "test_seqeval-micro_f1": 0.8220524017467249, "test_seqeval-PG_precision": 0.8411214953271028, "test_seqeval-PG_recall": 0.8823529411764706, "test_seqeval-PG_f1": 0.861244019138756, "test_seqeval-SG_precision": 0.8360655737704918, "test_seqeval-SG_recall": 0.8547486033519553, "test_seqeval-SG_f1": 0.8453038674033149, "test_seqeval-ISG_precision": 0.7857142857142857, "test_seqeval-ISG_recall": 0.7857142857142857, "test_seqeval-ISG_f1": 0.7857142857142857, "test_seqeval-PI_precision": 0.7106598984771574, "test_seqeval-PI_recall": 0.8536585365853658, "test_seqeval-PI_f1": 0.7756232686980609, "test_seqeval-ORG_precision": 0.8187134502923976, "test_seqeval-ORG_recall": 0.8187134502923976, "test_seqeval-ORG_f1": 0.8187134502923976, "test_spanlevel-macro_precision_spanwise": 0.8121486163945372, "test_spanlevel-macro_recall_spanwise": 0.811234550091033, "test_spanlevel-macro_f1_spanwise": 0.8075748777728717, "test_spanlevel-macro_precision_seqavg": 0.8379013848812429, "test_spanlevel-macro_recall_seqavg": 0.8371397064823249, "test_spanlevel-macro_f1_seqavg": 0.8346523585776671, "test_spanlevel-micro_precision_spanwise": 0.8935173469167046, "test_spanlevel-micro_recall_spanwise": 0.8898253334816504, "test_spanlevel-micro_f1_spanwise": 0.8858295616272063, "test_spanlevel-micro_precision_seqavg": 0.887826884617992, "test_spanlevel-micro_recall_seqavg": 0.8845008691904667, "test_spanlevel-micro_f1_seqavg": 0.8797360317410653, "test_spanlevel-PG_precision_spanwise": 0.9365079365079366, "test_spanlevel-PG_recall_spanwise": 0.9523809523809523, "test_spanlevel-PG_f1_spanwise": 0.9396825396825397, "test_spanlevel-PG_precision_seqavg": 0.9221131724745688, "test_spanlevel-PG_recall_seqavg": 0.9312458619519272, "test_spanlevel-PG_f1_seqavg": 0.9239471179075416, "test_spanlevel-SG_precision_spanwise": 0.8887062110466367, "test_spanlevel-SG_recall_spanwise": 0.8865406534954408, "test_spanlevel-SG_f1_spanwise": 0.8808295659226509, "test_spanlevel-SG_precision_seqavg": 0.9059013547170933, "test_spanlevel-SG_recall_seqavg": 0.9025758425309073, "test_spanlevel-SG_f1_seqavg": 0.9013372346552275, "test_spanlevel-ISG_precision_spanwise": 0.6885964912280702, "test_spanlevel-ISG_recall_spanwise": 0.6885964912280702, "test_spanlevel-ISG_f1_spanwise": 0.6885964912280702, "test_spanlevel-ISG_precision_seqavg": 0.7210780825747107, "test_spanlevel-ISG_recall_seqavg": 0.7210780825747107, "test_spanlevel-ISG_f1_seqavg": 0.7210780825747107, "test_spanlevel-PI_precision_spanwise": 0.7543792517006803, "test_spanlevel-PI_recall_spanwise": 0.7516156462585034, "test_spanlevel-PI_f1_spanwise": 0.7484086491739552, "test_spanlevel-PI_precision_seqavg": 0.8171020787199582, "test_spanlevel-PI_recall_seqavg": 0.8158949427225638, "test_spanlevel-PI_f1_seqavg": 0.810544656043783, "test_spanlevel-ORG_precision_spanwise": 0.7925531914893617, "test_spanlevel-ORG_recall_spanwise": 0.7770390070921985, "test_spanlevel-ORG_f1_spanwise": 0.7803571428571429, "test_spanlevel-ORG_precision_seqavg": 0.8233122359198836, "test_spanlevel-ORG_recall_seqavg": 0.8149038026315153, "test_spanlevel-ORG_f1_seqavg": 0.8163547017070723, "test_spanlevel-macro_precision_relaxed": 0.8838001666530066, "test_spanlevel-macro_recall_relaxed": 0.903348000109658, "test_spanlevel-macro_f1_relaxed": 0.9347067732838286, "test_spanlevel-micro_precision_relaxed": 0.8830274613191998, "test_spanlevel-micro_recall_relaxed": 0.903050552402884, "test_spanlevel-micro_f1_relaxed": 0.9339532122719468, "test_spanlevel-PG_precision_relaxed": 0.9340277777777777, "test_spanlevel-PG_recall_relaxed": 0.9858156028368793, "test_spanlevel-PG_f1_relaxed": 0.9621534493874919, "test_spanlevel-SG_precision_relaxed": 0.932202652750598, "test_spanlevel-SG_recall_relaxed": 0.926850502105604, "test_spanlevel-SG_f1_relaxed": 0.9630366253319133, "test_spanlevel-ISG_precision_relaxed": 0.8260869565217391, "test_spanlevel-ISG_recall_relaxed": 0.8105263157894737, "test_spanlevel-ISG_f1_relaxed": 0.9913419913419914, "test_spanlevel-PI_precision_relaxed": 0.7682291666666666, "test_spanlevel-PI_recall_relaxed": 0.9158974358974359, "test_spanlevel-PI_f1_relaxed": 0.9388169905492548, "test_spanlevel-ORG_precision_relaxed": 0.89375, "test_spanlevel-ORG_recall_relaxed": 0.857638888888889, "test_spanlevel-ORG_f1_relaxed": 0.9520285915634753, "test_doclevel-micro_precision": 0.9707401032702238, "test_doclevel-micro_recall": 0.9740932642487047, "test_doclevel-micro_f1": 0.9724137931034482, "test_doclevel-PG_precision": 0.9791666666666666, "test_doclevel-PG_recall": 1.0, "test_doclevel-PG_f1": 0.9894736842105264, "test_doclevel-SG_precision": 0.958904109589041, "test_doclevel-SG_recall": 0.9523809523809523, "test_doclevel-SG_f1": 0.955631399317406, "test_doclevel-ISG_precision": 0.8369565217391305, "test_doclevel-ISG_recall": 0.8105263157894737, "test_doclevel-ISG_f1": 0.8235294117647058, "test_doclevel-PI_precision": 0.8157894736842105, "test_doclevel-PI_recall": 0.9538461538461539, "test_doclevel-PI_f1": 0.8794326241134751, "test_doclevel-ORG_precision": 0.9214285714285714, "test_doclevel-ORG_recall": 0.8958333333333334, "test_doclevel-ORG_f1": 0.9084507042253521, "test_wordlevel-macro_precision": 0.8938732911274013, "test_wordlevel-macro_recall": 0.900621788829417, "test_wordlevel-macro_f1": 0.8967243544846232, "test_wordlevel-O_precision": 0.9901470996391896, "test_wordlevel-O_recall": 0.9891861915985027, "test_wordlevel-O_f1": 0.989666412372564, "test_wordlevel-PG_precision": 0.9095744680851063, "test_wordlevel-PG_recall": 0.9827586206896551, "test_wordlevel-PG_f1": 0.9447513812154695, "test_wordlevel-SG_precision": 0.9322779243623571, "test_wordlevel-SG_recall": 0.9306409130816505, "test_wordlevel-SG_f1": 0.9314586994727593, "test_wordlevel-ISG_precision": 0.8384615384615385, "test_wordlevel-ISG_recall": 0.7898550724637681, "test_wordlevel-ISG_f1": 0.8134328358208954, "test_wordlevel-PI_precision": 0.8098958333333334, "test_wordlevel-PI_recall": 0.8591160220994475, "test_wordlevel-PI_f1": 0.8337801608579088, "test_wordlevel-ORG_precision": 0.8828828828828829, "test_wordlevel-ORG_recall": 0.8521739130434782, "test_wordlevel-ORG_f1": 0.8672566371681416, "test_runtime": 7.6385, "test_samples_per_second": 106.042, "test_steps_per_second": 1.702, "epoch": 5.0}