{"test_loss": 0.0761365294456482, "test_seqeval-macro_precision": 0.8512811864209882, "test_seqeval-macro_recall": 0.8933699429577416, "test_seqeval-macro_f1": 0.8714774821795217, "test_seqeval-micro_precision": 0.8537906137184116, "test_seqeval-micro_recall": 0.8874296435272045, "test_seqeval-micro_f1": 0.8702851885924563, "test_seqeval-PI_precision": 0.8310502283105022, "test_seqeval-PI_recall": 0.91, "test_seqeval-PI_f1": 0.8687350835322195, "test_seqeval-PG_precision": 0.8941176470588236, "test_seqeval-PG_recall": 0.9440993788819876, "test_seqeval-PG_f1": 0.9184290030211482, "test_seqeval-SG_precision": 0.8706896551724138, "test_seqeval-SG_recall": 0.8487394957983193, "test_seqeval-SG_f1": 0.8595744680851064, "test_seqeval-ORG_precision": 0.8388429752066116, "test_seqeval-ORG_recall": 0.9022222222222223, "test_seqeval-ORG_f1": 0.8693790149892934, "test_seqeval-ISG_precision": 0.8217054263565892, "test_seqeval-ISG_recall": 0.8617886178861789, "test_seqeval-ISG_f1": 0.8412698412698413, "test_spanlevel-macro_precision_spanwise": 0.8660672866010627, "test_spanlevel-macro_recall_spanwise": 0.8660519926526005, "test_spanlevel-macro_f1_spanwise": 0.8626154134943167, "test_spanlevel-macro_precision_seqavg": 0.881864083303511, "test_spanlevel-macro_recall_seqavg": 0.8845827288019386, "test_spanlevel-macro_f1_seqavg": 0.8807714684701548, "test_spanlevel-micro_precision_spanwise": 0.9252826690042342, "test_spanlevel-micro_recall_spanwise": 0.9233907054425707, "test_spanlevel-micro_f1_spanwise": 0.9193681228103158, "test_spanlevel-micro_precision_seqavg": 0.9228535618845697, "test_spanlevel-micro_recall_seqavg": 0.9204882154882155, "test_spanlevel-micro_f1_seqavg": 0.9164321895176356, "test_spanlevel-PI_precision_spanwise": 0.8576923076923078, "test_spanlevel-PI_recall_spanwise": 0.8578431372549019, "test_spanlevel-PI_f1_spanwise": 0.8551477933830876, "test_spanlevel-PI_precision_seqavg": 0.8776701109392906, "test_spanlevel-PI_recall_seqavg": 0.882334273981934, "test_spanlevel-PI_f1_seqavg": 0.8787560298855699, "test_spanlevel-PG_precision_spanwise": 0.9240631163708088, "test_spanlevel-PG_recall_spanwise": 0.9388560157790926, "test_spanlevel-PG_f1_spanwise": 0.9284023668639052, "test_spanlevel-PG_precision_seqavg": 0.9237071549303804, "test_spanlevel-PG_recall_seqavg": 0.9377435360925087, "test_spanlevel-PG_f1_seqavg": 0.928576841759657, "test_spanlevel-SG_precision_spanwise": 0.9130883808569759, "test_spanlevel-SG_recall_spanwise": 0.8948484252203261, "test_spanlevel-SG_f1_spanwise": 0.8958487563859464, "test_spanlevel-SG_precision_seqavg": 0.926144427725033, "test_spanlevel-SG_recall_seqavg": 0.9162263007586154, "test_spanlevel-SG_f1_seqavg": 0.9169895705536673, "test_spanlevel-ORG_precision_spanwise": 0.8825788751714678, "test_spanlevel-ORG_recall_spanwise": 0.876474622770919, "test_spanlevel-ORG_f1_spanwise": 0.8775009946614886, "test_spanlevel-ORG_precision_seqavg": 0.89263609469933, "test_spanlevel-ORG_recall_seqavg": 0.8837780891727114, "test_spanlevel-ORG_f1_seqavg": 0.8857459794948309, "test_spanlevel-ISG_precision_spanwise": 0.7529137529137528, "test_spanlevel-ISG_recall_spanwise": 0.7622377622377622, "test_spanlevel-ISG_f1_spanwise": 0.7561771561771561, "test_spanlevel-ISG_precision_seqavg": 0.7891626282235207, "test_spanlevel-ISG_recall_seqavg": 0.802831444003924, "test_spanlevel-ISG_f1_seqavg": 0.7937889206570481, "test_spanlevel-macro_precision_relaxed": 0.9169999501632153, "test_spanlevel-macro_recall_relaxed": 0.9400406559930367, "test_spanlevel-macro_f1_relaxed": 0.9523537439274027, "test_spanlevel-micro_precision_relaxed": 0.9171221748772771, "test_spanlevel-micro_recall_relaxed": 0.9399304267161411, "test_spanlevel-micro_f1_relaxed": 0.9523931306136469, "test_spanlevel-PI_precision_relaxed": 0.8757326007326007, "test_spanlevel-PI_recall_relaxed": 0.9610107095046854, "test_spanlevel-PI_f1_relaxed": 0.971843641735262, "test_spanlevel-PG_precision_relaxed": 0.9348958333333333, "test_spanlevel-PG_recall_relaxed": 0.9903225806451613, "test_spanlevel-PG_f1_relaxed": 0.9789424860853433, "test_spanlevel-SG_precision_relaxed": 0.969093941078377, "test_spanlevel-SG_recall_relaxed": 0.9087763672033335, "test_spanlevel-SG_f1_relaxed": 0.9558387867108575, "test_spanlevel-ORG_precision_relaxed": 0.9065843621399178, "test_spanlevel-ORG_recall_relaxed": 0.9519108280254777, "test_spanlevel-ORG_f1_relaxed": 0.9687799571795191, "test_spanlevel-ISG_precision_relaxed": 0.8368945868945868, "test_spanlevel-ISG_recall_relaxed": 0.8931818181818182, "test_spanlevel-ISG_f1_relaxed": 0.9883597883597885, "test_doclevel-micro_precision": 0.9764521193092621, "test_doclevel-micro_recall": 0.9873015873015873, "test_doclevel-micro_f1": 0.9818468823993687, "test_doclevel-PI_precision": 0.8956043956043956, "test_doclevel-PI_recall": 0.9819277108433735, "test_doclevel-PI_f1": 0.9367816091954022, "test_doclevel-PG_precision": 0.9625, "test_doclevel-PG_recall": 0.9935483870967742, "test_doclevel-PG_f1": 0.9777777777777777, "test_doclevel-SG_precision": 0.9883268482490273, "test_doclevel-SG_recall": 0.951310861423221, "test_doclevel-SG_f1": 0.9694656488549618, "test_doclevel-ORG_precision": 0.9382716049382716, "test_doclevel-ORG_recall": 0.9681528662420382, "test_doclevel-ORG_f1": 0.9529780564263323, "test_doclevel-ISG_precision": 0.8461538461538461, "test_doclevel-ISG_recall": 0.9, "test_doclevel-ISG_f1": 0.8722466960352422, "test_wordlevel-macro_precision": 0.9225814288800781, "test_wordlevel-macro_recall": 0.9435176699715364, "test_wordlevel-macro_f1": 0.9325775964379445, "test_wordlevel-O_precision": 0.9922632863179194, "test_wordlevel-O_recall": 0.9917320961218178, "test_wordlevel-O_f1": 0.9919976201100699, "test_wordlevel-PI_precision": 0.9073684210526316, "test_wordlevel-PI_recall": 0.9514348785871964, "test_wordlevel-PI_f1": 0.9288793103448275, "test_wordlevel-PG_precision": 0.9267515923566879, "test_wordlevel-PG_recall": 0.9897959183673469, "test_wordlevel-PG_f1": 0.957236842105263, "test_wordlevel-SG_precision": 0.9489981785063752, "test_wordlevel-SG_recall": 0.9006050129645635, "test_wordlevel-SG_f1": 0.9241685144124169, "test_wordlevel-ORG_precision": 0.9156626506024096, "test_wordlevel-ORG_recall": 0.9539748953974896, "test_wordlevel-ORG_f1": 0.9344262295081968, "test_wordlevel-ISG_precision": 0.8444444444444444, "test_wordlevel-ISG_recall": 0.8735632183908046, "test_wordlevel-ISG_f1": 0.8587570621468928, "test_runtime": 5.0941, "test_samples_per_second": 175.891, "test_steps_per_second": 2.748, "epoch": 5.0, "run_id": "rep04-fold02"}
