{"test_loss": 0.14552359282970428, "test_seqeval-macro_precision": 0.7496089065484246, "test_seqeval-macro_recall": 0.8052752820545924, "test_seqeval-macro_f1": 0.776023415979912, "test_seqeval-micro_precision": 0.7358156028368794, "test_seqeval-micro_recall": 0.8019323671497585, "test_seqeval-micro_f1": 0.7674526121128062, "test_seqeval-PG_precision": 0.8725490196078431, "test_seqeval-PG_recall": 0.9175257731958762, "test_seqeval-PG_f1": 0.8944723618090452, "test_seqeval-SG_precision": 0.7400881057268722, "test_seqeval-SG_recall": 0.8235294117647058, "test_seqeval-SG_f1": 0.7795823665893271, "test_seqeval-ISG_precision": 0.728, "test_seqeval-ISG_recall": 0.7459016393442623, "test_seqeval-ISG_f1": 0.736842105263158, "test_seqeval-PI_precision": 0.7407407407407407, "test_seqeval-PI_recall": 0.7655502392344498, "test_seqeval-PI_f1": 0.7529411764705883, "test_seqeval-ORG_precision": 0.6666666666666666, "test_seqeval-ORG_recall": 0.7738693467336684, "test_seqeval-ORG_f1": 0.7162790697674419, "test_spanlevel-macro_precision_spanwise": 0.7614245501186435, "test_spanlevel-macro_recall_spanwise": 0.7621106627498434, "test_spanlevel-macro_f1_spanwise": 0.7569925969782572, "test_spanlevel-macro_precision_seqavg": 0.7678348711699029, "test_spanlevel-macro_recall_seqavg": 0.7658751867265534, "test_spanlevel-macro_f1_seqavg": 0.7631052219810902, "test_spanlevel-micro_precision_spanwise": 0.8444076541296273, "test_spanlevel-micro_recall_spanwise": 0.8527702658723497, "test_spanlevel-micro_f1_spanwise": 0.8399890492947124, "test_spanlevel-micro_precision_seqavg": 0.8484602645218029, "test_spanlevel-micro_recall_seqavg": 0.856060047795342, "test_spanlevel-micro_f1_seqavg": 0.8428042903127954, "test_spanlevel-PG_precision_spanwise": 0.8701923076923077, "test_spanlevel-PG_recall_spanwise": 0.8685897435897435, "test_spanlevel-PG_f1_spanwise": 0.8679487179487181, "test_spanlevel-PG_precision_seqavg": 0.8551356816176889, "test_spanlevel-PG_recall_seqavg": 0.8549584319123021, "test_spanlevel-PG_f1_seqavg": 0.8547439585691732, "test_spanlevel-SG_precision_spanwise": 0.8203081753411423, "test_spanlevel-SG_recall_spanwise": 0.8352852562936597, "test_spanlevel-SG_f1_spanwise": 0.8177304380069531, "test_spanlevel-SG_precision_seqavg": 0.8187204858691383, "test_spanlevel-SG_recall_seqavg": 0.8305895618354946, "test_spanlevel-SG_f1_seqavg": 0.818458081652616, "test_spanlevel-ISG_precision_spanwise": 0.6497747747747749, "test_spanlevel-ISG_recall_spanwise": 0.6407657657657657, "test_spanlevel-ISG_f1_spanwise": 0.6416666666666666, "test_spanlevel-ISG_precision_seqavg": 0.6792796717140599, "test_spanlevel-ISG_recall_seqavg": 0.656973405412404, "test_spanlevel-ISG_f1_seqavg": 0.663399257685306, "test_spanlevel-PI_precision_spanwise": 0.765007215007215, "test_spanlevel-PI_recall_spanwise": 0.7670815295815295, "test_spanlevel-PI_f1_spanwise": 0.7607297464440321, "test_spanlevel-PI_precision_seqavg": 0.7522411908022489, "test_spanlevel-PI_recall_seqavg": 0.7566849489728974, "test_spanlevel-PI_f1_seqavg": 0.7500372635877728, "test_spanlevel-ORG_precision_spanwise": 0.7018402777777778, "test_spanlevel-ORG_recall_spanwise": 0.6988310185185185, "test_spanlevel-ORG_f1_spanwise": 0.6968874158249159, "test_spanlevel-ORG_precision_seqavg": 0.7337973258463784, "test_spanlevel-ORG_recall_seqavg": 0.7301695854996688, "test_spanlevel-ORG_f1_seqavg": 0.7288875484105829, "test_spanlevel-macro_precision_relaxed": 0.8435301093909583, "test_spanlevel-macro_recall_relaxed": 0.8901357970562125, "test_spanlevel-macro_f1_relaxed": 0.8959633463518348, "test_spanlevel-micro_precision_relaxed": 0.8438862227482512, "test_spanlevel-micro_recall_relaxed": 0.8897957511279312, "test_spanlevel-micro_f1_relaxed": 0.8967092150721426, "test_spanlevel-PG_precision_relaxed": 0.90625, "test_spanlevel-PG_recall_relaxed": 0.9397163120567376, "test_spanlevel-PG_f1_relaxed": 0.9805243445692884, "test_spanlevel-SG_precision_relaxed": 0.838328145980015, "test_spanlevel-SG_recall_relaxed": 0.9305910142835013, "test_spanlevel-SG_f1_relaxed": 0.9257158444797762, "test_spanlevel-ISG_precision_relaxed": 0.7978927203065134, "test_spanlevel-ISG_recall_relaxed": 0.7895114942528735, "test_spanlevel-ISG_f1_relaxed": 0.9573433583959899, "test_spanlevel-PI_precision_relaxed": 0.8442234848484848, "test_spanlevel-PI_recall_relaxed": 0.8646917148362235, "test_spanlevel-PI_f1_relaxed": 0.9439334358452006, "test_spanlevel-ORG_precision_relaxed": 0.7963304924242423, "test_spanlevel-ORG_recall_relaxed": 0.8677579365079365, "test_spanlevel-ORG_f1_relaxed": 0.9213311888173386, "test_doclevel-micro_precision": 0.9669811320754716, "test_doclevel-micro_recall": 0.9777424483306836, "test_doclevel-micro_f1": 0.9723320158102766, "test_doclevel-PG_precision": 0.9270833333333334, "test_doclevel-PG_recall": 0.9468085106382979, "test_doclevel-PG_f1": 0.9368421052631578, "test_doclevel-SG_precision": 0.9096573208722741, "test_doclevel-SG_recall": 0.9636963696369637, "test_doclevel-SG_f1": 0.9358974358974359, "test_doclevel-ISG_precision": 0.8362068965517241, "test_doclevel-ISG_recall": 0.8362068965517241, "test_doclevel-ISG_f1": 0.8362068965517241, "test_doclevel-PI_precision": 0.8920454545454546, "test_doclevel-PI_recall": 0.9075144508670521, "test_doclevel-PI_f1": 0.8997134670487106, "test_doclevel-ORG_precision": 0.8636363636363636, "test_doclevel-ORG_recall": 0.9047619047619048, "test_doclevel-ORG_f1": 0.8837209302325582, "test_wordlevel-macro_precision": 0.8653647946986641, "test_wordlevel-macro_recall": 0.8724551269086894, "test_wordlevel-macro_f1": 0.8683910143075049, "test_wordlevel-O_precision": 0.9835816357555488, "test_wordlevel-O_recall": 0.9807190929485237, "test_wordlevel-O_f1": 0.9821482785840064, "test_wordlevel-PG_precision": 0.9106145251396648, "test_wordlevel-PG_recall": 0.9532163742690059, "test_wordlevel-PG_f1": 0.9314285714285714, "test_wordlevel-SG_precision": 0.8448892065761258, "test_wordlevel-SG_recall": 0.8716814159292036, "test_wordlevel-SG_f1": 0.858076225045372, "test_wordlevel-ISG_precision": 0.8066298342541437, "test_wordlevel-ISG_recall": 0.7724867724867724, "test_wordlevel-ISG_f1": 0.7891891891891891, "test_wordlevel-PI_precision": 0.8657718120805369, "test_wordlevel-PI_recall": 0.8130252100840336, "test_wordlevel-PI_f1": 0.838569880823402, "test_wordlevel-ORG_precision": 0.7807017543859649, "test_wordlevel-ORG_recall": 0.8436018957345972, "test_wordlevel-ORG_f1": 0.8109339407744874, "test_runtime": 8.7491, "test_samples_per_second": 100.467, "test_steps_per_second": 1.6, "epoch": 4.0}