{"test_loss": 0.10200511664152145, "test_seqeval-macro_precision": 0.7370978617482301, "test_seqeval-macro_recall": 0.7913398820178241, "test_seqeval-macro_f1": 0.7625030664323521, "test_seqeval-micro_precision": 0.7385759829968119, "test_seqeval-micro_recall": 0.8006912442396313, "test_seqeval-micro_f1": 0.7683803206191266, "test_seqeval-PG_precision": 0.8823529411764706, "test_seqeval-PG_recall": 0.9375, "test_seqeval-PG_f1": 0.9090909090909091, "test_seqeval-SG_precision": 0.7424242424242424, "test_seqeval-SG_recall": 0.7871485943775101, "test_seqeval-SG_f1": 0.7641325536062378, "test_seqeval-ISG_precision": 0.6710526315789473, "test_seqeval-ISG_recall": 0.68, "test_seqeval-ISG_f1": 0.6754966887417219, "test_seqeval-PI_precision": 0.7536945812807881, "test_seqeval-PI_recall": 0.7766497461928934, "test_seqeval-PI_f1": 0.7650000000000001, "test_seqeval-ORG_precision": 0.6359649122807017, "test_seqeval-ORG_recall": 0.7754010695187166, "test_seqeval-ORG_f1": 0.6987951807228916, "test_spanlevel-macro_precision_spanwise": 0.7930891981021722, "test_spanlevel-macro_recall_spanwise": 0.7878911242507762, "test_spanlevel-macro_f1_spanwise": 0.7840299574056545, "test_spanlevel-macro_precision_seqavg": 0.7845467866418646, "test_spanlevel-macro_recall_seqavg": 0.7797494710322777, "test_spanlevel-macro_f1_seqavg": 0.777204990316724, "test_spanlevel-micro_precision_spanwise": 0.8617436890090612, "test_spanlevel-micro_recall_spanwise": 0.863622431745409, "test_spanlevel-micro_f1_spanwise": 0.8560750460114567, "test_spanlevel-micro_precision_seqavg": 0.8560361355815902, "test_spanlevel-micro_recall_seqavg": 0.8574162106832561, "test_spanlevel-micro_f1_seqavg": 0.8500640556331576, "test_spanlevel-PG_precision_spanwise": 0.9186507936507935, "test_spanlevel-PG_recall_spanwise": 0.9181547619047619, "test_spanlevel-PG_f1_spanwise": 0.916014739229025, "test_spanlevel-PG_precision_seqavg": 0.91299222362309, "test_spanlevel-PG_recall_seqavg": 0.91452297611978, "test_spanlevel-PG_f1_seqavg": 0.9119088532392798, "test_spanlevel-SG_precision_spanwise": 0.8447083688719377, "test_spanlevel-SG_recall_spanwise": 0.8452277018726834, "test_spanlevel-SG_f1_spanwise": 0.8364103819822167, "test_spanlevel-SG_precision_seqavg": 0.8567644281938666, "test_spanlevel-SG_recall_seqavg": 0.8386096675743847, "test_spanlevel-SG_f1_seqavg": 0.838218029336761, "test_spanlevel-ISG_precision_spanwise": 0.6401515151515151, "test_spanlevel-ISG_recall_spanwise": 0.6287878787878788, "test_spanlevel-ISG_f1_spanwise": 0.6265151515151516, "test_spanlevel-ISG_precision_seqavg": 0.5946647506207878, "test_spanlevel-ISG_recall_seqavg": 0.5979888102744164, "test_spanlevel-ISG_f1_seqavg": 0.5933153894312934, "test_spanlevel-PI_precision_spanwise": 0.8239336492890996, "test_spanlevel-PI_recall_spanwise": 0.805608214849921, "test_spanlevel-PI_f1_spanwise": 0.8091175806815617, "test_spanlevel-PI_precision_seqavg": 0.7902928333665374, "test_spanlevel-PI_recall_seqavg": 0.7787274860488117, "test_spanlevel-PI_f1_seqavg": 0.7816790866097107, "test_spanlevel-ORG_precision_spanwise": 0.7380016635475151, "test_spanlevel-ORG_recall_spanwise": 0.7416770638386359, "test_spanlevel-ORG_f1_spanwise": 0.732091933620318, "test_spanlevel-ORG_precision_seqavg": 0.768019697405041, "test_spanlevel-ORG_recall_seqavg": 0.7688984151439953, "test_spanlevel-ORG_f1_seqavg": 0.7609035929665742, "test_spanlevel-macro_precision_relaxed": 0.8725989225763187, "test_spanlevel-macro_recall_relaxed": 0.9010646414615396, "test_spanlevel-macro_f1_relaxed": 0.9229814758010596, "test_spanlevel-micro_precision_relaxed": 0.8709357720840546, "test_spanlevel-micro_recall_relaxed": 0.9007676862033617, "test_spanlevel-micro_f1_relaxed": 0.9214895711823465, "test_spanlevel-PG_precision_relaxed": 0.95, "test_spanlevel-PG_recall_relaxed": 0.9783755274261602, "test_spanlevel-PG_f1_relaxed": 0.9765567765567764, "test_spanlevel-SG_precision_relaxed": 0.8803321678321677, "test_spanlevel-SG_recall_relaxed": 0.9214215367965369, "test_spanlevel-SG_f1_relaxed": 0.938708392762035, "test_spanlevel-ISG_precision_relaxed": 0.782608695652174, "test_spanlevel-ISG_recall_relaxed": 0.7569444444444444, "test_spanlevel-ISG_f1_relaxed": 0.9350877192982455, "test_spanlevel-PI_precision_relaxed": 0.905922431865828, "test_spanlevel-PI_recall_relaxed": 0.8661008230452675, "test_spanlevel-PI_f1_relaxed": 0.9487562685838548, "test_spanlevel-ORG_precision_relaxed": 0.7655161078238001, "test_spanlevel-ORG_recall_relaxed": 0.9083888888888888, "test_spanlevel-ORG_f1_relaxed": 0.9238913732026397, "test_doclevel-micro_precision": 0.9566003616636528, "test_doclevel-micro_recall": 0.9653284671532847, "test_doclevel-micro_f1": 0.96094459582198, "test_doclevel-PG_precision": 0.975, "test_doclevel-PG_recall": 0.9873417721518988, "test_doclevel-PG_f1": 0.9811320754716981, "test_doclevel-SG_precision": 0.9326923076923077, "test_doclevel-SG_recall": 0.97, "test_doclevel-SG_f1": 0.9509803921568627, "test_doclevel-ISG_precision": 0.8260869565217391, "test_doclevel-ISG_recall": 0.7916666666666666, "test_doclevel-ISG_f1": 0.8085106382978724, "test_doclevel-PI_precision": 0.9308176100628931, "test_doclevel-PI_recall": 0.9135802469135802, "test_doclevel-PI_f1": 0.9221183800623053, "test_doclevel-ORG_precision": 0.834319526627219, "test_doclevel-ORG_recall": 0.94, "test_doclevel-ORG_f1": 0.8840125391849529, "test_wordlevel-macro_precision": 0.8853440725541125, "test_wordlevel-macro_recall": 0.885791956875707, "test_wordlevel-macro_f1": 0.8840534510982367, "test_wordlevel-O_precision": 0.9866666666666667, "test_wordlevel-O_recall": 0.9854971412634221, "test_wordlevel-O_f1": 0.9860815571911955, "test_wordlevel-PG_precision": 0.9253731343283582, "test_wordlevel-PG_recall": 0.9649805447470817, "test_wordlevel-PG_f1": 0.9447619047619047, "test_wordlevel-SG_precision": 0.9111374407582938, "test_wordlevel-SG_recall": 0.8859447004608295, "test_wordlevel-SG_f1": 0.8983644859813085, "test_wordlevel-ISG_precision": 0.7807017543859649, "test_wordlevel-ISG_recall": 0.712, "test_wordlevel-ISG_f1": 0.7447698744769874, "test_wordlevel-PI_precision": 0.9314159292035398, "test_wordlevel-PI_recall": 0.8556910569105691, "test_wordlevel-PI_f1": 0.891949152542373, "test_wordlevel-ORG_precision": 0.7767695099818511, "test_wordlevel-ORG_recall": 0.9106382978723404, "test_wordlevel-ORG_f1": 0.8383937316356515, "test_runtime": 7.5087, "test_samples_per_second": 107.741, "test_steps_per_second": 1.731, "epoch": 4.0}