{"test_loss": 0.07834025472402573, "test_seqeval-macro_precision": 0.8299719494601229, "test_seqeval-macro_recall": 0.8669029687520112, "test_seqeval-macro_f1": 0.8476735595014653, "test_seqeval-micro_precision": 0.8333333333333334, "test_seqeval-micro_recall": 0.8677298311444653, "test_seqeval-micro_f1": 0.8501838235294118, "test_seqeval-PI_precision": 0.7733333333333333, "test_seqeval-PI_recall": 0.87, "test_seqeval-PI_f1": 0.8188235294117646, "test_seqeval-PG_precision": 0.8757396449704142, "test_seqeval-PG_recall": 0.9192546583850931, "test_seqeval-PG_f1": 0.896969696969697, "test_seqeval-SG_precision": 0.8575342465753425, "test_seqeval-SG_recall": 0.876750700280112, "test_seqeval-SG_f1": 0.8670360110803325, "test_seqeval-ORG_precision": 0.8385650224215246, "test_seqeval-ORG_recall": 0.8311111111111111, "test_seqeval-ORG_f1": 0.8348214285714286, "test_seqeval-ISG_precision": 0.8046875, "test_seqeval-ISG_recall": 0.8373983739837398, "test_seqeval-ISG_f1": 0.8207171314741035, "test_spanlevel-macro_precision_spanwise": 0.855153866202331, "test_spanlevel-macro_recall_spanwise": 0.8561845133039849, "test_spanlevel-macro_f1_spanwise": 0.851491696884574, "test_spanlevel-macro_precision_seqavg": 0.8744118813496478, "test_spanlevel-macro_recall_seqavg": 0.8770829483773348, "test_spanlevel-macro_f1_seqavg": 0.8730454467617319, "test_spanlevel-micro_precision_spanwise": 0.908056492462433, "test_spanlevel-micro_recall_spanwise": 0.9105378394982354, "test_spanlevel-micro_f1_spanwise": 0.9044775563627155, "test_spanlevel-micro_precision_seqavg": 0.8969627594627595, "test_spanlevel-micro_recall_seqavg": 0.9017835873502028, "test_spanlevel-micro_f1_seqavg": 0.894686308046816, "test_spanlevel-PI_precision_spanwise": 0.8325292397660818, "test_spanlevel-PI_recall_spanwise": 0.8298976608187133, "test_spanlevel-PI_f1_spanwise": 0.8267195767195767, "test_spanlevel-PI_precision_seqavg": 0.847666081459354, "test_spanlevel-PI_recall_seqavg": 0.8500502115119026, "test_spanlevel-PI_f1_seqavg": 0.8465572855354648, "test_spanlevel-PG_precision_spanwise": 0.913214990138067, "test_spanlevel-PG_recall_spanwise": 0.9299802761341223, "test_spanlevel-PG_f1_spanwise": 0.9173570019723866, "test_spanlevel-PG_precision_seqavg": 0.9249359285718057, "test_spanlevel-PG_recall_seqavg": 0.944547881117045, "test_spanlevel-PG_f1_seqavg": 0.931618993018461, "test_spanlevel-SG_precision_spanwise": 0.874908586416523, "test_spanlevel-SG_recall_spanwise": 0.8810699588477368, "test_spanlevel-SG_f1_spanwise": 0.8738616269553089, "test_spanlevel-SG_precision_seqavg": 0.89551231460566, "test_spanlevel-SG_recall_seqavg": 0.8981555567019898, "test_spanlevel-SG_f1_seqavg": 0.8935827098071885, "test_spanlevel-ORG_precision_spanwise": 0.8836879432624114, "test_spanlevel-ORG_recall_spanwise": 0.8721175278622086, "test_spanlevel-ORG_f1_spanwise": 0.8740440882994075, "test_spanlevel-ORG_precision_seqavg": 0.9100617415721737, "test_spanlevel-ORG_recall_seqavg": 0.8968337545388122, "test_spanlevel-ORG_f1_seqavg": 0.8999541674395913, "test_spanlevel-ISG_precision_spanwise": 0.7714285714285715, "test_spanlevel-ISG_recall_spanwise": 0.7678571428571429, "test_spanlevel-ISG_f1_spanwise": 0.7654761904761905, "test_spanlevel-ISG_precision_seqavg": 0.793883340539245, "test_spanlevel-ISG_recall_seqavg": 0.7958273380169241, "test_spanlevel-ISG_f1_seqavg": 0.7935140780079536, "test_spanlevel-macro_precision_relaxed": 0.8936760418737163, "test_spanlevel-macro_recall_relaxed": 0.936542999916016, "test_spanlevel-macro_f1_relaxed": 0.9461905928816883, "test_spanlevel-micro_precision_relaxed": 0.8949378851123039, "test_spanlevel-micro_recall_relaxed": 0.9371132527084909, "test_spanlevel-micro_f1_relaxed": 0.9477466233121463, "test_spanlevel-PI_precision_relaxed": 0.8641621129326047, "test_spanlevel-PI_recall_relaxed": 0.9570783132530121, "test_spanlevel-PI_f1_relaxed": 0.9656112664731062, "test_spanlevel-PG_precision_relaxed": 0.9218426501035197, "test_spanlevel-PG_recall_relaxed": 0.9822580645161291, "test_spanlevel-PG_f1_relaxed": 0.9776532835356366, "test_spanlevel-SG_precision_relaxed": 0.9086839189616968, "test_spanlevel-SG_recall_relaxed": 0.939015219071399, "test_spanlevel-SG_f1_relaxed": 0.9694142252222268, "test_spanlevel-ORG_precision_relaxed": 0.9259803921568628, "test_spanlevel-ORG_recall_relaxed": 0.892907693863108, "test_spanlevel-ORG_f1_relaxed": 0.9654644355352138, "test_spanlevel-ISG_precision_relaxed": 0.8421052631578947, "test_spanlevel-ISG_recall_relaxed": 0.875, "test_spanlevel-ISG_f1_relaxed": 0.9747327502429544, "test_doclevel-micro_precision": 0.9643410852713178, "test_doclevel-micro_recall": 0.9873015873015873, "test_doclevel-micro_f1": 0.9756862745098039, "test_doclevel-PI_precision": 0.8907103825136612, "test_doclevel-PI_recall": 0.9819277108433735, "test_doclevel-PI_f1": 0.9340974212034383, "test_doclevel-PG_precision": 0.9503105590062112, "test_doclevel-PG_recall": 0.9870967741935484, "test_doclevel-PG_f1": 0.9683544303797468, "test_doclevel-SG_precision": 0.9407407407407408, "test_doclevel-SG_recall": 0.951310861423221, "test_doclevel-SG_f1": 0.9459962756052142, "test_doclevel-ORG_precision": 0.9477124183006536, "test_doclevel-ORG_recall": 0.9235668789808917, "test_doclevel-ORG_f1": 0.935483870967742, "test_doclevel-ISG_precision": 0.8596491228070176, "test_doclevel-ISG_recall": 0.8909090909090909, "test_doclevel-ISG_f1": 0.875, "test_wordlevel-macro_precision": 0.9180305442213573, "test_wordlevel-macro_recall": 0.9351404312366486, "test_wordlevel-macro_f1": 0.9262405689048673, "test_wordlevel-O_precision": 0.9918902802623732, "test_wordlevel-O_recall": 0.9894123245300975, "test_wordlevel-O_f1": 0.9906497528437854, "test_wordlevel-PI_precision": 0.8842975206611571, "test_wordlevel-PI_recall": 0.9448123620309051, "test_wordlevel-PI_f1": 0.9135538954108858, "test_wordlevel-PG_precision": 0.9233226837060703, "test_wordlevel-PG_recall": 0.9829931972789115, "test_wordlevel-PG_f1": 0.9522240527182867, "test_wordlevel-SG_precision": 0.9214840379637619, "test_wordlevel-SG_recall": 0.9230769230769231, "test_wordlevel-SG_f1": 0.922279792746114, "test_wordlevel-ORG_precision": 0.9357601713062098, "test_wordlevel-ORG_recall": 0.9142259414225942, "test_wordlevel-ORG_f1": 0.9248677248677248, "test_wordlevel-ISG_precision": 0.8514285714285714, "test_wordlevel-ISG_recall": 0.8563218390804598, "test_wordlevel-ISG_f1": 0.853868194842407, "test_runtime": 5.1609, "test_samples_per_second": 173.612, "test_steps_per_second": 2.713, "epoch": 4.0, "run_id": "rep04-fold01"}
