{"test_loss": 0.0789189264178276, "test_seqeval-macro_precision": 0.8821939883432449, "test_seqeval-macro_recall": 0.904661803115871, "test_seqeval-macro_f1": 0.8931335210172794, "test_seqeval-micro_precision": 0.8792134831460674, "test_seqeval-micro_recall": 0.9072463768115943, "test_seqeval-micro_f1": 0.8930099857346647, "test_seqeval-PG_precision": 0.9587628865979382, "test_seqeval-PG_recall": 0.9587628865979382, "test_seqeval-PG_f1": 0.9587628865979382, "test_seqeval-SG_precision": 0.888095238095238, "test_seqeval-SG_recall": 0.9142156862745098, "test_seqeval-SG_f1": 0.9009661835748792, "test_seqeval-ISG_precision": 0.8347107438016529, "test_seqeval-ISG_recall": 0.8278688524590164, "test_seqeval-ISG_f1": 0.8312757201646092, "test_seqeval-PI_precision": 0.8944954128440367, "test_seqeval-PI_recall": 0.9330143540669856, "test_seqeval-PI_f1": 0.9133489461358314, "test_seqeval-ORG_precision": 0.8349056603773585, "test_seqeval-ORG_recall": 0.8894472361809045, "test_seqeval-ORG_f1": 0.8613138686131387, "test_spanlevel-macro_precision_spanwise": 0.8777747625186383, "test_spanlevel-macro_recall_spanwise": 0.8768371985624552, "test_spanlevel-macro_f1_spanwise": 0.8743387201997749, "test_spanlevel-macro_precision_seqavg": 0.8892124717297387, "test_spanlevel-macro_recall_seqavg": 0.8857904167692174, "test_spanlevel-macro_f1_seqavg": 0.8851967216986422, "test_spanlevel-micro_precision_spanwise": 0.9218553808339256, "test_spanlevel-micro_recall_spanwise": 0.9266480099502489, "test_spanlevel-micro_f1_spanwise": 0.9204285826369103, "test_spanlevel-micro_precision_seqavg": 0.9196852636010202, "test_spanlevel-micro_recall_seqavg": 0.9254463511873808, "test_spanlevel-micro_f1_seqavg": 0.9184491362764802, "test_spanlevel-PG_precision_spanwise": 0.94, "test_spanlevel-PG_recall_spanwise": 0.9366666666666668, "test_spanlevel-PG_f1_spanwise": 0.938, "test_spanlevel-PG_precision_seqavg": 0.9465250524115403, "test_spanlevel-PG_recall_seqavg": 0.9464167093238698, "test_spanlevel-PG_f1_seqavg": 0.9464600465589379, "test_spanlevel-SG_precision_spanwise": 0.9013468013468015, "test_spanlevel-SG_recall_spanwise": 0.9095914768991692, "test_spanlevel-SG_f1_spanwise": 0.9027119087196649, "test_spanlevel-SG_precision_seqavg": 0.9023089280555446, "test_spanlevel-SG_recall_seqavg": 0.9041201659727212, "test_spanlevel-SG_f1_seqavg": 0.9015248816846364, "test_spanlevel-ISG_precision_spanwise": 0.7732843137254901, "test_spanlevel-ISG_recall_spanwise": 0.7610294117647058, "test_spanlevel-ISG_f1_spanwise": 0.7634803921568627, "test_spanlevel-ISG_precision_seqavg": 0.8118677485755802, "test_spanlevel-ISG_recall_seqavg": 0.7974083017163964, "test_spanlevel-ISG_f1_seqavg": 0.8004461010845652, "test_spanlevel-PI_precision_spanwise": 0.9077625570776257, "test_spanlevel-PI_recall_spanwise": 0.9120750887874176, "test_spanlevel-PI_f1_spanwise": 0.9074581430745815, "test_spanlevel-PI_precision_seqavg": 0.9038182145751973, "test_spanlevel-PI_recall_seqavg": 0.8972500176749773, "test_spanlevel-PI_f1_seqavg": 0.897460671845081, "test_spanlevel-ORG_precision_spanwise": 0.8664801404432741, "test_spanlevel-ORG_recall_spanwise": 0.8648233486943165, "test_spanlevel-ORG_f1_spanwise": 0.8600431570477653, "test_spanlevel-ORG_precision_seqavg": 0.881542415030831, "test_spanlevel-ORG_recall_seqavg": 0.8837568891581228, "test_spanlevel-ORG_f1_seqavg": 0.8800919073199902, "test_spanlevel-macro_precision_relaxed": 0.9291455656336608, "test_spanlevel-macro_recall_relaxed": 0.9445003261179731, "test_spanlevel-macro_f1_relaxed": 0.9536030715865297, "test_spanlevel-micro_precision_relaxed": 0.929251385739481, "test_spanlevel-micro_recall_relaxed": 0.9444296672237847, "test_spanlevel-micro_f1_relaxed": 0.9537806212354151, "test_spanlevel-PG_precision_relaxed": 0.9680851063829787, "test_spanlevel-PG_recall_relaxed": 0.9645390070921986, "test_spanlevel-PG_f1_relaxed": 0.9978021978021978, "test_spanlevel-SG_precision_relaxed": 0.9272972067614924, "test_spanlevel-SG_recall_relaxed": 0.9600078277058476, "test_spanlevel-SG_f1_relaxed": 0.9726053553724642, "test_spanlevel-ISG_precision_relaxed": 0.8739316239316239, "test_spanlevel-ISG_recall_relaxed": 0.8584770114942529, "test_spanlevel-ISG_f1_relaxed": 0.9733009708737864, "test_spanlevel-PI_precision_relaxed": 0.9251412429378532, "test_spanlevel-PI_recall_relaxed": 0.9629094412331406, "test_spanlevel-PI_f1_relaxed": 0.9714849253310792, "test_spanlevel-ORG_precision_relaxed": 0.9258219954648527, "test_spanlevel-ORG_recall_relaxed": 0.9384920634920635, "test_spanlevel-ORG_f1_relaxed": 0.9711929073342116, "test_doclevel-micro_precision": 0.9809523809523809, "test_doclevel-micro_recall": 0.9825119236883942, "test_doclevel-micro_f1": 0.9817315329626687, "test_doclevel-PG_precision": 0.9680851063829787, "test_doclevel-PG_recall": 0.9680851063829787, "test_doclevel-PG_f1": 0.9680851063829787, "test_doclevel-SG_precision": 0.9577922077922078, "test_doclevel-SG_recall": 0.9735973597359736, "test_doclevel-SG_f1": 0.9656301145662848, "test_doclevel-ISG_precision": 0.8803418803418803, "test_doclevel-ISG_recall": 0.8879310344827587, "test_doclevel-ISG_f1": 0.8841201716738197, "test_doclevel-PI_precision": 0.9548022598870056, "test_doclevel-PI_recall": 0.976878612716763, "test_doclevel-PI_f1": 0.9657142857142856, "test_doclevel-ORG_precision": 0.9523809523809523, "test_doclevel-ORG_recall": 0.9523809523809523, "test_doclevel-ORG_f1": 0.9523809523809523, "test_wordlevel-macro_precision": 0.9365800336062949, "test_wordlevel-macro_recall": 0.9395381851475056, "test_wordlevel-macro_f1": 0.937827604996281, "test_wordlevel-O_precision": 0.9944021904472163, "test_wordlevel-O_recall": 0.9909052325228885, "test_wordlevel-O_f1": 0.992650631681244, "test_wordlevel-PG_precision": 0.9707602339181286, "test_wordlevel-PG_recall": 0.9707602339181286, "test_wordlevel-PG_f1": 0.9707602339181286, "test_wordlevel-SG_precision": 0.9275053304904051, "test_wordlevel-SG_recall": 0.9623893805309734, "test_wordlevel-SG_f1": 0.9446254071661236, "test_wordlevel-ISG_precision": 0.8876404494382022, "test_wordlevel-ISG_recall": 0.8359788359788359, "test_wordlevel-ISG_f1": 0.8610354223433241, "test_wordlevel-PI_precision": 0.9352818371607515, "test_wordlevel-PI_recall": 0.9411764705882353, "test_wordlevel-PI_f1": 0.9382198952879582, "test_wordlevel-ORG_precision": 0.9038901601830663, "test_wordlevel-ORG_recall": 0.9360189573459715, "test_wordlevel-ORG_f1": 0.919674039580908, "test_runtime": 8.431, "test_samples_per_second": 104.258, "test_steps_per_second": 1.661, "epoch": 6.0}