{"test_loss": 0.08038203418254852, "test_seqeval-macro_precision": 0.82022555286158, "test_seqeval-macro_recall": 0.839967102429519, "test_seqeval-macro_f1": 0.8291278294784619, "test_seqeval-micro_precision": 0.8212341197822142, "test_seqeval-micro_recall": 0.848968105065666, "test_seqeval-micro_f1": 0.8348708487084872, "test_seqeval-PI_precision": 0.8293838862559242, "test_seqeval-PI_recall": 0.875, "test_seqeval-PI_f1": 0.8515815085158152, "test_seqeval-PG_precision": 0.8855421686746988, "test_seqeval-PG_recall": 0.9130434782608695, "test_seqeval-PG_f1": 0.8990825688073394, "test_seqeval-SG_precision": 0.825136612021858, "test_seqeval-SG_recall": 0.84593837535014, "test_seqeval-SG_f1": 0.835408022130014, "test_seqeval-ORG_precision": 0.7862903225806451, "test_seqeval-ORG_recall": 0.8666666666666667, "test_seqeval-ORG_f1": 0.8245243128964059, "test_seqeval-ISG_precision": 0.7747747747747747, "test_seqeval-ISG_recall": 0.6991869918699187, "test_seqeval-ISG_f1": 0.735042735042735, "test_spanlevel-macro_precision_spanwise": 0.8323612352834819, "test_spanlevel-macro_recall_spanwise": 0.8333168561859449, "test_spanlevel-macro_f1_spanwise": 0.8288008200113515, "test_spanlevel-macro_precision_seqavg": 0.8446181904981944, "test_spanlevel-macro_recall_seqavg": 0.8465958497171429, "test_spanlevel-macro_f1_seqavg": 0.8419764663202916, "test_spanlevel-micro_precision_spanwise": 0.8979490152168241, "test_spanlevel-micro_recall_spanwise": 0.903876781469207, "test_spanlevel-micro_f1_spanwise": 0.8965879586799335, "test_spanlevel-micro_precision_seqavg": 0.8929221498665944, "test_spanlevel-micro_recall_seqavg": 0.8967673316052946, "test_spanlevel-micro_f1_seqavg": 0.8906906921953218, "test_spanlevel-PI_precision_spanwise": 0.865895061728395, "test_spanlevel-PI_recall_spanwise": 0.8527006172839506, "test_spanlevel-PI_f1_spanwise": 0.8538947677836567, "test_spanlevel-PI_precision_seqavg": 0.860499489354425, "test_spanlevel-PI_recall_seqavg": 0.8420570214215043, "test_spanlevel-PI_f1_seqavg": 0.8456775128365159, "test_spanlevel-PG_precision_spanwise": 0.9201596806387227, "test_spanlevel-PG_recall_spanwise": 0.9441117764471059, "test_spanlevel-PG_f1_spanwise": 0.9289421157684632, "test_spanlevel-PG_precision_seqavg": 0.9486523459449875, "test_spanlevel-PG_recall_seqavg": 0.9672754535016723, "test_spanlevel-PG_f1_seqavg": 0.9553019450442959, "test_spanlevel-SG_precision_spanwise": 0.8684844765319699, "test_spanlevel-SG_recall_spanwise": 0.8664020529455885, "test_spanlevel-SG_f1_spanwise": 0.8636103020403813, "test_spanlevel-SG_precision_seqavg": 0.872148240050886, "test_spanlevel-SG_recall_seqavg": 0.8687993445258367, "test_spanlevel-SG_f1_seqavg": 0.8670304787014297, "test_spanlevel-ORG_precision_spanwise": 0.8346050870147256, "test_spanlevel-ORG_recall_spanwise": 0.8414993306559572, "test_spanlevel-ORG_f1_spanwise": 0.8356864108671338, "test_spanlevel-ORG_precision_seqavg": 0.8623108536197459, "test_spanlevel-ORG_recall_seqavg": 0.8658391745039581, "test_spanlevel-ORG_f1_seqavg": 0.8619850236651926, "test_spanlevel-ISG_precision_spanwise": 0.6726618705035972, "test_spanlevel-ISG_recall_spanwise": 0.6618705035971223, "test_spanlevel-ISG_f1_spanwise": 0.6618705035971223, "test_spanlevel-ISG_precision_seqavg": 0.679480023520928, "test_spanlevel-ISG_recall_seqavg": 0.6890082546327424, "test_spanlevel-ISG_f1_seqavg": 0.6798873713540239, "test_spanlevel-macro_precision_relaxed": 0.89959479470951, "test_spanlevel-macro_recall_relaxed": 0.9170153920153918, "test_spanlevel-macro_f1_relaxed": 0.9382432838480919, "test_spanlevel-micro_precision_relaxed": 0.9002181831295757, "test_spanlevel-micro_recall_relaxed": 0.9173240339907005, "test_spanlevel-micro_f1_relaxed": 0.9390633094041878, "test_spanlevel-PI_precision_relaxed": 0.9138246628131019, "test_spanlevel-PI_recall_relaxed": 0.9313253012048193, "test_spanlevel-PI_f1_relaxed": 0.9623036039185108, "test_spanlevel-PG_precision_relaxed": 0.935126582278481, "test_spanlevel-PG_recall_relaxed": 0.9806451612903225, "test_spanlevel-PG_f1_relaxed": 0.9823934837092733, "test_spanlevel-SG_precision_relaxed": 0.9084908198797088, "test_spanlevel-SG_recall_relaxed": 0.9234101312752998, "test_spanlevel-SG_f1_relaxed": 0.9645335879904738, "test_spanlevel-ORG_precision_relaxed": 0.8567901234567902, "test_spanlevel-ORG_recall_relaxed": 0.9280254777070063, "test_spanlevel-ORG_f1_relaxed": 0.9502779582566816, "test_spanlevel-ISG_precision_relaxed": 0.8308823529411765, "test_spanlevel-ISG_recall_relaxed": 0.7522727272727273, "test_spanlevel-ISG_f1_relaxed": 0.9662236987818384, "test_doclevel-micro_precision": 0.9715189873417721, "test_doclevel-micro_recall": 0.9746031746031746, "test_doclevel-micro_f1": 0.9730586370839936, "test_doclevel-PI_precision": 0.930635838150289, "test_doclevel-PI_recall": 0.9698795180722891, "test_doclevel-PI_f1": 0.9498525073746313, "test_doclevel-PG_precision": 0.9620253164556962, "test_doclevel-PG_recall": 0.9806451612903225, "test_doclevel-PG_f1": 0.9712460063897763, "test_doclevel-SG_precision": 0.9407407407407408, "test_doclevel-SG_recall": 0.951310861423221, "test_doclevel-SG_f1": 0.9459962756052142, "test_doclevel-ORG_precision": 0.9135802469135802, "test_doclevel-ORG_recall": 0.9426751592356688, "test_doclevel-ORG_f1": 0.9278996865203761, "test_doclevel-ISG_precision": 0.8431372549019608, "test_doclevel-ISG_recall": 0.7818181818181819, "test_doclevel-ISG_f1": 0.8113207547169811, "test_wordlevel-macro_precision": 0.9111434959545534, "test_wordlevel-macro_recall": 0.9149364452145122, "test_wordlevel-macro_f1": 0.9120987716485326, "test_wordlevel-O_precision": 0.9917138599105813, "test_wordlevel-O_recall": 0.9895312871758268, "test_wordlevel-O_f1": 0.9906213713639207, "test_wordlevel-PI_precision": 0.9309576837416481, "test_wordlevel-PI_recall": 0.9227373068432672, "test_wordlevel-PI_f1": 0.926829268292683, "test_wordlevel-PG_precision": 0.9354838709677419, "test_wordlevel-PG_recall": 0.9863945578231292, "test_wordlevel-PG_f1": 0.9602649006622516, "test_wordlevel-SG_precision": 0.9154443485763589, "test_wordlevel-SG_recall": 0.9170267934312878, "test_wordlevel-SG_f1": 0.9162348877374783, "test_wordlevel-ORG_precision": 0.8697318007662835, "test_wordlevel-ORG_recall": 0.9497907949790795, "test_wordlevel-ORG_f1": 0.908, "test_wordlevel-ISG_precision": 0.8235294117647058, "test_wordlevel-ISG_recall": 0.7241379310344828, "test_wordlevel-ISG_f1": 0.7706422018348623, "test_runtime": 5.1282, "test_samples_per_second": 174.721, "test_steps_per_second": 2.73, "epoch": 5.0, "run_id": "rep04-fold04"}
