{"test_loss": 0.06960540264844894, "test_seqeval-macro_precision": 0.8818733071830518, "test_seqeval-macro_recall": 0.9119497746057897, "test_seqeval-macro_f1": 0.8964613767870825, "test_seqeval-micro_precision": 0.8848063555114201, "test_seqeval-micro_recall": 0.9147843942505134, "test_seqeval-micro_f1": 0.8995456839979808, "test_seqeval-PG_precision": 0.9236111111111112, "test_seqeval-PG_recall": 0.910958904109589, "test_seqeval-PG_f1": 0.9172413793103449, "test_seqeval-SG_precision": 0.8741007194244604, "test_seqeval-SG_recall": 0.9067164179104478, "test_seqeval-SG_f1": 0.8901098901098901, "test_seqeval-ISG_precision": 0.8434782608695652, "test_seqeval-ISG_recall": 0.8981481481481481, "test_seqeval-ISG_f1": 0.8699551569506726, "test_seqeval-PI_precision": 0.9216417910447762, "test_seqeval-PI_recall": 0.9391634980988594, "test_seqeval-PI_f1": 0.9303201506591338, "test_seqeval-ORG_precision": 0.8465346534653465, "test_seqeval-ORG_recall": 0.9047619047619048, "test_seqeval-ORG_f1": 0.8746803069053708, "test_spanlevel-macro_precision_spanwise": 0.8900752709083882, "test_spanlevel-macro_recall_spanwise": 0.8900807734072425, "test_spanlevel-macro_f1_spanwise": 0.8877799747602179, "test_spanlevel-macro_precision_seqavg": 0.922885039667453, "test_spanlevel-macro_recall_seqavg": 0.9198020922650831, "test_spanlevel-macro_f1_seqavg": 0.9199238119673006, "test_spanlevel-micro_precision_spanwise": 0.9262409598948059, "test_spanlevel-micro_recall_spanwise": 0.931336291913215, "test_spanlevel-micro_f1_spanwise": 0.9258219978955766, "test_spanlevel-micro_precision_seqavg": 0.924158523344191, "test_spanlevel-micro_recall_seqavg": 0.9275696706478465, "test_spanlevel-micro_f1_seqavg": 0.9231519118185313, "test_spanlevel-PG_precision_spanwise": 0.9489795918367347, "test_spanlevel-PG_recall_spanwise": 0.9399092970521541, "test_spanlevel-PG_f1_spanwise": 0.9424792139077853, "test_spanlevel-PG_precision_seqavg": 0.9716363926737003, "test_spanlevel-PG_recall_seqavg": 0.9586795380153691, "test_spanlevel-PG_f1_seqavg": 0.9636433180598143, "test_spanlevel-SG_precision_spanwise": 0.9011173027130474, "test_spanlevel-SG_recall_spanwise": 0.909931892378701, "test_spanlevel-SG_f1_spanwise": 0.9020139058529438, "test_spanlevel-SG_precision_seqavg": 0.9418661129715401, "test_spanlevel-SG_recall_seqavg": 0.9441609570385529, "test_spanlevel-SG_f1_seqavg": 0.9403861323333467, "test_spanlevel-ISG_precision_spanwise": 0.8032786885245902, "test_spanlevel-ISG_recall_spanwise": 0.8032786885245902, "test_spanlevel-ISG_f1_spanwise": 0.8019125683060109, "test_spanlevel-ISG_precision_seqavg": 0.8554834503180611, "test_spanlevel-ISG_recall_seqavg": 0.8551379632241254, "test_spanlevel-ISG_f1_seqavg": 0.8550838811581172, "test_spanlevel-PI_precision_spanwise": 0.9130170316301703, "test_spanlevel-PI_recall_spanwise": 0.9177311435523113, "test_spanlevel-PI_f1_spanwise": 0.914685436218283, "test_spanlevel-PI_precision_seqavg": 0.9240074522827103, "test_spanlevel-PI_recall_seqavg": 0.928442700943516, "test_spanlevel-PI_f1_seqavg": 0.9257475920381031, "test_spanlevel-ORG_precision_spanwise": 0.8839837398373984, "test_spanlevel-ORG_recall_spanwise": 0.8795528455284553, "test_spanlevel-ORG_f1_spanwise": 0.8778087495160665, "test_spanlevel-ORG_precision_seqavg": 0.9214317900912539, "test_spanlevel-ORG_recall_seqavg": 0.9125893021038528, "test_spanlevel-ORG_f1_seqavg": 0.9147581362471211, "test_spanlevel-macro_precision_relaxed": 0.927466593446824, "test_spanlevel-macro_recall_relaxed": 0.9531792717086839, "test_spanlevel-macro_f1_relaxed": 0.9630893554334758, "test_spanlevel-micro_precision_relaxed": 0.9269654951491854, "test_spanlevel-micro_recall_relaxed": 0.9534827264239031, "test_spanlevel-micro_f1_relaxed": 0.962713780355119, "test_spanlevel-PG_precision_relaxed": 0.980392156862745, "test_spanlevel-PG_recall_relaxed": 0.9520383693045562, "test_spanlevel-PG_f1_relaxed": 0.9809876543209877, "test_spanlevel-SG_precision_relaxed": 0.9332825976661594, "test_spanlevel-SG_recall_relaxed": 0.9575193798449613, "test_spanlevel-SG_f1_relaxed": 0.980961005533191, "test_spanlevel-ISG_precision_relaxed": 0.8648867313915857, "test_spanlevel-ISG_recall_relaxed": 0.921875, "test_spanlevel-ISG_f1_relaxed": 0.9677655677655678, "test_spanlevel-PI_precision_relaxed": 0.9386261261261262, "test_spanlevel-PI_recall_relaxed": 0.9590909090909091, "test_spanlevel-PI_f1_relaxed": 0.9874213836477986, "test_spanlevel-ORG_precision_relaxed": 0.9079520697167758, "test_spanlevel-ORG_recall_relaxed": 0.9642123287671234, "test_spanlevel-ORG_f1_relaxed": 0.9621867977437133, "test_doclevel-micro_precision": 0.9686985172981878, "test_doclevel-micro_recall": 0.9882352941176471, "test_doclevel-micro_f1": 0.978369384359401, "test_doclevel-PG_precision": 0.9926470588235294, "test_doclevel-PG_recall": 0.9712230215827338, "test_doclevel-PG_f1": 0.9818181818181818, "test_doclevel-SG_precision": 0.9497716894977168, "test_doclevel-SG_recall": 0.9674418604651163, "test_doclevel-SG_f1": 0.9585253456221198, "test_doclevel-ISG_precision": 0.883495145631068, "test_doclevel-ISG_recall": 0.9479166666666666, "test_doclevel-ISG_f1": 0.9145728643216081, "test_doclevel-PI_precision": 0.954954954954955, "test_doclevel-PI_recall": 0.9636363636363636, "test_doclevel-PI_f1": 0.9592760180995475, "test_doclevel-ORG_precision": 0.9411764705882353, "test_doclevel-ORG_recall": 0.9863013698630136, "test_doclevel-ORG_f1": 0.963210702341137, "test_wordlevel-macro_precision": 0.9355117122633226, "test_wordlevel-macro_recall": 0.9524624672275035, "test_wordlevel-macro_f1": 0.9435193478405354, "test_wordlevel-O_precision": 0.996096654275093, "test_wordlevel-O_recall": 0.9924686709056114, "test_wordlevel-O_f1": 0.9942793531030644, "test_wordlevel-PG_precision": 0.9806949806949807, "test_wordlevel-PG_recall": 0.9407407407407408, "test_wordlevel-PG_f1": 0.9603024574669187, "test_wordlevel-SG_precision": 0.9085290482076638, "test_wordlevel-SG_recall": 0.9645669291338582, "test_wordlevel-SG_f1": 0.9357097390197326, "test_wordlevel-ISG_precision": 0.8571428571428571, "test_wordlevel-ISG_recall": 0.9202453987730062, "test_wordlevel-ISG_f1": 0.8875739644970413, "test_wordlevel-PI_precision": 0.946078431372549, "test_wordlevel-PI_recall": 0.9338709677419355, "test_wordlevel-PI_f1": 0.9399350649350648, "test_wordlevel-ORG_precision": 0.9245283018867925, "test_wordlevel-ORG_recall": 0.962882096069869, "test_wordlevel-ORG_f1": 0.9433155080213904, "test_runtime": 8.1144, "test_samples_per_second": 107.956, "test_steps_per_second": 1.725, "epoch": 7.0}