{"test_loss": 0.0787791833281517, "test_seqeval-macro_precision": 0.7978815157779088, "test_seqeval-macro_recall": 0.8535162070960898, "test_seqeval-macro_f1": 0.8244306599412032, "test_seqeval-micro_precision": 0.8083961248654468, "test_seqeval-micro_recall": 0.8652073732718893, "test_seqeval-micro_f1": 0.8358375069560378, "test_seqeval-PI_precision": 0.8375634517766497, "test_seqeval-PI_recall": 0.8375634517766497, "test_seqeval-PI_f1": 0.8375634517766497, "test_seqeval-PG_precision": 0.884393063583815, "test_seqeval-PG_recall": 0.95625, "test_seqeval-PG_f1": 0.9189189189189189, "test_seqeval-SG_precision": 0.8127340823970037, "test_seqeval-SG_recall": 0.8714859437751004, "test_seqeval-SG_f1": 0.8410852713178295, "test_seqeval-ORG_precision": 0.7547169811320755, "test_seqeval-ORG_recall": 0.8556149732620321, "test_seqeval-ORG_f1": 0.8020050125313283, "test_seqeval-ISG_precision": 0.7, "test_seqeval-ISG_recall": 0.7466666666666667, "test_seqeval-ISG_f1": 0.7225806451612902, "test_spanlevel-macro_precision_spanwise": 0.8436763461845089, "test_spanlevel-macro_recall_spanwise": 0.836822148835996, "test_spanlevel-macro_f1_spanwise": 0.8365397483753269, "test_spanlevel-macro_precision_seqavg": 0.8397684290871835, "test_spanlevel-macro_recall_seqavg": 0.829323466602674, "test_spanlevel-macro_f1_seqavg": 0.8305944132704873, "test_spanlevel-micro_precision_spanwise": 0.9022932118938684, "test_spanlevel-micro_recall_spanwise": 0.8969940890619228, "test_spanlevel-micro_f1_spanwise": 0.8957017869764041, "test_spanlevel-micro_precision_seqavg": 0.8988478852915472, "test_spanlevel-micro_recall_seqavg": 0.8931314528585655, "test_spanlevel-micro_f1_seqavg": 0.8919982756030291, "test_spanlevel-PI_precision_spanwise": 0.8475513428120063, "test_spanlevel-PI_recall_spanwise": 0.8394944707740916, "test_spanlevel-PI_f1_spanwise": 0.8382378285221888, "test_spanlevel-PI_precision_seqavg": 0.824908706497888, "test_spanlevel-PI_recall_seqavg": 0.8255683318896702, "test_spanlevel-PI_f1_seqavg": 0.8227570637907493, "test_spanlevel-PG_precision_spanwise": 0.9245098039215688, "test_spanlevel-PG_recall_spanwise": 0.9245098039215688, "test_spanlevel-PG_f1_spanwise": 0.9209803921568627, "test_spanlevel-PG_precision_seqavg": 0.892854111038303, "test_spanlevel-PG_recall_seqavg": 0.8811727885978045, "test_spanlevel-PG_f1_seqavg": 0.8799661096331928, "test_spanlevel-SG_precision_spanwise": 0.9039151052509831, "test_spanlevel-SG_recall_spanwise": 0.8946209642774529, "test_spanlevel-SG_f1_spanwise": 0.8958027733791093, "test_spanlevel-SG_precision_seqavg": 0.9216485030687359, "test_spanlevel-SG_recall_seqavg": 0.9037812647576313, "test_spanlevel-SG_f1_seqavg": 0.9095121262357283, "test_spanlevel-ORG_precision_spanwise": 0.8365231259968101, "test_spanlevel-ORG_recall_spanwise": 0.823524720893142, "test_spanlevel-ORG_f1_spanwise": 0.8261091203674936, "test_spanlevel-ORG_precision_seqavg": 0.8429335901723677, "test_spanlevel-ORG_recall_seqavg": 0.835081537923814, "test_spanlevel-ORG_f1_seqavg": 0.8361638190450772, "test_spanlevel-ISG_precision_spanwise": 0.7058823529411765, "test_spanlevel-ISG_recall_spanwise": 0.7019607843137255, "test_spanlevel-ISG_f1_spanwise": 0.7015686274509803, "test_spanlevel-ISG_precision_seqavg": 0.7164972346586225, "test_spanlevel-ISG_recall_seqavg": 0.7010134098444499, "test_spanlevel-ISG_f1_seqavg": 0.7045729476476887, "test_spanlevel-macro_precision_relaxed": 0.9015041035353535, "test_spanlevel-macro_recall_relaxed": 0.9305786620111437, "test_spanlevel-macro_f1_relaxed": 0.9460658087252808, "test_spanlevel-micro_precision_relaxed": 0.9006481782106783, "test_spanlevel-micro_recall_relaxed": 0.9303404219462613, "test_spanlevel-micro_f1_relaxed": 0.9454883437406868, "test_spanlevel-PI_precision_relaxed": 0.9037878787878788, "test_spanlevel-PI_recall_relaxed": 0.903395061728395, "test_spanlevel-PI_f1_relaxed": 0.9620624240169731, "test_spanlevel-PG_precision_relaxed": 0.9327309236947791, "test_spanlevel-PG_recall_relaxed": 0.9894514767932489, "test_spanlevel-PG_f1_relaxed": 0.979324894514768, "test_spanlevel-SG_precision_relaxed": 0.9256337648327939, "test_spanlevel-SG_recall_relaxed": 0.9512754329004329, "test_spanlevel-SG_f1_relaxed": 0.9626452728493545, "test_spanlevel-ORG_precision_relaxed": 0.8586341118188251, "test_spanlevel-ORG_recall_relaxed": 0.9192222222222222, "test_spanlevel-ORG_f1_relaxed": 0.9490365141584477, "test_spanlevel-ISG_precision_relaxed": 0.8169014084507042, "test_spanlevel-ISG_recall_relaxed": 0.8148148148148149, "test_spanlevel-ISG_f1_relaxed": 0.9633333333333333, "test_doclevel-micro_precision": 0.9642857142857143, "test_doclevel-micro_recall": 0.9854014598540146, "test_doclevel-micro_f1": 0.9747292418772563, "test_doclevel-PI_precision": 0.9212121212121213, "test_doclevel-PI_recall": 0.9382716049382716, "test_doclevel-PI_f1": 0.9296636085626911, "test_doclevel-PG_precision": 0.9518072289156626, "test_doclevel-PG_recall": 1.0, "test_doclevel-PG_f1": 0.9753086419753086, "test_doclevel-SG_precision": 0.9514563106796117, "test_doclevel-SG_recall": 0.98, "test_doclevel-SG_f1": 0.9655172413793104, "test_doclevel-ORG_precision": 0.9171974522292994, "test_doclevel-ORG_recall": 0.96, "test_doclevel-ORG_f1": 0.9381107491856677, "test_doclevel-ISG_precision": 0.8591549295774648, "test_doclevel-ISG_recall": 0.8472222222222222, "test_doclevel-ISG_f1": 0.8531468531468532, "test_wordlevel-macro_precision": 0.9152477821586974, "test_wordlevel-macro_recall": 0.91707876793552, "test_wordlevel-macro_f1": 0.9155866968722165, "test_wordlevel-O_precision": 0.9912764324097983, "test_wordlevel-O_recall": 0.9903779110305396, "test_wordlevel-O_f1": 0.9908269680164626, "test_wordlevel-PI_precision": 0.930672268907563, "test_wordlevel-PI_recall": 0.9004065040650406, "test_wordlevel-PI_f1": 0.9152892561983471, "test_wordlevel-PG_precision": 0.9130434782608695, "test_wordlevel-PG_recall": 0.980544747081712, "test_wordlevel-PG_f1": 0.9455909943714821, "test_wordlevel-SG_precision": 0.9409038238702202, "test_wordlevel-SG_recall": 0.9354838709677419, "test_wordlevel-SG_f1": 0.9381860196418255, "test_wordlevel-ORG_precision": 0.8808080808080808, "test_wordlevel-ORG_recall": 0.9276595744680851, "test_wordlevel-ORG_f1": 0.9036269430051813, "test_wordlevel-ISG_precision": 0.8347826086956521, "test_wordlevel-ISG_recall": 0.768, "test_wordlevel-ISG_f1": 0.8, "test_runtime": 4.3844, "test_samples_per_second": 184.518, "test_steps_per_second": 2.965, "epoch": 6.0, "run_id": "rep03-fold05"}
