{"test_loss": 0.12695154547691345, "test_seqeval-macro_precision": 0.7608793692370386, "test_seqeval-macro_recall": 0.7845140479272843, "test_seqeval-macro_f1": 0.7711016333419631, "test_seqeval-micro_precision": 0.7607076350093109, "test_seqeval-micro_recall": 0.7893719806763285, "test_seqeval-micro_f1": 0.7747747747747747, "test_seqeval-PI_precision": 0.7366071428571429, "test_seqeval-PI_recall": 0.7894736842105263, "test_seqeval-PI_f1": 0.7621247113163973, "test_seqeval-PG_precision": 0.8476190476190476, "test_seqeval-PG_recall": 0.9175257731958762, "test_seqeval-PG_f1": 0.8811881188118811, "test_seqeval-SG_precision": 0.7885985748218527, "test_seqeval-SG_recall": 0.8137254901960784, "test_seqeval-SG_f1": 0.8009650180940892, "test_seqeval-ORG_precision": 0.7077625570776256, "test_seqeval-ORG_recall": 0.7788944723618091, "test_seqeval-ORG_f1": 0.7416267942583732, "test_seqeval-ISG_precision": 0.7238095238095238, "test_seqeval-ISG_recall": 0.6229508196721312, "test_seqeval-ISG_f1": 0.669603524229075, "test_spanlevel-macro_precision_spanwise": 0.7666916210378224, "test_spanlevel-macro_recall_spanwise": 0.7612683663561588, "test_spanlevel-macro_f1_spanwise": 0.7584203628897364, "test_spanlevel-macro_precision_seqavg": 0.7667464932572583, "test_spanlevel-macro_recall_seqavg": 0.7603023884527844, "test_spanlevel-macro_f1_seqavg": 0.7592695818388044, "test_spanlevel-micro_precision_spanwise": 0.8545679725102274, "test_spanlevel-micro_recall_spanwise": 0.8540929459582072, "test_spanlevel-micro_f1_spanwise": 0.84621473760118, "test_spanlevel-micro_precision_seqavg": 0.8568892344438367, "test_spanlevel-micro_recall_seqavg": 0.8564760036288898, "test_spanlevel-micro_f1_seqavg": 0.8480426150981668, "test_spanlevel-PI_precision_spanwise": 0.7782750868587779, "test_spanlevel-PI_recall_spanwise": 0.7756284488044145, "test_spanlevel-PI_f1_spanwise": 0.7697595204032973, "test_spanlevel-PI_precision_seqavg": 0.7850220178676158, "test_spanlevel-PI_recall_seqavg": 0.7805778506121592, "test_spanlevel-PI_f1_seqavg": 0.7772643607959437, "test_spanlevel-PG_precision_spanwise": 0.8549382716049382, "test_spanlevel-PG_recall_spanwise": 0.8580246913580247, "test_spanlevel-PG_f1_spanwise": 0.8555555555555555, "test_spanlevel-PG_precision_seqavg": 0.8630992260190967, "test_spanlevel-PG_recall_seqavg": 0.863015085264108, "test_spanlevel-PG_f1_seqavg": 0.8628452765221846, "test_spanlevel-SG_precision_spanwise": 0.8430342159747194, "test_spanlevel-SG_recall_spanwise": 0.8544976571864443, "test_spanlevel-SG_f1_spanwise": 0.8399755566900227, "test_spanlevel-SG_precision_seqavg": 0.849292601075973, "test_spanlevel-SG_recall_seqavg": 0.8596201383842073, "test_spanlevel-SG_f1_seqavg": 0.8483073555626497, "test_spanlevel-ORG_precision_spanwise": 0.7294733044733045, "test_spanlevel-ORG_recall_spanwise": 0.7184343434343433, "test_spanlevel-ORG_f1_spanwise": 0.7197552207292467, "test_spanlevel-ORG_precision_seqavg": 0.7257858646681131, "test_spanlevel-ORG_recall_seqavg": 0.7115315652935627, "test_spanlevel-ORG_f1_seqavg": 0.7149382176857095, "test_spanlevel-ISG_precision_spanwise": 0.6277372262773723, "test_spanlevel-ISG_recall_spanwise": 0.5997566909975668, "test_spanlevel-ISG_f1_spanwise": 0.6070559610705596, "test_spanlevel-ISG_precision_seqavg": 0.6105327566554931, "test_spanlevel-ISG_recall_seqavg": 0.5867673027098853, "test_spanlevel-ISG_f1_seqavg": 0.5929926986275348, "test_spanlevel-macro_precision_relaxed": 0.8715993285482754, "test_spanlevel-macro_recall_relaxed": 0.8732038761450529, "test_spanlevel-macro_f1_relaxed": 0.9029548938474854, "test_spanlevel-micro_precision_relaxed": 0.871160376630393, "test_spanlevel-micro_recall_relaxed": 0.8737558987558991, "test_spanlevel-micro_f1_relaxed": 0.9029494728852724, "test_spanlevel-PI_precision_relaxed": 0.8425079365079365, "test_spanlevel-PI_recall_relaxed": 0.8838631984585742, "test_spanlevel-PI_f1_relaxed": 0.9303779030194126, "test_spanlevel-PG_precision_relaxed": 0.8973063973063973, "test_spanlevel-PG_recall_relaxed": 0.953900709219858, "test_spanlevel-PG_f1_relaxed": 0.9896296296296296, "test_spanlevel-SG_precision_relaxed": 0.892754950363646, "test_spanlevel-SG_recall_relaxed": 0.9078854314002829, "test_spanlevel-SG_f1_relaxed": 0.9379150175138038, "test_spanlevel-ORG_precision_relaxed": 0.820224171539961, "test_spanlevel-ORG_recall_relaxed": 0.853174603174603, "test_spanlevel-ORG_f1_relaxed": 0.9356295456966598, "test_spanlevel-ISG_precision_relaxed": 0.8634020618556701, "test_spanlevel-ISG_recall_relaxed": 0.6867816091954022, "test_spanlevel-ISG_f1_relaxed": 0.9473389355742297, "test_doclevel-micro_precision": 0.9805510534846029, "test_doclevel-micro_recall": 0.9618441971383148, "test_doclevel-micro_f1": 0.971107544141252, "test_doclevel-PI_precision": 0.9085714285714286, "test_doclevel-PI_recall": 0.9190751445086706, "test_doclevel-PI_f1": 0.9137931034482759, "test_doclevel-PG_precision": 0.9090909090909091, "test_doclevel-PG_recall": 0.9574468085106383, "test_doclevel-PG_f1": 0.9326424870466321, "test_doclevel-SG_precision": 0.9531772575250836, "test_doclevel-SG_recall": 0.9405940594059405, "test_doclevel-SG_f1": 0.946843853820598, "test_doclevel-ORG_precision": 0.8771929824561403, "test_doclevel-ORG_recall": 0.8928571428571429, "test_doclevel-ORG_f1": 0.8849557522123894, "test_doclevel-ISG_precision": 0.8762886597938144, "test_doclevel-ISG_recall": 0.7327586206896551, "test_doclevel-ISG_f1": 0.7981220657276994, "test_wordlevel-macro_precision": 0.8872738919393074, "test_wordlevel-macro_recall": 0.8626252045415456, "test_wordlevel-macro_f1": 0.8713928108032095, "test_wordlevel-O_precision": 0.9807645923781958, "test_wordlevel-O_recall": 0.9861759534347905, "test_wordlevel-O_f1": 0.9834628291562113, "test_wordlevel-PI_precision": 0.8760504201680672, "test_wordlevel-PI_recall": 0.8760504201680672, "test_wordlevel-PI_f1": 0.8760504201680672, "test_wordlevel-PG_precision": 0.8870967741935484, "test_wordlevel-PG_recall": 0.9649122807017544, "test_wordlevel-PG_f1": 0.9243697478991597, "test_wordlevel-SG_precision": 0.900709219858156, "test_wordlevel-SG_recall": 0.8429203539823009, "test_wordlevel-SG_f1": 0.8708571428571429, "test_wordlevel-ORG_precision": 0.8013245033112583, "test_wordlevel-ORG_recall": 0.8601895734597157, "test_wordlevel-ORG_f1": 0.8297142857142857, "test_wordlevel-ISG_precision": 0.8776978417266187, "test_wordlevel-ISG_recall": 0.6455026455026455, "test_wordlevel-ISG_f1": 0.7439024390243902, "test_runtime": 5.1184, "test_samples_per_second": 171.732, "test_steps_per_second": 2.735, "epoch": 5.0, "run_id": "rep05-fold03"}
