{"test_loss": 0.09547249972820282, "test_seqeval-macro_precision": 0.7766077546427985, "test_seqeval-macro_recall": 0.8288912180406092, "test_seqeval-macro_f1": 0.8010225173804267, "test_seqeval-micro_precision": 0.7792887029288703, "test_seqeval-micro_recall": 0.8342665173572228, "test_seqeval-micro_f1": 0.805840995132504, "test_seqeval-PG_precision": 0.8921568627450981, "test_seqeval-PG_recall": 0.8921568627450981, "test_seqeval-PG_f1": 0.8921568627450981, "test_seqeval-SG_precision": 0.8333333333333334, "test_seqeval-SG_recall": 0.8519553072625698, "test_seqeval-SG_f1": 0.8425414364640883, "test_seqeval-ISG_precision": 0.7352941176470589, "test_seqeval-ISG_recall": 0.7653061224489796, "test_seqeval-ISG_f1": 0.75, "test_seqeval-PI_precision": 0.6616161616161617, "test_seqeval-PI_recall": 0.7987804878048781, "test_seqeval-PI_f1": 0.7237569060773481, "test_seqeval-ORG_precision": 0.7606382978723404, "test_seqeval-ORG_recall": 0.8362573099415205, "test_seqeval-ORG_f1": 0.7966573816155988, "test_spanlevel-macro_precision_spanwise": 0.8070140829035053, "test_spanlevel-macro_recall_spanwise": 0.8045830251844854, "test_spanlevel-macro_f1_spanwise": 0.8000302591432724, "test_spanlevel-macro_precision_seqavg": 0.8434414814161455, "test_spanlevel-macro_recall_seqavg": 0.8465647946040683, "test_spanlevel-macro_f1_seqavg": 0.8408748309266258, "test_spanlevel-micro_precision_spanwise": 0.8836257811178613, "test_spanlevel-micro_recall_spanwise": 0.8801814341941058, "test_spanlevel-micro_f1_spanwise": 0.8748837074533784, "test_spanlevel-micro_precision_seqavg": 0.8855370422565749, "test_spanlevel-micro_recall_seqavg": 0.8794737862767913, "test_spanlevel-micro_f1_seqavg": 0.8738380758359707, "test_spanlevel-PG_precision_spanwise": 0.9546925566343042, "test_spanlevel-PG_recall_spanwise": 0.9550161812297735, "test_spanlevel-PG_f1_spanwise": 0.949514563106796, "test_spanlevel-PG_precision_seqavg": 0.9759752097760692, "test_spanlevel-PG_recall_seqavg": 0.9718187782773526, "test_spanlevel-PG_f1_seqavg": 0.970795194840837, "test_spanlevel-SG_precision_spanwise": 0.8909353501108821, "test_spanlevel-SG_recall_spanwise": 0.8780323570319478, "test_spanlevel-SG_f1_spanwise": 0.8761868694142052, "test_spanlevel-SG_precision_seqavg": 0.9199491189963086, "test_spanlevel-SG_recall_seqavg": 0.9122254989515085, "test_spanlevel-SG_f1_seqavg": 0.9107035319154458, "test_spanlevel-ISG_precision_spanwise": 0.6965811965811965, "test_spanlevel-ISG_recall_spanwise": 0.688034188034188, "test_spanlevel-ISG_f1_spanwise": 0.6863247863247863, "test_spanlevel-ISG_precision_seqavg": 0.73615447039288, "test_spanlevel-ISG_recall_seqavg": 0.7382443992712071, "test_spanlevel-ISG_f1_seqavg": 0.7344051518229969, "test_spanlevel-PI_precision_spanwise": 0.7057014472455648, "test_spanlevel-PI_recall_spanwise": 0.7238562091503268, "test_spanlevel-PI_f1_spanwise": 0.7090272472625415, "test_spanlevel-PI_precision_seqavg": 0.7716145843112366, "test_spanlevel-PI_recall_seqavg": 0.7969644502419748, "test_spanlevel-PI_f1_seqavg": 0.7782561437920021, "test_spanlevel-ORG_precision_spanwise": 0.7871598639455782, "test_spanlevel-ORG_recall_spanwise": 0.7779761904761906, "test_spanlevel-ORG_f1_spanwise": 0.7790978296080336, "test_spanlevel-ORG_precision_seqavg": 0.8135140236042335, "test_spanlevel-ORG_recall_seqavg": 0.8135708462782988, "test_spanlevel-ORG_f1_seqavg": 0.8102141322618468, "test_spanlevel-macro_precision_relaxed": 0.8734121905303648, "test_spanlevel-macro_recall_relaxed": 0.9069853290060544, "test_spanlevel-macro_f1_relaxed": 0.9238851379131955, "test_spanlevel-micro_precision_relaxed": 0.8733019800639257, "test_spanlevel-micro_recall_relaxed": 0.9068318076090098, "test_spanlevel-micro_f1_relaxed": 0.9238013951550873, "test_spanlevel-PG_precision_relaxed": 0.9731182795698925, "test_spanlevel-PG_recall_relaxed": 0.9613475177304965, "test_spanlevel-PG_f1_relaxed": 0.9772727272727273, "test_spanlevel-SG_precision_relaxed": 0.9349672011661807, "test_spanlevel-SG_recall_relaxed": 0.9182352794597692, "test_spanlevel-SG_f1_relaxed": 0.9536161331126666, "test_spanlevel-ISG_precision_relaxed": 0.8, "test_spanlevel-ISG_recall_relaxed": 0.8368421052631579, "test_spanlevel-ISG_f1_relaxed": 0.9630081300813008, "test_spanlevel-PI_precision_relaxed": 0.7266237191078964, "test_spanlevel-PI_recall_relaxed": 0.9248717948717948, "test_spanlevel-PI_f1_relaxed": 0.9331004184854342, "test_spanlevel-ORG_precision_relaxed": 0.8490555555555555, "test_spanlevel-ORG_recall_relaxed": 0.894675925925926, "test_spanlevel-ORG_f1_relaxed": 0.9533457704411404, "test_doclevel-micro_precision": 0.9658703071672355, "test_doclevel-micro_recall": 0.9775474956822107, "test_doclevel-micro_f1": 0.9716738197424892, "test_doclevel-PG_precision": 0.989247311827957, "test_doclevel-PG_recall": 0.9787234042553191, "test_doclevel-PG_f1": 0.983957219251337, "test_doclevel-SG_precision": 0.9591836734693877, "test_doclevel-SG_recall": 0.9591836734693877, "test_doclevel-SG_f1": 0.9591836734693877, "test_doclevel-ISG_precision": 0.82, "test_doclevel-ISG_recall": 0.8631578947368421, "test_doclevel-ISG_f1": 0.8410256410256411, "test_doclevel-PI_precision": 0.7848101265822784, "test_doclevel-PI_recall": 0.9538461538461539, "test_doclevel-PI_f1": 0.8611111111111112, "test_doclevel-ORG_precision": 0.8866666666666667, "test_doclevel-ORG_recall": 0.9236111111111112, "test_doclevel-ORG_f1": 0.9047619047619048, "test_wordlevel-macro_precision": 0.8819551649067844, "test_wordlevel-macro_recall": 0.8973744690808018, "test_wordlevel-macro_f1": 0.8888326298442012, "test_wordlevel-O_precision": 0.988481021441954, "test_wordlevel-O_recall": 0.9874532094828782, "test_wordlevel-O_f1": 0.9879668481464784, "test_wordlevel-PG_precision": 0.9644970414201184, "test_wordlevel-PG_recall": 0.9367816091954023, "test_wordlevel-PG_f1": 0.9504373177842567, "test_wordlevel-SG_precision": 0.9319852941176471, "test_wordlevel-SG_recall": 0.8902546093064091, "test_wordlevel-SG_f1": 0.9106421194431971, "test_wordlevel-ISG_precision": 0.7928571428571428, "test_wordlevel-ISG_recall": 0.8043478260869565, "test_wordlevel-ISG_f1": 0.7985611510791367, "test_wordlevel-PI_precision": 0.7662650602409639, "test_wordlevel-PI_recall": 0.8784530386740331, "test_wordlevel-PI_f1": 0.8185328185328185, "test_wordlevel-ORG_precision": 0.8476454293628809, "test_wordlevel-ORG_recall": 0.8869565217391304, "test_wordlevel-ORG_f1": 0.86685552407932, "test_runtime": 7.7061, "test_samples_per_second": 105.112, "test_steps_per_second": 1.687, "epoch": 5.0}