{"test_loss": 0.12870529294013977, "test_seqeval-macro_precision": 0.695389306689522, "test_seqeval-macro_recall": 0.7268935500409848, "test_seqeval-macro_f1": 0.7096930057733223, "test_seqeval-micro_precision": 0.6918918918918919, "test_seqeval-micro_recall": 0.7373271889400922, "test_seqeval-micro_f1": 0.7138873396542109, "test_seqeval-PG_precision": 0.813953488372093, "test_seqeval-PG_recall": 0.875, "test_seqeval-PG_f1": 0.8433734939759036, "test_seqeval-SG_precision": 0.6828358208955224, "test_seqeval-SG_recall": 0.7349397590361446, "test_seqeval-SG_f1": 0.7079303675048357, "test_seqeval-ISG_precision": 0.6764705882352942, "test_seqeval-ISG_recall": 0.6133333333333333, "test_seqeval-ISG_f1": 0.6433566433566433, "test_seqeval-PI_precision": 0.7, "test_seqeval-PI_recall": 0.7106598984771574, "test_seqeval-PI_f1": 0.7052896725440806, "test_seqeval-ORG_precision": 0.6036866359447005, "test_seqeval-ORG_recall": 0.7005347593582888, "test_seqeval-ORG_f1": 0.6485148514851485, "test_spanlevel-macro_precision_spanwise": 0.7461476627792896, "test_spanlevel-macro_recall_spanwise": 0.7376349611105488, "test_spanlevel-macro_f1_spanwise": 0.7334686181160226, "test_spanlevel-macro_precision_seqavg": 0.726807820084228, "test_spanlevel-macro_recall_seqavg": 0.7227606108486844, "test_spanlevel-macro_f1_seqavg": 0.7176311774014126, "test_spanlevel-micro_precision_spanwise": 0.8333277863052542, "test_spanlevel-micro_recall_spanwise": 0.827404242157461, "test_spanlevel-micro_f1_spanwise": 0.8213218113926832, "test_spanlevel-micro_precision_seqavg": 0.8345916927866228, "test_spanlevel-micro_recall_seqavg": 0.829573794018724, "test_spanlevel-micro_f1_seqavg": 0.8230845496108193, "test_spanlevel-PG_precision_spanwise": 0.8771929824561403, "test_spanlevel-PG_recall_spanwise": 0.8854775828460039, "test_spanlevel-PG_f1_spanwise": 0.8775271512113617, "test_spanlevel-PG_precision_seqavg": 0.8301442889492395, "test_spanlevel-PG_recall_seqavg": 0.8432472374240962, "test_spanlevel-PG_f1_seqavg": 0.833903067159881, "test_spanlevel-SG_precision_spanwise": 0.7639792295486245, "test_spanlevel-SG_recall_spanwise": 0.7695058993991377, "test_spanlevel-SG_f1_spanwise": 0.7541623466749895, "test_spanlevel-SG_precision_seqavg": 0.7549475130052957, "test_spanlevel-SG_recall_seqavg": 0.7476945231744061, "test_spanlevel-SG_f1_seqavg": 0.7389743059325942, "test_spanlevel-ISG_precision_spanwise": 0.5775193798449613, "test_spanlevel-ISG_recall_spanwise": 0.5872093023255814, "test_spanlevel-ISG_f1_spanwise": 0.5755813953488372, "test_spanlevel-ISG_precision_seqavg": 0.5617359731400093, "test_spanlevel-ISG_recall_seqavg": 0.579071997136254, "test_spanlevel-ISG_f1_seqavg": 0.5667935807531966, "test_spanlevel-PI_precision_spanwise": 0.7677177177177177, "test_spanlevel-PI_recall_spanwise": 0.7431681681681682, "test_spanlevel-PI_f1_spanwise": 0.7473613223613225, "test_spanlevel-PI_precision_seqavg": 0.7085759165451443, "test_spanlevel-PI_recall_seqavg": 0.7011673033452358, "test_spanlevel-PI_f1_seqavg": 0.6993122171016388, "test_spanlevel-ORG_precision_spanwise": 0.7443290043290043, "test_spanlevel-ORG_recall_spanwise": 0.7028138528138528, "test_spanlevel-ORG_f1_spanwise": 0.7127108749836023, "test_spanlevel-ORG_precision_seqavg": 0.7786354087814509, "test_spanlevel-ORG_recall_seqavg": 0.7426219931634294, "test_spanlevel-ORG_f1_seqavg": 0.7491727160597522, "test_spanlevel-macro_precision_relaxed": 0.848414793514612, "test_spanlevel-macro_recall_relaxed": 0.8622032367470326, "test_spanlevel-macro_f1_relaxed": 0.8964372848681722, "test_spanlevel-micro_precision_relaxed": 0.8498843438271751, "test_spanlevel-micro_recall_relaxed": 0.8625453900317039, "test_spanlevel-micro_f1_relaxed": 0.8981140923211466, "test_spanlevel-PG_precision_relaxed": 0.9141104294478528, "test_spanlevel-PG_recall_relaxed": 0.9593881856540085, "test_spanlevel-PG_f1_relaxed": 0.9764083411142233, "test_spanlevel-SG_precision_relaxed": 0.8306881225570546, "test_spanlevel-SG_recall_relaxed": 0.8750820707070708, "test_spanlevel-SG_f1_relaxed": 0.9191992004033501, "test_spanlevel-ISG_precision_relaxed": 0.7786885245901639, "test_spanlevel-ISG_recall_relaxed": 0.6956018518518517, "test_spanlevel-ISG_f1_relaxed": 0.9147435897435897, "test_spanlevel-PI_precision_relaxed": 0.8493224932249323, "test_spanlevel-PI_recall_relaxed": 0.834207818930041, "test_spanlevel-PI_f1_relaxed": 0.9404001670922963, "test_spanlevel-ORG_precision_relaxed": 0.7941056910569106, "test_spanlevel-ORG_recall_relaxed": 0.8318333333333334, "test_spanlevel-ORG_f1_relaxed": 0.9074444244707653, "test_doclevel-micro_precision": 0.956442831215971, "test_doclevel-micro_recall": 0.9616788321167883, "test_doclevel-micro_f1": 0.9590536851683349, "test_doclevel-PG_precision": 0.9447852760736196, "test_doclevel-PG_recall": 0.9746835443037974, "test_doclevel-PG_f1": 0.9595015576323987, "test_doclevel-SG_precision": 0.8980582524271845, "test_doclevel-SG_recall": 0.925, "test_doclevel-SG_f1": 0.9113300492610837, "test_doclevel-ISG_precision": 0.8524590163934426, "test_doclevel-ISG_recall": 0.7222222222222222, "test_doclevel-ISG_f1": 0.7819548872180451, "test_doclevel-PI_precision": 0.8780487804878049, "test_doclevel-PI_recall": 0.8888888888888888, "test_doclevel-PI_f1": 0.8834355828220859, "test_doclevel-ORG_precision": 0.8414634146341463, "test_doclevel-ORG_recall": 0.92, "test_doclevel-ORG_f1": 0.8789808917197452, "test_wordlevel-macro_precision": 0.8673496550599191, "test_wordlevel-macro_recall": 0.851139409369341, "test_wordlevel-macro_f1": 0.858463567029072, "test_wordlevel-O_precision": 0.981704347826087, "test_wordlevel-O_recall": 0.9839631850508994, "test_wordlevel-O_f1": 0.9828324685726224, "test_wordlevel-PG_precision": 0.8892988929889298, "test_wordlevel-PG_recall": 0.9377431906614786, "test_wordlevel-PG_f1": 0.9128787878787878, "test_wordlevel-SG_precision": 0.8652729384436701, "test_wordlevel-SG_recall": 0.8582949308755761, "test_wordlevel-SG_f1": 0.8617698091382302, "test_wordlevel-ISG_precision": 0.7614678899082569, "test_wordlevel-ISG_recall": 0.664, "test_wordlevel-ISG_f1": 0.7094017094017094, "test_wordlevel-PI_precision": 0.8881720430107527, "test_wordlevel-PI_recall": 0.8394308943089431, "test_wordlevel-PI_f1": 0.8631138975966562, "test_wordlevel-ORG_precision": 0.8181818181818182, "test_wordlevel-ORG_recall": 0.823404255319149, "test_wordlevel-ORG_f1": 0.8207847295864263, "test_runtime": 7.5531, "test_samples_per_second": 107.108, "test_steps_per_second": 1.721, "epoch": 4.0}