{"test_loss": 0.10319389402866364, "test_seqeval-macro_precision": 0.7279617925758013, "test_seqeval-macro_recall": 0.8133672834280408, "test_seqeval-macro_f1": 0.7672467747877008, "test_seqeval-micro_precision": 0.7304785894206549, "test_seqeval-micro_recall": 0.8161350844277674, "test_seqeval-micro_f1": 0.7709348692955251, "test_seqeval-PI_precision": 0.7433628318584071, "test_seqeval-PI_recall": 0.84, "test_seqeval-PI_f1": 0.7887323943661971, "test_seqeval-PG_precision": 0.8630952380952381, "test_seqeval-PG_recall": 0.9006211180124224, "test_seqeval-PG_f1": 0.8814589665653496, "test_seqeval-SG_precision": 0.772972972972973, "test_seqeval-SG_recall": 0.8011204481792717, "test_seqeval-SG_f1": 0.7867950481430538, "test_seqeval-ORG_precision": 0.6433566433566433, "test_seqeval-ORG_recall": 0.8177777777777778, "test_seqeval-ORG_f1": 0.7201565557729941, "test_seqeval-ISG_precision": 0.6170212765957447, "test_seqeval-ISG_recall": 0.7073170731707317, "test_seqeval-ISG_f1": 0.6590909090909092, "test_spanlevel-macro_precision_spanwise": 0.7779492445353543, "test_spanlevel-macro_recall_spanwise": 0.7838789399943517, "test_spanlevel-macro_f1_spanwise": 0.7756533669288339, "test_spanlevel-macro_precision_seqavg": 0.7924215427179723, "test_spanlevel-macro_recall_seqavg": 0.7996486349389583, "test_spanlevel-macro_f1_seqavg": 0.790858791380759, "test_spanlevel-micro_precision_spanwise": 0.8535764599392136, "test_spanlevel-micro_recall_spanwise": 0.864348389326669, "test_spanlevel-micro_f1_spanwise": 0.851951662376246, "test_spanlevel-micro_precision_seqavg": 0.843998444672925, "test_spanlevel-micro_recall_seqavg": 0.8524391982286719, "test_spanlevel-micro_f1_seqavg": 0.8408812069845087, "test_spanlevel-PI_precision_spanwise": 0.7819757727652463, "test_spanlevel-PI_recall_spanwise": 0.7803675856307435, "test_spanlevel-PI_f1_spanwise": 0.7773113338902813, "test_spanlevel-PI_precision_seqavg": 0.8046282111288892, "test_spanlevel-PI_recall_seqavg": 0.808864065674325, "test_spanlevel-PI_f1_seqavg": 0.8045920477281866, "test_spanlevel-PG_precision_spanwise": 0.9052579365079364, "test_spanlevel-PG_recall_spanwise": 0.9241071428571429, "test_spanlevel-PG_f1_spanwise": 0.9112103174603176, "test_spanlevel-PG_precision_seqavg": 0.920039096361749, "test_spanlevel-PG_recall_seqavg": 0.9304613353864843, "test_spanlevel-PG_f1_seqavg": 0.9219876565760633, "test_spanlevel-SG_precision_spanwise": 0.8363121889915853, "test_spanlevel-SG_recall_spanwise": 0.8342047443954699, "test_spanlevel-SG_f1_spanwise": 0.8256688622099503, "test_spanlevel-SG_precision_seqavg": 0.8180408850020896, "test_spanlevel-SG_recall_seqavg": 0.8176797467164253, "test_spanlevel-SG_f1_seqavg": 0.8086550694869287, "test_spanlevel-ORG_precision_spanwise": 0.7662003244120031, "test_spanlevel-ORG_recall_spanwise": 0.7755068937550689, "test_spanlevel-ORG_f1_spanwise": 0.7674096544169539, "test_spanlevel-ORG_precision_seqavg": 0.7939547964494926, "test_spanlevel-ORG_recall_seqavg": 0.7947764522998867, "test_spanlevel-ORG_f1_seqavg": 0.7914580982195287, "test_spanlevel-ISG_precision_spanwise": 0.6, "test_spanlevel-ISG_recall_spanwise": 0.6052083333333333, "test_spanlevel-ISG_f1_spanwise": 0.5966666666666667, "test_spanlevel-ISG_precision_seqavg": 0.6254447246476413, "test_spanlevel-ISG_recall_seqavg": 0.6464615746176701, "test_spanlevel-ISG_f1_seqavg": 0.6276010848930873, "test_spanlevel-macro_precision_relaxed": 0.8327412064007608, "test_spanlevel-macro_recall_relaxed": 0.9119020133305848, "test_spanlevel-macro_f1_relaxed": 0.9129396212444483, "test_spanlevel-micro_precision_relaxed": 0.8318389155253103, "test_spanlevel-micro_recall_relaxed": 0.9123813532146865, "test_spanlevel-micro_f1_relaxed": 0.9124753725707456, "test_spanlevel-PI_precision_relaxed": 0.8142531876138434, "test_spanlevel-PI_recall_relaxed": 0.9147590361445783, "test_spanlevel-PI_f1_relaxed": 0.9478763981948697, "test_spanlevel-PG_precision_relaxed": 0.9320594479830149, "test_spanlevel-PG_recall_relaxed": 0.9709677419354839, "test_spanlevel-PG_f1_relaxed": 0.9774203721223588, "test_spanlevel-SG_precision_relaxed": 0.8969498325646048, "test_spanlevel-SG_recall_relaxed": 0.8921619890721015, "test_spanlevel-SG_f1_relaxed": 0.9386162835663496, "test_spanlevel-ORG_precision_relaxed": 0.7509601449275363, "test_spanlevel-ORG_recall_relaxed": 0.9587048832271762, "test_spanlevel-ORG_f1_relaxed": 0.9280103564499675, "test_spanlevel-ISG_precision_relaxed": 0.6985094850948509, "test_spanlevel-ISG_recall_relaxed": 0.7977272727272727, "test_spanlevel-ISG_f1_relaxed": 0.9543915343915345, "test_doclevel-micro_precision": 0.946319018404908, "test_doclevel-micro_recall": 0.9793650793650793, "test_doclevel-micro_f1": 0.9625585023400935, "test_doclevel-PI_precision": 0.8579234972677595, "test_doclevel-PI_recall": 0.9457831325301205, "test_doclevel-PI_f1": 0.8997134670487105, "test_doclevel-PG_precision": 0.9617834394904459, "test_doclevel-PG_recall": 0.9741935483870968, "test_doclevel-PG_f1": 0.9679487179487181, "test_doclevel-SG_precision": 0.9398496240601504, "test_doclevel-SG_recall": 0.9363295880149812, "test_doclevel-SG_f1": 0.9380863039399624, "test_doclevel-ORG_precision": 0.8315217391304348, "test_doclevel-ORG_recall": 0.9745222929936306, "test_doclevel-ORG_f1": 0.8973607038123168, "test_doclevel-ISG_precision": 0.7398373983739838, "test_doclevel-ISG_recall": 0.8272727272727273, "test_doclevel-ISG_f1": 0.7811158798283262, "test_wordlevel-macro_precision": 0.857117300263512, "test_wordlevel-macro_recall": 0.9106116156709853, "test_wordlevel-macro_f1": 0.8818163538326002, "test_wordlevel-O_precision": 0.9897438973190188, "test_wordlevel-O_recall": 0.9815607899119676, "test_wordlevel-O_f1": 0.9856353591160222, "test_wordlevel-PI_precision": 0.8731501057082452, "test_wordlevel-PI_recall": 0.9116997792494481, "test_wordlevel-PI_f1": 0.8920086393088554, "test_wordlevel-PG_precision": 0.9201277955271565, "test_wordlevel-PG_recall": 0.9795918367346939, "test_wordlevel-PG_f1": 0.9489291598023064, "test_wordlevel-SG_precision": 0.887709991158267, "test_wordlevel-SG_recall": 0.867761452031115, "test_wordlevel-SG_f1": 0.8776223776223775, "test_wordlevel-ORG_precision": 0.788034188034188, "test_wordlevel-ORG_recall": 0.9644351464435147, "test_wordlevel-ORG_f1": 0.8673565380997178, "test_wordlevel-ISG_precision": 0.6839378238341969, "test_wordlevel-ISG_recall": 0.7586206896551724, "test_wordlevel-ISG_f1": 0.7193460490463215, "test_runtime": 5.3122, "test_samples_per_second": 168.669, "test_steps_per_second": 2.635, "epoch": 5.0, "run_id": "rep04-fold03"}
