{"test_loss": 0.08387839794158936, "test_seqeval-macro_precision": 0.8009410940692053, "test_seqeval-macro_recall": 0.8287719844388798, "test_seqeval-macro_f1": 0.8138877183693556, "test_seqeval-micro_precision": 0.8012589928057554, "test_seqeval-micro_recall": 0.8358348968105066, "test_seqeval-micro_f1": 0.8181818181818181, "test_seqeval-PG_precision": 0.8902439024390244, "test_seqeval-PG_recall": 0.906832298136646, "test_seqeval-PG_f1": 0.8984615384615385, "test_seqeval-SG_precision": 0.8136986301369863, "test_seqeval-SG_recall": 0.8319327731092437, "test_seqeval-SG_f1": 0.8227146814404432, "test_seqeval-ISG_precision": 0.7565217391304347, "test_seqeval-ISG_recall": 0.7073170731707317, "test_seqeval-ISG_f1": 0.7310924369747899, "test_seqeval-PI_precision": 0.7813953488372093, "test_seqeval-PI_recall": 0.84, "test_seqeval-PI_f1": 0.8096385542168675, "test_seqeval-ORG_precision": 0.7628458498023716, "test_seqeval-ORG_recall": 0.8577777777777778, "test_seqeval-ORG_f1": 0.807531380753138, "test_spanlevel-macro_precision_spanwise": 0.8270227989399215, "test_spanlevel-macro_recall_spanwise": 0.8236653608655885, "test_spanlevel-macro_f1_spanwise": 0.8202132528560442, "test_spanlevel-macro_precision_seqavg": 0.8433389233277502, "test_spanlevel-macro_recall_seqavg": 0.8411732840687336, "test_spanlevel-macro_f1_seqavg": 0.837983243428285, "test_spanlevel-micro_precision_spanwise": 0.8979264723854444, "test_spanlevel-micro_recall_spanwise": 0.9022837547183805, "test_spanlevel-micro_f1_spanwise": 0.8956211216896519, "test_spanlevel-micro_precision_seqavg": 0.8917096942212862, "test_spanlevel-micro_recall_seqavg": 0.8954099395366782, "test_spanlevel-micro_f1_seqavg": 0.8890027269084458, "test_spanlevel-PG_precision_spanwise": 0.9206827309236948, "test_spanlevel-PG_recall_spanwise": 0.9497991967871487, "test_spanlevel-PG_f1_spanwise": 0.9313253012048193, "test_spanlevel-PG_precision_seqavg": 0.9447449950092381, "test_spanlevel-PG_recall_seqavg": 0.9636717686045588, "test_spanlevel-PG_f1_seqavg": 0.9515065472074493, "test_spanlevel-SG_precision_spanwise": 0.8551339585370998, "test_spanlevel-SG_recall_spanwise": 0.8520643986612574, "test_spanlevel-SG_f1_spanwise": 0.8491605332146803, "test_spanlevel-SG_precision_seqavg": 0.8626794478626602, "test_spanlevel-SG_recall_seqavg": 0.8584176717170978, "test_spanlevel-SG_f1_seqavg": 0.8565820909260617, "test_spanlevel-ISG_precision_spanwise": 0.6942446043165468, "test_spanlevel-ISG_recall_spanwise": 0.6762589928057554, "test_spanlevel-ISG_f1_spanwise": 0.6786570743405276, "test_spanlevel-ISG_precision_seqavg": 0.7171547145448665, "test_spanlevel-ISG_recall_seqavg": 0.7144965140374234, "test_spanlevel-ISG_f1_seqavg": 0.7096445853034483, "test_spanlevel-PI_precision_spanwise": 0.8416666666666668, "test_spanlevel-PI_recall_spanwise": 0.8153030303030303, "test_spanlevel-PI_f1_spanwise": 0.8209864882592156, "test_spanlevel-PI_precision_seqavg": 0.8414235561527251, "test_spanlevel-PI_recall_seqavg": 0.8178021911505904, "test_spanlevel-PI_f1_seqavg": 0.8235386283305351, "test_spanlevel-ORG_precision_spanwise": 0.8233860342555994, "test_spanlevel-ORG_recall_spanwise": 0.8249011857707509, "test_spanlevel-ORG_f1_spanwise": 0.8209368672609779, "test_spanlevel-ORG_precision_seqavg": 0.8506919030692613, "test_spanlevel-ORG_recall_seqavg": 0.851478274833998, "test_spanlevel-ORG_f1_seqavg": 0.84864436537393, "test_spanlevel-macro_precision_relaxed": 0.8918415163525575, "test_spanlevel-macro_recall_relaxed": 0.9122843514510179, "test_spanlevel-macro_f1_relaxed": 0.9265819090747228, "test_spanlevel-micro_precision_relaxed": 0.8909683752980283, "test_spanlevel-micro_recall_relaxed": 0.912416626583293, "test_spanlevel-micro_f1_relaxed": 0.9264414349629426, "test_spanlevel-PG_precision_relaxed": 0.9357749469214438, "test_spanlevel-PG_recall_relaxed": 0.9806451612903225, "test_spanlevel-PG_f1_relaxed": 0.9788847117794485, "test_spanlevel-SG_precision_relaxed": 0.9016124199703535, "test_spanlevel-SG_recall_relaxed": 0.9149207430106306, "test_spanlevel-SG_f1_relaxed": 0.9614934399165518, "test_spanlevel-ISG_precision_relaxed": 0.8278301886792453, "test_spanlevel-ISG_recall_relaxed": 0.7659090909090909, "test_spanlevel-ISG_f1_relaxed": 0.9561262707330124, "test_spanlevel-PI_precision_relaxed": 0.8950564971751411, "test_spanlevel-PI_recall_relaxed": 0.9187583668005355, "test_spanlevel-PI_f1_relaxed": 0.9449991609788505, "test_spanlevel-ORG_precision_relaxed": 0.838729674796748, "test_spanlevel-ORG_recall_relaxed": 0.9232484076433121, "test_spanlevel-ORG_f1_relaxed": 0.9413740050958097, "test_doclevel-micro_precision": 0.973186119873817, "test_doclevel-micro_recall": 0.9793650793650793, "test_doclevel-micro_f1": 0.9762658227848101, "test_doclevel-PG_precision": 0.9681528662420382, "test_doclevel-PG_recall": 0.9806451612903225, "test_doclevel-PG_f1": 0.9743589743589742, "test_doclevel-SG_precision": 0.933579335793358, "test_doclevel-SG_recall": 0.947565543071161, "test_doclevel-SG_f1": 0.9405204460966543, "test_doclevel-ISG_precision": 0.8490566037735849, "test_doclevel-ISG_recall": 0.8181818181818182, "test_doclevel-ISG_f1": 0.8333333333333334, "test_doclevel-PI_precision": 0.9152542372881356, "test_doclevel-PI_recall": 0.9759036144578314, "test_doclevel-PI_f1": 0.9446064139941691, "test_doclevel-ORG_precision": 0.9024390243902439, "test_doclevel-ORG_recall": 0.9426751592356688, "test_doclevel-ORG_f1": 0.9221183800623053, "test_wordlevel-macro_precision": 0.9050012094620937, "test_wordlevel-macro_recall": 0.9112624780314045, "test_wordlevel-macro_f1": 0.9071213481146078, "test_wordlevel-O_precision": 0.991652754590985, "test_wordlevel-O_recall": 0.9892933618843683, "test_wordlevel-O_f1": 0.9904716531681754, "test_wordlevel-PG_precision": 0.9294871794871795, "test_wordlevel-PG_recall": 0.9863945578231292, "test_wordlevel-PG_f1": 0.9570957095709571, "test_wordlevel-SG_precision": 0.9117647058823529, "test_wordlevel-SG_recall": 0.9109766637856526, "test_wordlevel-SG_f1": 0.9113705144833549, "test_wordlevel-ISG_precision": 0.8269230769230769, "test_wordlevel-ISG_recall": 0.7413793103448276, "test_wordlevel-ISG_f1": 0.7818181818181817, "test_wordlevel-PI_precision": 0.9202733485193622, "test_wordlevel-PI_recall": 0.891832229580574, "test_wordlevel-PI_f1": 0.9058295964125559, "test_wordlevel-ORG_precision": 0.849906191369606, "test_wordlevel-ORG_recall": 0.9476987447698745, "test_wordlevel-ORG_f1": 0.8961424332344214, "test_runtime": 8.6583, "test_samples_per_second": 103.485, "test_steps_per_second": 1.617, "epoch": 5.0}