{"test_loss": 0.0962812528014183, "test_seqeval-macro_precision": 0.8102904366258132, "test_seqeval-macro_recall": 0.84889132319264, "test_seqeval-macro_f1": 0.827318773420737, "test_seqeval-micro_precision": 0.8003629764065335, "test_seqeval-micro_recall": 0.8521739130434782, "test_seqeval-micro_f1": 0.8254562470753392, "test_seqeval-PG_precision": 0.9354838709677419, "test_seqeval-PG_recall": 0.8969072164948454, "test_seqeval-PG_f1": 0.9157894736842105, "test_seqeval-SG_precision": 0.8519417475728155, "test_seqeval-SG_recall": 0.8602941176470589, "test_seqeval-SG_f1": 0.8560975609756097, "test_seqeval-ISG_precision": 0.811965811965812, "test_seqeval-ISG_recall": 0.7786885245901639, "test_seqeval-ISG_f1": 0.7949790794979079, "test_seqeval-PI_precision": 0.749003984063745, "test_seqeval-PI_recall": 0.8995215311004785, "test_seqeval-PI_f1": 0.817391304347826, "test_seqeval-ORG_precision": 0.7030567685589519, "test_seqeval-ORG_recall": 0.8090452261306532, "test_seqeval-ORG_f1": 0.7523364485981308, "test_spanlevel-macro_precision_spanwise": 0.8275884502194127, "test_spanlevel-macro_recall_spanwise": 0.8340912251975429, "test_spanlevel-macro_f1_spanwise": 0.826475084135214, "test_spanlevel-macro_precision_seqavg": 0.8465037167681613, "test_spanlevel-macro_recall_seqavg": 0.8570636112840495, "test_spanlevel-macro_f1_seqavg": 0.8478942361556735, "test_spanlevel-micro_precision_spanwise": 0.8876805636567323, "test_spanlevel-micro_recall_spanwise": 0.8978118785176531, "test_spanlevel-micro_f1_spanwise": 0.8870710527883829, "test_spanlevel-micro_precision_seqavg": 0.8901678273417405, "test_spanlevel-micro_recall_seqavg": 0.8994510234417066, "test_spanlevel-micro_f1_seqavg": 0.8883722075762062, "test_spanlevel-PG_precision_spanwise": 0.9484536082474226, "test_spanlevel-PG_recall_spanwise": 0.9329896907216495, "test_spanlevel-PG_f1_spanwise": 0.9388316151202749, "test_spanlevel-PG_precision_seqavg": 0.939739391660101, "test_spanlevel-PG_recall_seqavg": 0.9359213847750952, "test_spanlevel-PG_f1_seqavg": 0.9374212984430649, "test_spanlevel-SG_precision_spanwise": 0.8977600309116897, "test_spanlevel-SG_recall_spanwise": 0.9012039303508498, "test_spanlevel-SG_f1_spanwise": 0.893292918862151, "test_spanlevel-SG_precision_seqavg": 0.906338685883786, "test_spanlevel-SG_recall_seqavg": 0.9090039653884096, "test_spanlevel-SG_f1_seqavg": 0.904795467529956, "test_spanlevel-ISG_precision_spanwise": 0.7125603864734299, "test_spanlevel-ISG_recall_spanwise": 0.7210144927536232, "test_spanlevel-ISG_f1_spanwise": 0.7144927536231883, "test_spanlevel-ISG_precision_seqavg": 0.7755941047919219, "test_spanlevel-ISG_recall_seqavg": 0.7879959850482483, "test_spanlevel-ISG_f1_seqavg": 0.7803991421664939, "test_spanlevel-PI_precision_spanwise": 0.8079561042524005, "test_spanlevel-PI_recall_spanwise": 0.8226794695930498, "test_spanlevel-PI_f1_spanwise": 0.8116703161254959, "test_spanlevel-PI_precision_seqavg": 0.7992945823069902, "test_spanlevel-PI_recall_seqavg": 0.8098075762799236, "test_spanlevel-PI_f1_seqavg": 0.8010703154272789, "test_spanlevel-ORG_precision_spanwise": 0.7712121212121212, "test_spanlevel-ORG_recall_spanwise": 0.7925685425685425, "test_spanlevel-ORG_f1_spanwise": 0.7740878169449598, "test_spanlevel-ORG_precision_seqavg": 0.8115518191980072, "test_spanlevel-ORG_recall_seqavg": 0.8425891449285705, "test_spanlevel-ORG_f1_seqavg": 0.815784957211574, "test_spanlevel-macro_precision_relaxed": 0.8818941780004774, "test_spanlevel-macro_recall_relaxed": 0.9276201540907424, "test_spanlevel-macro_f1_relaxed": 0.9314678622107083, "test_spanlevel-micro_precision_relaxed": 0.8802953153583075, "test_spanlevel-micro_recall_relaxed": 0.9275097495685733, "test_spanlevel-micro_f1_relaxed": 0.930503889227004, "test_spanlevel-PG_precision_relaxed": 1.0, "test_spanlevel-PG_recall_relaxed": 0.9335106382978725, "test_spanlevel-PG_f1_relaxed": 0.9916532905296951, "test_spanlevel-SG_precision_relaxed": 0.9303310331033103, "test_spanlevel-SG_recall_relaxed": 0.937892443090463, "test_spanlevel-SG_f1_relaxed": 0.9550280779013814, "test_spanlevel-ISG_precision_relaxed": 0.8761467889908257, "test_spanlevel-ISG_recall_relaxed": 0.8318965517241379, "test_spanlevel-ISG_f1_relaxed": 0.9732220160791589, "test_spanlevel-PI_precision_relaxed": 0.8027638190954773, "test_spanlevel-PI_recall_relaxed": 0.9747591522157996, "test_spanlevel-PI_f1_relaxed": 0.9484896548206999, "test_spanlevel-ORG_precision_relaxed": 0.8103479853479852, "test_spanlevel-ORG_recall_relaxed": 0.933531746031746, "test_spanlevel-ORG_f1_relaxed": 0.9350586322525682, "test_doclevel-micro_precision": 0.9763779527559056, "test_doclevel-micro_recall": 0.985691573926868, "test_doclevel-micro_f1": 0.9810126582278481, "test_doclevel-PG_precision": 1.0, "test_doclevel-PG_recall": 0.9468085106382979, "test_doclevel-PG_f1": 0.9726775956284154, "test_doclevel-SG_precision": 0.966996699669967, "test_doclevel-SG_recall": 0.966996699669967, "test_doclevel-SG_f1": 0.966996699669967, "test_doclevel-ISG_precision": 0.908256880733945, "test_doclevel-ISG_recall": 0.853448275862069, "test_doclevel-ISG_f1": 0.88, "test_doclevel-PI_precision": 0.8592964824120602, "test_doclevel-PI_recall": 0.9884393063583815, "test_doclevel-PI_f1": 0.9193548387096775, "test_doclevel-ORG_precision": 0.8791208791208791, "test_doclevel-ORG_recall": 0.9523809523809523, "test_doclevel-ORG_f1": 0.9142857142857143, "test_wordlevel-macro_precision": 0.9044566009700105, "test_wordlevel-macro_recall": 0.928483771899256, "test_wordlevel-macro_f1": 0.9145536572816205, "test_wordlevel-O_precision": 0.9908603460882281, "test_wordlevel-O_recall": 0.9859940580852483, "test_wordlevel-O_f1": 0.9884212125816746, "test_wordlevel-PG_precision": 1.0, "test_wordlevel-PG_recall": 0.9415204678362573, "test_wordlevel-PG_f1": 0.9698795180722891, "test_wordlevel-SG_precision": 0.9418960244648318, "test_wordlevel-SG_recall": 0.9085545722713865, "test_wordlevel-SG_f1": 0.924924924924925, "test_wordlevel-ISG_precision": 0.8415300546448088, "test_wordlevel-ISG_recall": 0.8148148148148148, "test_wordlevel-ISG_f1": 0.8279569892473118, "test_wordlevel-PI_precision": 0.8516483516483516, "test_wordlevel-PI_recall": 0.976890756302521, "test_wordlevel-PI_f1": 0.9099804305283757, "test_wordlevel-ORG_precision": 0.8008048289738431, "test_wordlevel-ORG_recall": 0.943127962085308, "test_wordlevel-ORG_f1": 0.8661588683351469, "test_runtime": 8.6078, "test_samples_per_second": 102.117, "test_steps_per_second": 1.626, "epoch": 4.0}