{"test_loss": 0.1170763149857521, "test_seqeval-macro_precision": 0.7712074267621722, "test_seqeval-macro_recall": 0.7526373987263586, "test_seqeval-macro_f1": 0.7608572138755911, "test_seqeval-micro_precision": 0.768025078369906, "test_seqeval-micro_recall": 0.7546201232032854, "test_seqeval-micro_f1": 0.7612635939927499, "test_seqeval-PG_precision": 0.9027777777777778, "test_seqeval-PG_recall": 0.8904109589041096, "test_seqeval-PG_f1": 0.896551724137931, "test_seqeval-SG_precision": 0.7674418604651163, "test_seqeval-SG_recall": 0.7388059701492538, "test_seqeval-SG_f1": 0.7528517110266161, "test_seqeval-ISG_precision": 0.7263157894736842, "test_seqeval-ISG_recall": 0.6388888888888888, "test_seqeval-ISG_f1": 0.6798029556650247, "test_seqeval-PI_precision": 0.7848605577689243, "test_seqeval-PI_recall": 0.7490494296577946, "test_seqeval-PI_f1": 0.7665369649805447, "test_seqeval-ORG_precision": 0.6746411483253588, "test_seqeval-ORG_recall": 0.746031746031746, "test_seqeval-ORG_f1": 0.7085427135678392, "test_spanlevel-macro_precision_spanwise": 0.7878498489647607, "test_spanlevel-macro_recall_spanwise": 0.7637795461272897, "test_spanlevel-macro_f1_spanwise": 0.7678979205997797, "test_spanlevel-macro_precision_seqavg": 0.8070179446469012, "test_spanlevel-macro_recall_seqavg": 0.7835525277984584, "test_spanlevel-macro_f1_seqavg": 0.7888137306154126, "test_spanlevel-micro_precision_spanwise": 0.8548978360676288, "test_spanlevel-micro_recall_spanwise": 0.8248363268846981, "test_spanlevel-micro_f1_spanwise": 0.8303349007066243, "test_spanlevel-micro_precision_seqavg": 0.8577335114463827, "test_spanlevel-micro_recall_seqavg": 0.8270521843851052, "test_spanlevel-micro_f1_seqavg": 0.8321894536150904, "test_spanlevel-PG_precision_spanwise": 0.9093333333333333, "test_spanlevel-PG_recall_spanwise": 0.9142222222222222, "test_spanlevel-PG_f1_spanwise": 0.9086984126984127, "test_spanlevel-PG_precision_seqavg": 0.9036092414922953, "test_spanlevel-PG_recall_seqavg": 0.8982112721541649, "test_spanlevel-PG_f1_seqavg": 0.8975269564309125, "test_spanlevel-SG_precision_spanwise": 0.8328737010391687, "test_spanlevel-SG_recall_spanwise": 0.8144884092725819, "test_spanlevel-SG_f1_spanwise": 0.8125923517478922, "test_spanlevel-SG_precision_seqavg": 0.8746771206649055, "test_spanlevel-SG_recall_seqavg": 0.8437133278985754, "test_spanlevel-SG_f1_seqavg": 0.846802313750982, "test_spanlevel-ISG_precision_spanwise": 0.6198347107438017, "test_spanlevel-ISG_recall_spanwise": 0.5964187327823691, "test_spanlevel-ISG_f1_spanwise": 0.6005509641873279, "test_spanlevel-ISG_precision_seqavg": 0.6090134738556466, "test_spanlevel-ISG_recall_seqavg": 0.5963070042843729, "test_spanlevel-ISG_f1_seqavg": 0.5993248998935766, "test_spanlevel-PI_precision_spanwise": 0.8218181818181818, "test_spanlevel-PI_recall_spanwise": 0.776892561983471, "test_spanlevel-PI_f1_spanwise": 0.7892743584917499, "test_spanlevel-PI_precision_seqavg": 0.8476291609373263, "test_spanlevel-PI_recall_seqavg": 0.8093215851329573, "test_spanlevel-PI_f1_seqavg": 0.8204850269306276, "test_spanlevel-ORG_precision_spanwise": 0.755389317889318, "test_spanlevel-ORG_recall_spanwise": 0.7168758043758042, "test_spanlevel-ORG_f1_spanwise": 0.7283735158735158, "test_spanlevel-ORG_precision_seqavg": 0.8001607262843319, "test_spanlevel-ORG_recall_seqavg": 0.7702094495222217, "test_spanlevel-ORG_f1_seqavg": 0.7799294560709643, "test_spanlevel-macro_precision_relaxed": 0.9050966183574879, "test_spanlevel-macro_recall_relaxed": 0.8346060393854513, "test_spanlevel-macro_f1_relaxed": 0.9125572470942918, "test_spanlevel-micro_precision_relaxed": 0.9040386473429951, "test_spanlevel-micro_recall_relaxed": 0.8342558993294289, "test_spanlevel-micro_f1_relaxed": 0.9115143531242921, "test_spanlevel-PG_precision_relaxed": 0.958029197080292, "test_spanlevel-PG_recall_relaxed": 0.9441247002398081, "test_spanlevel-PG_f1_relaxed": 0.974413646055437, "test_spanlevel-SG_precision_relaxed": 0.9286195286195287, "test_spanlevel-SG_recall_relaxed": 0.8248837209302325, "test_spanlevel-SG_f1_relaxed": 0.9389715902171593, "test_spanlevel-ISG_precision_relaxed": 0.8353658536585366, "test_spanlevel-ISG_recall_relaxed": 0.7057291666666666, "test_spanlevel-ISG_f1_relaxed": 0.9266884531590414, "test_spanlevel-PI_precision_relaxed": 0.9351622662266227, "test_spanlevel-PI_recall_relaxed": 0.8116460055096418, "test_spanlevel-PI_f1_relaxed": 0.9345162642219083, "test_spanlevel-ORG_precision_relaxed": 0.8344551282051282, "test_spanlevel-ORG_recall_relaxed": 0.8596461187214611, "test_spanlevel-ORG_f1_relaxed": 0.9301336345156671, "test_doclevel-micro_precision": 0.9808695652173913, "test_doclevel-micro_recall": 0.9478991596638655, "test_doclevel-micro_f1": 0.9641025641025641, "test_doclevel-PG_precision": 0.9781021897810219, "test_doclevel-PG_recall": 0.9640287769784173, "test_doclevel-PG_f1": 0.9710144927536232, "test_doclevel-SG_precision": 0.9545454545454546, "test_doclevel-SG_recall": 0.8790697674418605, "test_doclevel-SG_f1": 0.9152542372881356, "test_doclevel-ISG_precision": 0.8780487804878049, "test_doclevel-ISG_recall": 0.75, "test_doclevel-ISG_f1": 0.8089887640449439, "test_doclevel-PI_precision": 0.9603960396039604, "test_doclevel-PI_recall": 0.8818181818181818, "test_doclevel-PI_f1": 0.919431279620853, "test_doclevel-ORG_precision": 0.8653846153846154, "test_doclevel-ORG_recall": 0.9246575342465754, "test_doclevel-ORG_f1": 0.8940397350993378, "test_wordlevel-macro_precision": 0.9126517984561584, "test_wordlevel-macro_recall": 0.8290836767057876, "test_wordlevel-macro_f1": 0.8666624989339478, "test_wordlevel-O_precision": 0.9754645937082473, "test_wordlevel-O_recall": 0.9915426878202358, "test_wordlevel-O_f1": 0.9834379305066585, "test_wordlevel-PG_precision": 0.9545454545454546, "test_wordlevel-PG_recall": 0.9333333333333333, "test_wordlevel-PG_f1": 0.9438202247191012, "test_wordlevel-SG_precision": 0.8973607038123167, "test_wordlevel-SG_recall": 0.8031496062992126, "test_wordlevel-SG_f1": 0.8476454293628809, "test_wordlevel-ISG_precision": 0.8461538461538461, "test_wordlevel-ISG_recall": 0.6748466257668712, "test_wordlevel-ISG_f1": 0.7508532423208191, "test_wordlevel-PI_precision": 0.9484536082474226, "test_wordlevel-PI_recall": 0.7419354838709677, "test_wordlevel-PI_f1": 0.832579185520362, "test_wordlevel-ORG_precision": 0.8539325842696629, "test_wordlevel-ORG_recall": 0.8296943231441049, "test_wordlevel-ORG_f1": 0.8416389811738649, "test_runtime": 8.1361, "test_samples_per_second": 107.669, "test_steps_per_second": 1.721, "epoch": 5.0}