{"test_loss": 0.10423341393470764, "test_seqeval-macro_precision": 0.7231488615585263, "test_seqeval-macro_recall": 0.790870338870616, "test_seqeval-macro_f1": 0.7546630808190209, "test_seqeval-micro_precision": 0.7254697286012526, "test_seqeval-micro_recall": 0.8006912442396313, "test_seqeval-micro_f1": 0.7612267250821468, "test_seqeval-PI_precision": 0.7560975609756098, "test_seqeval-PI_recall": 0.7868020304568528, "test_seqeval-PI_f1": 0.7711442786069652, "test_seqeval-PG_precision": 0.8409090909090909, "test_seqeval-PG_recall": 0.925, "test_seqeval-PG_f1": 0.8809523809523809, "test_seqeval-SG_precision": 0.7340823970037453, "test_seqeval-SG_recall": 0.7871485943775101, "test_seqeval-SG_f1": 0.7596899224806201, "test_seqeval-ORG_precision": 0.6223175965665236, "test_seqeval-ORG_recall": 0.7754010695187166, "test_seqeval-ORG_f1": 0.6904761904761906, "test_seqeval-ISG_precision": 0.6623376623376623, "test_seqeval-ISG_recall": 0.68, "test_seqeval-ISG_f1": 0.6710526315789473, "test_spanlevel-macro_precision_spanwise": 0.7884440676949156, "test_spanlevel-macro_recall_spanwise": 0.7834971479279788, "test_spanlevel-macro_f1_spanwise": 0.7789757859815569, "test_spanlevel-macro_precision_seqavg": 0.7864471284754382, "test_spanlevel-macro_recall_seqavg": 0.7757237783885597, "test_spanlevel-macro_f1_seqavg": 0.7750430038230507, "test_spanlevel-micro_precision_spanwise": 0.8582117056153459, "test_spanlevel-micro_recall_spanwise": 0.8578942530227327, "test_spanlevel-micro_f1_spanwise": 0.8511378336691913, "test_spanlevel-micro_precision_seqavg": 0.8508307296568166, "test_spanlevel-micro_recall_seqavg": 0.8497037768994291, "test_spanlevel-micro_f1_seqavg": 0.8430481115779271, "test_spanlevel-PI_precision_spanwise": 0.8135514018691589, "test_spanlevel-PI_recall_spanwise": 0.7962616822429905, "test_spanlevel-PI_f1_spanwise": 0.7980509366023384, "test_spanlevel-PI_precision_seqavg": 0.7694867391914285, "test_spanlevel-PI_recall_seqavg": 0.7609039443611776, "test_spanlevel-PI_f1_seqavg": 0.7620516076968576, "test_spanlevel-PG_precision_spanwise": 0.9097222222222221, "test_spanlevel-PG_recall_spanwise": 0.9161706349206349, "test_spanlevel-PG_f1_spanwise": 0.9109221466364323, "test_spanlevel-PG_precision_seqavg": 0.9058526184516816, "test_spanlevel-PG_recall_seqavg": 0.9098371078168952, "test_spanlevel-PG_f1_seqavg": 0.9060793514989192, "test_spanlevel-SG_precision_spanwise": 0.847682346567105, "test_spanlevel-SG_recall_spanwise": 0.8402970222672825, "test_spanlevel-SG_f1_spanwise": 0.8340531017128208, "test_spanlevel-SG_precision_seqavg": 0.8581814952264355, "test_spanlevel-SG_recall_seqavg": 0.8300558457736411, "test_spanlevel-SG_f1_seqavg": 0.8327174359822112, "test_spanlevel-ORG_precision_spanwise": 0.7254310344827587, "test_spanlevel-ORG_recall_spanwise": 0.7246048850574713, "test_spanlevel-ORG_f1_spanwise": 0.7177618358652842, "test_spanlevel-ORG_precision_seqavg": 0.7565401717034014, "test_spanlevel-ORG_recall_seqavg": 0.7531635326581324, "test_spanlevel-ORG_f1_seqavg": 0.7477898375040939, "test_spanlevel-ISG_precision_spanwise": 0.6458333333333333, "test_spanlevel-ISG_recall_spanwise": 0.6401515151515151, "test_spanlevel-ISG_f1_spanwise": 0.634090909090909, "test_spanlevel-ISG_precision_seqavg": 0.6421746178042435, "test_spanlevel-ISG_recall_seqavg": 0.6246584613329514, "test_spanlevel-ISG_f1_seqavg": 0.6265767864331717, "test_spanlevel-macro_precision_relaxed": 0.8597769489570566, "test_spanlevel-macro_recall_relaxed": 0.902307288210573, "test_spanlevel-macro_f1_relaxed": 0.9161000908836077, "test_spanlevel-micro_precision_relaxed": 0.8586543882242809, "test_spanlevel-micro_recall_relaxed": 0.9020116001867827, "test_spanlevel-micro_f1_relaxed": 0.9150237757617803, "test_spanlevel-PI_precision_relaxed": 0.8879399585921324, "test_spanlevel-PI_recall_relaxed": 0.8691872427983539, "test_spanlevel-PI_f1_relaxed": 0.9460506408782271, "test_spanlevel-PG_precision_relaxed": 0.9390625, "test_spanlevel-PG_recall_relaxed": 0.9836497890295358, "test_spanlevel-PG_f1_relaxed": 0.9718559218559218, "test_spanlevel-SG_precision_relaxed": 0.8800917832167833, "test_spanlevel-SG_recall_relaxed": 0.9158939393939395, "test_spanlevel-SG_f1_relaxed": 0.9338949294300566, "test_spanlevel-ORG_precision_relaxed": 0.7511950904392765, "test_spanlevel-ORG_recall_relaxed": 0.9075, "test_spanlevel-ORG_f1_relaxed": 0.919780173597072, "test_spanlevel-ISG_precision_relaxed": 0.7714285714285715, "test_spanlevel-ISG_recall_relaxed": 0.7673611111111112, "test_spanlevel-ISG_f1_relaxed": 0.9222495894909687, "test_doclevel-micro_precision": 0.9516129032258065, "test_doclevel-micro_recall": 0.968978102189781, "test_doclevel-micro_f1": 0.9602169981916817, "test_doclevel-PI_precision": 0.9192546583850931, "test_doclevel-PI_recall": 0.9135802469135802, "test_doclevel-PI_f1": 0.9164086687306501, "test_doclevel-PG_precision": 0.975, "test_doclevel-PG_recall": 0.9873417721518988, "test_doclevel-PG_f1": 0.9811320754716981, "test_doclevel-SG_precision": 0.9326923076923077, "test_doclevel-SG_recall": 0.97, "test_doclevel-SG_f1": 0.9509803921568627, "test_doclevel-ORG_precision": 0.8197674418604651, "test_doclevel-ORG_recall": 0.94, "test_doclevel-ORG_f1": 0.8757763975155279, "test_doclevel-ISG_precision": 0.8285714285714286, "test_doclevel-ISG_recall": 0.8055555555555556, "test_doclevel-ISG_f1": 0.8169014084507044, "test_wordlevel-macro_precision": 0.8772715458474196, "test_wordlevel-macro_recall": 0.8873101366900601, "test_wordlevel-macro_f1": 0.8807914428850148, "test_wordlevel-O_precision": 0.9859617264981143, "test_wordlevel-O_recall": 0.9843118114628364, "test_wordlevel-O_f1": 0.9851360781577112, "test_wordlevel-PI_precision": 0.9217391304347826, "test_wordlevel-PI_recall": 0.8617886178861789, "test_wordlevel-PI_f1": 0.8907563025210083, "test_wordlevel-PG_precision": 0.9124087591240876, "test_wordlevel-PG_recall": 0.9727626459143969, "test_wordlevel-PG_f1": 0.9416195856873822, "test_wordlevel-SG_precision": 0.910411622276029, "test_wordlevel-SG_recall": 0.8663594470046083, "test_wordlevel-SG_f1": 0.8878394332939787, "test_wordlevel-ORG_precision": 0.7684021543985637, "test_wordlevel-ORG_recall": 0.9106382978723404, "test_wordlevel-ORG_f1": 0.8334956183057449, "test_wordlevel-ISG_precision": 0.7647058823529411, "test_wordlevel-ISG_recall": 0.728, "test_wordlevel-ISG_f1": 0.7459016393442623, "test_runtime": 4.4667, "test_samples_per_second": 181.119, "test_steps_per_second": 2.91, "epoch": 4.0, "run_id": "rep03-fold04"}
