{"test_loss": 0.09444355964660645, "test_seqeval-macro_precision": 0.8083365876043018, "test_seqeval-macro_recall": 0.8466892014780827, "test_seqeval-macro_f1": 0.8254303836762918, "test_seqeval-micro_precision": 0.8010899182561307, "test_seqeval-micro_recall": 0.8521739130434782, "test_seqeval-micro_f1": 0.8258426966292134, "test_seqeval-PI_precision": 0.7591836734693878, "test_seqeval-PI_recall": 0.8899521531100478, "test_seqeval-PI_f1": 0.8193832599118942, "test_seqeval-PG_precision": 0.925531914893617, "test_seqeval-PG_recall": 0.8969072164948454, "test_seqeval-PG_f1": 0.9109947643979057, "test_seqeval-SG_precision": 0.8526570048309179, "test_seqeval-SG_recall": 0.8651960784313726, "test_seqeval-SG_f1": 0.8588807785888078, "test_seqeval-ORG_precision": 0.7025862068965517, "test_seqeval-ORG_recall": 0.8190954773869347, "test_seqeval-ORG_f1": 0.7563805104408353, "test_seqeval-ISG_precision": 0.8017241379310345, "test_seqeval-ISG_recall": 0.7622950819672131, "test_seqeval-ISG_f1": 0.7815126050420167, "test_spanlevel-macro_precision_spanwise": 0.8313775206358807, "test_spanlevel-macro_recall_spanwise": 0.834710270164259, "test_spanlevel-macro_f1_spanwise": 0.8284029068673353, "test_spanlevel-macro_precision_seqavg": 0.8480867220399894, "test_spanlevel-macro_recall_seqavg": 0.8555149076059845, "test_spanlevel-macro_f1_seqavg": 0.8478480216120203, "test_spanlevel-micro_precision_spanwise": 0.8872034447034448, "test_spanlevel-micro_recall_spanwise": 0.8948580418360639, "test_spanlevel-micro_f1_spanwise": 0.8853313371606478, "test_spanlevel-micro_precision_seqavg": 0.8889944405293243, "test_spanlevel-micro_recall_seqavg": 0.8947964051452423, "test_spanlevel-micro_f1_seqavg": 0.88548633458304, "test_spanlevel-PI_precision_spanwise": 0.8288515406162464, "test_spanlevel-PI_recall_spanwise": 0.8413165266106443, "test_spanlevel-PI_f1_spanwise": 0.8309631098816338, "test_spanlevel-PI_precision_seqavg": 0.8364132221957828, "test_spanlevel-PI_recall_seqavg": 0.8431539791630093, "test_spanlevel-PI_f1_seqavg": 0.8358044735564583, "test_spanlevel-PG_precision_spanwise": 0.9387755102040817, "test_spanlevel-PG_recall_spanwise": 0.923469387755102, "test_spanlevel-PG_f1_spanwise": 0.9292517006802721, "test_spanlevel-PG_precision_seqavg": 0.9278183562869035, "test_spanlevel-PG_recall_seqavg": 0.9240488392585653, "test_spanlevel-PG_f1_seqavg": 0.9255296454358196, "test_spanlevel-SG_precision_spanwise": 0.897607721933963, "test_spanlevel-SG_recall_spanwise": 0.8997301096591876, "test_spanlevel-SG_f1_spanwise": 0.892395574742164, "test_spanlevel-SG_precision_seqavg": 0.9017639918806489, "test_spanlevel-SG_recall_seqavg": 0.9038938488377067, "test_spanlevel-SG_f1_seqavg": 0.9000972265139948, "test_spanlevel-ORG_precision_spanwise": 0.7738912732474964, "test_spanlevel-ORG_recall_spanwise": 0.7900572246065809, "test_spanlevel-ORG_f1_spanwise": 0.7745622998841882, "test_spanlevel-ORG_precision_seqavg": 0.8065574915814824, "test_spanlevel-ORG_recall_seqavg": 0.832239577756865, "test_spanlevel-ORG_f1_seqavg": 0.8091583890877607, "test_spanlevel-ISG_precision_spanwise": 0.7177615571776156, "test_spanlevel-ISG_recall_spanwise": 0.718978102189781, "test_spanlevel-ISG_f1_spanwise": 0.7148418491484185, "test_spanlevel-ISG_precision_seqavg": 0.7678805482551287, "test_spanlevel-ISG_recall_seqavg": 0.7742382930137762, "test_spanlevel-ISG_f1_seqavg": 0.7686503734660688, "test_spanlevel-macro_precision_relaxed": 0.8867235743259368, "test_spanlevel-macro_recall_relaxed": 0.9275097495685733, "test_spanlevel-macro_f1_relaxed": 0.9323179419399098, "test_spanlevel-micro_precision_relaxed": 0.8851247116837672, "test_spanlevel-micro_recall_relaxed": 0.9274655877597058, "test_spanlevel-micro_f1_relaxed": 0.931376109682005, "test_spanlevel-PI_precision_relaxed": 0.8227040816326531, "test_spanlevel-PI_recall_relaxed": 0.9718689788053949, "test_spanlevel-PI_f1_relaxed": 0.9517756475803766, "test_spanlevel-PG_precision_relaxed": 0.9888888888888889, "test_spanlevel-PG_recall_relaxed": 0.9335106382978725, "test_spanlevel-PG_f1_relaxed": 0.9916532905296951, "test_spanlevel-SG_precision_relaxed": 0.9328597230583986, "test_spanlevel-SG_recall_relaxed": 0.9383966601788385, "test_spanlevel-SG_f1_relaxed": 0.955052884789029, "test_spanlevel-ORG_precision_relaxed": 0.8064311594202899, "test_spanlevel-ORG_recall_relaxed": 0.9379960317460319, "test_spanlevel-ORG_f1_relaxed": 0.932630381590684, "test_spanlevel-ISG_precision_relaxed": 0.8727272727272727, "test_spanlevel-ISG_recall_relaxed": 0.8232758620689655, "test_spanlevel-ISG_f1_relaxed": 0.9698206555349413, "test_doclevel-micro_precision": 0.9748031496062992, "test_doclevel-micro_recall": 0.9841017488076311, "test_doclevel-micro_f1": 0.9794303797468354, "test_doclevel-PI_precision": 0.8724489795918368, "test_doclevel-PI_recall": 0.9884393063583815, "test_doclevel-PI_f1": 0.926829268292683, "test_doclevel-PG_precision": 0.9888888888888889, "test_doclevel-PG_recall": 0.9468085106382979, "test_doclevel-PG_f1": 0.9673913043478262, "test_doclevel-SG_precision": 0.9701986754966887, "test_doclevel-SG_recall": 0.966996699669967, "test_doclevel-SG_f1": 0.9685950413223141, "test_doclevel-ORG_precision": 0.875, "test_doclevel-ORG_recall": 0.9583333333333334, "test_doclevel-ORG_f1": 0.9147727272727273, "test_doclevel-ISG_precision": 0.9, "test_doclevel-ISG_recall": 0.853448275862069, "test_doclevel-ISG_f1": 0.8761061946902655, "test_wordlevel-macro_precision": 0.9048392844289732, "test_wordlevel-macro_recall": 0.9276407397858814, "test_wordlevel-macro_f1": 0.9145466263633776, "test_wordlevel-O_precision": 0.9906200511633573, "test_wordlevel-O_recall": 0.9861153216516098, "test_wordlevel-O_f1": 0.9883625535535232, "test_wordlevel-PI_precision": 0.862453531598513, "test_wordlevel-PI_recall": 0.9747899159663865, "test_wordlevel-PI_f1": 0.9151873767258383, "test_wordlevel-PG_precision": 0.9938271604938271, "test_wordlevel-PG_recall": 0.9415204678362573, "test_wordlevel-PG_f1": 0.9669669669669669, "test_wordlevel-SG_precision": 0.9420289855072463, "test_wordlevel-SG_recall": 0.9107669616519174, "test_wordlevel-SG_f1": 0.9261342332208474, "test_wordlevel-ORG_precision": 0.804040404040404, "test_wordlevel-ORG_recall": 0.943127962085308, "test_wordlevel-ORG_f1": 0.8680479825517994, "test_wordlevel-ISG_precision": 0.8360655737704918, "test_wordlevel-ISG_recall": 0.8095238095238095, "test_wordlevel-ISG_f1": 0.8225806451612904, "test_runtime": 5.1206, "test_samples_per_second": 171.659, "test_steps_per_second": 2.734, "epoch": 4.0, "run_id": "rep05-fold01"}
