{"test_loss": 0.07650764286518097, "test_seqeval-macro_precision": 0.8589756795711221, "test_seqeval-macro_recall": 0.8837609651142182, "test_seqeval-macro_f1": 0.8705046693902286, "test_seqeval-micro_precision": 0.860655737704918, "test_seqeval-micro_recall": 0.8864915572232646, "test_seqeval-micro_f1": 0.8733826247689465, "test_seqeval-PG_precision": 0.9041916167664671, "test_seqeval-PG_recall": 0.937888198757764, "test_seqeval-PG_f1": 0.9207317073170732, "test_seqeval-SG_precision": 0.8923512747875354, "test_seqeval-SG_recall": 0.8823529411764706, "test_seqeval-SG_f1": 0.8873239436619718, "test_seqeval-ISG_precision": 0.8547008547008547, "test_seqeval-ISG_recall": 0.8130081300813008, "test_seqeval-ISG_f1": 0.8333333333333333, "test_seqeval-PI_precision": 0.8088888888888889, "test_seqeval-PI_recall": 0.91, "test_seqeval-PI_f1": 0.8564705882352941, "test_seqeval-ORG_precision": 0.8347457627118644, "test_seqeval-ORG_recall": 0.8755555555555555, "test_seqeval-ORG_f1": 0.8546637744034709, "test_spanlevel-macro_precision_spanwise": 0.8701440326900501, "test_spanlevel-macro_recall_spanwise": 0.8717833990309167, "test_spanlevel-macro_f1_spanwise": 0.8676583820747391, "test_spanlevel-macro_precision_seqavg": 0.8804466779856119, "test_spanlevel-macro_recall_seqavg": 0.881866744823083, "test_spanlevel-macro_f1_seqavg": 0.8790180260617287, "test_spanlevel-micro_precision_spanwise": 0.9198007366040153, "test_spanlevel-micro_recall_spanwise": 0.9222504120045104, "test_spanlevel-micro_f1_spanwise": 0.9169915548643106, "test_spanlevel-micro_precision_seqavg": 0.9154828427625954, "test_spanlevel-micro_recall_seqavg": 0.9183962611319644, "test_spanlevel-micro_f1_seqavg": 0.9125562925662286, "test_spanlevel-PG_precision_spanwise": 0.9270833333333334, "test_spanlevel-PG_recall_spanwise": 0.9375, "test_spanlevel-PG_f1_spanwise": 0.9296060090702948, "test_spanlevel-PG_precision_seqavg": 0.9319013617144211, "test_spanlevel-PG_recall_seqavg": 0.9317271070517247, "test_spanlevel-PG_f1_seqavg": 0.9303706372464492, "test_spanlevel-SG_precision_spanwise": 0.9236132914704344, "test_spanlevel-SG_recall_spanwise": 0.9098116169544741, "test_spanlevel-SG_f1_spanwise": 0.911993561993562, "test_spanlevel-SG_precision_seqavg": 0.9278413193284047, "test_spanlevel-SG_recall_seqavg": 0.9227494761992526, "test_spanlevel-SG_f1_seqavg": 0.9235141769298367, "test_spanlevel-ISG_precision_spanwise": 0.7679012345679012, "test_spanlevel-ISG_recall_spanwise": 0.7703703703703704, "test_spanlevel-ISG_f1_spanwise": 0.7664197530864197, "test_spanlevel-ISG_precision_seqavg": 0.7906944776378715, "test_spanlevel-ISG_recall_seqavg": 0.8032625212817786, "test_spanlevel-ISG_f1_seqavg": 0.7945001677181369, "test_spanlevel-PI_precision_spanwise": 0.8558723040785821, "test_spanlevel-PI_recall_spanwise": 0.8650544522741832, "test_spanlevel-PI_f1_spanwise": 0.8570310037318367, "test_spanlevel-PI_precision_seqavg": 0.8774208166783383, "test_spanlevel-PI_recall_seqavg": 0.8839713996445993, "test_spanlevel-PI_f1_seqavg": 0.8788368715385547, "test_spanlevel-ORG_precision_spanwise": 0.8762500000000001, "test_spanlevel-ORG_recall_spanwise": 0.8761805555555556, "test_spanlevel-ORG_f1_spanwise": 0.8732415824915826, "test_spanlevel-ORG_precision_seqavg": 0.8743754145690241, "test_spanlevel-ORG_recall_seqavg": 0.8676232199380602, "test_spanlevel-ORG_f1_seqavg": 0.8678682768756659, "test_spanlevel-macro_precision_relaxed": 0.9220826906171735, "test_spanlevel-macro_recall_relaxed": 0.9414559712774, "test_spanlevel-macro_f1_relaxed": 0.9547864118703462, "test_spanlevel-micro_precision_relaxed": 0.9218472906403944, "test_spanlevel-micro_recall_relaxed": 0.9413378684807259, "test_spanlevel-micro_f1_relaxed": 0.9548264012340396, "test_spanlevel-PG_precision_relaxed": 0.9418238993710691, "test_spanlevel-PG_recall_relaxed": 0.9830645161290322, "test_spanlevel-PG_f1_relaxed": 0.9838157485216308, "test_spanlevel-SG_precision_relaxed": 0.9703663003663003, "test_spanlevel-SG_recall_relaxed": 0.9262261458890673, "test_spanlevel-SG_f1_relaxed": 0.9687476525058762, "test_spanlevel-ISG_precision_relaxed": 0.8788580246913581, "test_spanlevel-ISG_recall_relaxed": 0.8553030303030303, "test_spanlevel-ISG_f1_relaxed": 0.9801046176046176, "test_spanlevel-PI_precision_relaxed": 0.8727747084100675, "test_spanlevel-PI_recall_relaxed": 0.9738955823293174, "test_spanlevel-PI_f1_relaxed": 0.9725487030459586, "test_spanlevel-ORG_precision_relaxed": 0.9139767932489451, "test_spanlevel-ORG_recall_relaxed": 0.9406581740976646, "test_spanlevel-ORG_f1_relaxed": 0.95820658287525, "test_doclevel-micro_precision": 0.9733542319749217, "test_doclevel-micro_recall": 0.9857142857142858, "test_doclevel-micro_f1": 0.9794952681388014, "test_doclevel-PG_precision": 0.9622641509433962, "test_doclevel-PG_recall": 0.9870967741935484, "test_doclevel-PG_f1": 0.9745222929936306, "test_doclevel-SG_precision": 0.9846153846153847, "test_doclevel-SG_recall": 0.9588014981273408, "test_doclevel-SG_f1": 0.9715370018975332, "test_doclevel-ISG_precision": 0.8888888888888888, "test_doclevel-ISG_recall": 0.8727272727272727, "test_doclevel-ISG_f1": 0.8807339449541284, "test_doclevel-PI_precision": 0.9005524861878453, "test_doclevel-PI_recall": 0.9819277108433735, "test_doclevel-PI_f1": 0.9394812680115274, "test_doclevel-ORG_precision": 0.9556962025316456, "test_doclevel-ORG_recall": 0.9617834394904459, "test_doclevel-ORG_f1": 0.9587301587301587, "test_wordlevel-macro_precision": 0.9279369836310672, "test_wordlevel-macro_recall": 0.939442464863217, "test_wordlevel-macro_f1": 0.9329255536660347, "test_wordlevel-O_precision": 0.9928541654260704, "test_wordlevel-O_recall": 0.9917320961218178, "test_wordlevel-O_f1": 0.9922928135694093, "test_wordlevel-PG_precision": 0.9292604501607717, "test_wordlevel-PG_recall": 0.9829931972789115, "test_wordlevel-PG_f1": 0.9553719008264462, "test_wordlevel-SG_precision": 0.9621962196219622, "test_wordlevel-SG_recall": 0.9239412273120138, "test_wordlevel-SG_f1": 0.9426807760141094, "test_wordlevel-ISG_precision": 0.8888888888888888, "test_wordlevel-ISG_recall": 0.8275862068965517, "test_wordlevel-ISG_f1": 0.8571428571428572, "test_wordlevel-PI_precision": 0.8777555110220441, "test_wordlevel-PI_recall": 0.9668874172185431, "test_wordlevel-PI_f1": 0.9201680672268908, "test_wordlevel-ORG_precision": 0.9166666666666666, "test_wordlevel-ORG_recall": 0.9435146443514645, "test_wordlevel-ORG_f1": 0.9298969072164948, "test_runtime": 8.5476, "test_samples_per_second": 104.825, "test_steps_per_second": 1.638, "epoch": 5.0}