{"test_loss": 0.09619315713644028, "test_seqeval-macro_precision": 0.8037889243719153, "test_seqeval-macro_recall": 0.8208848659935197, "test_seqeval-macro_f1": 0.811992519645802, "test_seqeval-micro_precision": 0.8080402010050252, "test_seqeval-micro_recall": 0.8254620123203286, "test_seqeval-micro_f1": 0.8166582021330624, "test_seqeval-PI_precision": 0.851145038167939, "test_seqeval-PI_recall": 0.8479087452471483, "test_seqeval-PI_f1": 0.8495238095238096, "test_seqeval-PG_precision": 0.903448275862069, "test_seqeval-PG_recall": 0.8972602739726028, "test_seqeval-PG_f1": 0.9003436426116839, "test_seqeval-SG_precision": 0.8148148148148148, "test_seqeval-SG_recall": 0.8208955223880597, "test_seqeval-SG_f1": 0.8178438661710037, "test_seqeval-ORG_precision": 0.7198067632850241, "test_seqeval-ORG_recall": 0.7883597883597884, "test_seqeval-ORG_f1": 0.7525252525252525, "test_seqeval-ISG_precision": 0.7297297297297297, "test_seqeval-ISG_recall": 0.75, "test_seqeval-ISG_f1": 0.7397260273972601, "test_spanlevel-macro_precision_spanwise": 0.8078749228917916, "test_spanlevel-macro_recall_spanwise": 0.7989832519995477, "test_spanlevel-macro_f1_spanwise": 0.7984631701103833, "test_spanlevel-macro_precision_seqavg": 0.7994058964983567, "test_spanlevel-macro_recall_seqavg": 0.7831934379109116, "test_spanlevel-macro_f1_seqavg": 0.7865447283247001, "test_spanlevel-micro_precision_spanwise": 0.880390308616115, "test_spanlevel-micro_recall_spanwise": 0.86553194280467, "test_spanlevel-micro_f1_spanwise": 0.8660127892647225, "test_spanlevel-micro_precision_seqavg": 0.8700888837436649, "test_spanlevel-micro_recall_seqavg": 0.8548408371747108, "test_spanlevel-micro_f1_seqavg": 0.8551019085082744, "test_spanlevel-PI_precision_spanwise": 0.8380952380952381, "test_spanlevel-PI_recall_spanwise": 0.8351190476190475, "test_spanlevel-PI_f1_spanwise": 0.832991651205937, "test_spanlevel-PI_precision_seqavg": 0.8510627458377195, "test_spanlevel-PI_recall_seqavg": 0.8501431397502176, "test_spanlevel-PI_f1_seqavg": 0.8471370305027897, "test_spanlevel-PG_precision_spanwise": 0.9072847682119205, "test_spanlevel-PG_recall_spanwise": 0.908167770419426, "test_spanlevel-PG_f1_spanwise": 0.9054451802796174, "test_spanlevel-PG_precision_seqavg": 0.8914892797239423, "test_spanlevel-PG_recall_seqavg": 0.8868393053161291, "test_spanlevel-PG_f1_seqavg": 0.8874980307416515, "test_spanlevel-SG_precision_spanwise": 0.8488262910798122, "test_spanlevel-SG_recall_spanwise": 0.8381203890006707, "test_spanlevel-SG_f1_spanwise": 0.8360808980572317, "test_spanlevel-SG_precision_seqavg": 0.8526414533259316, "test_spanlevel-SG_recall_seqavg": 0.8239199257482246, "test_spanlevel-SG_f1_seqavg": 0.8298272282726442, "test_spanlevel-ORG_precision_spanwise": 0.7771788990825689, "test_spanlevel-ORG_recall_spanwise": 0.7481651376146788, "test_spanlevel-ORG_f1_spanwise": 0.7553642585752677, "test_spanlevel-ORG_precision_seqavg": 0.8018699261729434, "test_spanlevel-ORG_recall_seqavg": 0.7636488817522681, "test_spanlevel-ORG_f1_seqavg": 0.7752776883500447, "test_spanlevel-ISG_precision_spanwise": 0.6679894179894179, "test_spanlevel-ISG_recall_spanwise": 0.6653439153439153, "test_spanlevel-ISG_f1_spanwise": 0.6624338624338625, "test_spanlevel-ISG_precision_seqavg": 0.599966077431247, "test_spanlevel-ISG_recall_seqavg": 0.5914159369877187, "test_spanlevel-ISG_f1_seqavg": 0.5929836637563705, "test_spanlevel-macro_precision_relaxed": 0.8868078937523383, "test_spanlevel-macro_recall_relaxed": 0.8792316926770711, "test_spanlevel-macro_f1_relaxed": 0.9333274623334527, "test_spanlevel-micro_precision_relaxed": 0.8847409277964834, "test_spanlevel-micro_recall_relaxed": 0.8794277711084437, "test_spanlevel-micro_f1_relaxed": 0.9320727153964736, "test_spanlevel-PI_precision_relaxed": 0.907126168224299, "test_spanlevel-PI_recall_relaxed": 0.8890151515151514, "test_spanlevel-PI_f1_relaxed": 0.966635422548466, "test_spanlevel-PG_precision_relaxed": 0.9629629629629629, "test_spanlevel-PG_recall_relaxed": 0.9434052757793765, "test_spanlevel-PG_f1_relaxed": 0.9770580296896086, "test_spanlevel-SG_precision_relaxed": 0.9136097820308348, "test_spanlevel-SG_recall_relaxed": 0.8795791805094131, "test_spanlevel-SG_f1_relaxed": 0.9534693632030611, "test_spanlevel-ORG_precision_relaxed": 0.8245981830887491, "test_spanlevel-ORG_recall_relaxed": 0.8760273972602739, "test_spanlevel-ORG_f1_relaxed": 0.9371991726635356, "test_spanlevel-ISG_precision_relaxed": 0.7952127659574468, "test_spanlevel-ISG_recall_relaxed": 0.7977430555555557, "test_spanlevel-ISG_f1_relaxed": 0.9426105540029589, "test_doclevel-micro_precision": 0.9629629629629629, "test_doclevel-micro_recall": 0.9613445378151261, "test_doclevel-micro_f1": 0.9621530698065601, "test_doclevel-PI_precision": 0.9392523364485982, "test_doclevel-PI_recall": 0.9136363636363637, "test_doclevel-PI_f1": 0.9262672811059909, "test_doclevel-PG_precision": 0.9851851851851852, "test_doclevel-PG_recall": 0.9568345323741008, "test_doclevel-PG_f1": 0.9708029197080292, "test_doclevel-SG_precision": 0.9425837320574163, "test_doclevel-SG_recall": 0.9162790697674419, "test_doclevel-SG_f1": 0.9292452830188679, "test_doclevel-ORG_precision": 0.8616352201257862, "test_doclevel-ORG_recall": 0.9383561643835616, "test_doclevel-ORG_f1": 0.898360655737705, "test_doclevel-ISG_precision": 0.8404255319148937, "test_doclevel-ISG_recall": 0.8229166666666666, "test_doclevel-ISG_f1": 0.8315789473684212, "test_wordlevel-macro_precision": 0.9065885284717288, "test_wordlevel-macro_recall": 0.8821488652069688, "test_wordlevel-macro_f1": 0.8938827031456605, "test_wordlevel-O_precision": 0.9844813837943936, "test_wordlevel-O_recall": 0.9908019013519354, "test_wordlevel-O_f1": 0.9876315303673621, "test_wordlevel-PI_precision": 0.9149305555555556, "test_wordlevel-PI_recall": 0.85, "test_wordlevel-PI_f1": 0.8812709030100335, "test_wordlevel-PG_precision": 0.9615384615384616, "test_wordlevel-PG_recall": 0.9259259259259259, "test_wordlevel-PG_f1": 0.9433962264150944, "test_wordlevel-SG_precision": 0.9163120567375886, "test_wordlevel-SG_recall": 0.847769028871391, "test_wordlevel-SG_f1": 0.8807089297886843, "test_wordlevel-ORG_precision": 0.8512931034482759, "test_wordlevel-ORG_recall": 0.8624454148471615, "test_wordlevel-ORG_f1": 0.8568329718004338, "test_wordlevel-ISG_precision": 0.8109756097560976, "test_wordlevel-ISG_recall": 0.8159509202453987, "test_wordlevel-ISG_f1": 0.8134556574923547, "test_runtime": 4.8642, "test_samples_per_second": 180.09, "test_steps_per_second": 2.878, "epoch": 5.0, "run_id": "rep02-fold02"}
