{"test_loss": 0.09503502398729324, "test_seqeval-macro_precision": 0.7905568562608629, "test_seqeval-macro_recall": 0.8228930518732227, "test_seqeval-macro_f1": 0.8059807582732514, "test_seqeval-micro_precision": 0.7946692991115498, "test_seqeval-micro_recall": 0.8264887063655031, "test_seqeval-micro_f1": 0.8102667337695018, "test_seqeval-PG_precision": 0.8972602739726028, "test_seqeval-PG_recall": 0.8972602739726028, "test_seqeval-PG_f1": 0.8972602739726028, "test_seqeval-SG_precision": 0.7941176470588235, "test_seqeval-SG_recall": 0.8059701492537313, "test_seqeval-SG_f1": 0.8, "test_seqeval-ISG_precision": 0.7043478260869566, "test_seqeval-ISG_recall": 0.75, "test_seqeval-ISG_f1": 0.7264573991031391, "test_seqeval-PI_precision": 0.8421052631578947, "test_seqeval-PI_recall": 0.8517110266159695, "test_seqeval-PI_f1": 0.8468809073724007, "test_seqeval-ORG_precision": 0.7149532710280374, "test_seqeval-ORG_recall": 0.8095238095238095, "test_seqeval-ORG_f1": 0.7593052109181141, "test_spanlevel-macro_precision_spanwise": 0.8011525392677518, "test_spanlevel-macro_recall_spanwise": 0.7934391279333951, "test_spanlevel-macro_f1_spanwise": 0.792700517152445, "test_spanlevel-macro_precision_seqavg": 0.7964343922958693, "test_spanlevel-macro_recall_seqavg": 0.7815004019348861, "test_spanlevel-macro_f1_seqavg": 0.7844045088371202, "test_spanlevel-micro_precision_spanwise": 0.8784086185395594, "test_spanlevel-micro_recall_spanwise": 0.8640184581018722, "test_spanlevel-micro_f1_spanwise": 0.8644722302495292, "test_spanlevel-micro_precision_seqavg": 0.8703605405544016, "test_spanlevel-micro_recall_seqavg": 0.8554184237948375, "test_spanlevel-micro_f1_seqavg": 0.8556650042596585, "test_spanlevel-PG_precision_spanwise": 0.9050772626931567, "test_spanlevel-PG_recall_spanwise": 0.9070640176600442, "test_spanlevel-PG_f1_spanwise": 0.9039735099337748, "test_spanlevel-PG_precision_seqavg": 0.8899508330026765, "test_spanlevel-PG_recall_seqavg": 0.8860700819554963, "test_spanlevel-PG_f1_seqavg": 0.886472399594141, "test_spanlevel-SG_precision_spanwise": 0.8356060606060607, "test_spanlevel-SG_recall_spanwise": 0.8227605727605727, "test_spanlevel-SG_f1_spanwise": 0.8221761736932627, "test_spanlevel-SG_precision_seqavg": 0.8577387470224122, "test_spanlevel-SG_recall_seqavg": 0.8307341480065904, "test_spanlevel-SG_f1_seqavg": 0.8350982478840328, "test_spanlevel-ISG_precision_spanwise": 0.6524547803617571, "test_spanlevel-ISG_recall_spanwise": 0.6511627906976745, "test_spanlevel-ISG_f1_spanwise": 0.6480620155038759, "test_spanlevel-ISG_precision_seqavg": 0.5842441463465543, "test_spanlevel-ISG_recall_seqavg": 0.5773388119125501, "test_spanlevel-ISG_f1_seqavg": 0.5784082555937238, "test_spanlevel-PI_precision_spanwise": 0.8395390070921985, "test_spanlevel-PI_recall_spanwise": 0.8336557059961316, "test_spanlevel-PI_f1_spanwise": 0.8319962543366799, "test_spanlevel-PI_precision_seqavg": 0.8502598774340269, "test_spanlevel-PI_recall_seqavg": 0.8474385075498679, "test_spanlevel-PI_f1_seqavg": 0.8451759932990767, "test_spanlevel-ORG_precision_spanwise": 0.7730855855855856, "test_spanlevel-ORG_recall_spanwise": 0.7525525525525525, "test_spanlevel-ORG_f1_spanwise": 0.7572946322946323, "test_spanlevel-ORG_precision_seqavg": 0.7999783576736762, "test_spanlevel-ORG_recall_seqavg": 0.7659204602499262, "test_spanlevel-ORG_f1_seqavg": 0.7768676478146269, "test_spanlevel-macro_precision_relaxed": 0.8782229641995917, "test_spanlevel-macro_recall_relaxed": 0.8836918403725127, "test_spanlevel-macro_f1_relaxed": 0.9291419275320459, "test_spanlevel-micro_precision_relaxed": 0.8765349656835465, "test_spanlevel-micro_recall_relaxed": 0.8840279748262941, "test_spanlevel-micro_f1_relaxed": 0.9282961869758909, "test_spanlevel-PG_precision_relaxed": 0.9592592592592593, "test_spanlevel-PG_recall_relaxed": 0.9434052757793765, "test_spanlevel-PG_f1_relaxed": 0.9758048968575284, "test_spanlevel-SG_precision_relaxed": 0.9131607335490829, "test_spanlevel-SG_recall_relaxed": 0.8696566998892581, "test_spanlevel-SG_f1_relaxed": 0.949219398677167, "test_spanlevel-ISG_precision_relaxed": 0.7798245614035088, "test_spanlevel-ISG_recall_relaxed": 0.7994791666666666, "test_spanlevel-ISG_f1_relaxed": 0.9400710461800169, "test_spanlevel-PI_precision_relaxed": 0.8995775729646698, "test_spanlevel-PI_recall_relaxed": 0.893767217630854, "test_spanlevel-PI_f1_relaxed": 0.9675414129626444, "test_spanlevel-ORG_precision_relaxed": 0.812542603953647, "test_spanlevel-ORG_recall_relaxed": 0.8972602739726028, "test_spanlevel-ORG_f1_relaxed": 0.941857791789275, "test_doclevel-micro_precision": 0.9599332220367279, "test_doclevel-micro_recall": 0.9663865546218487, "test_doclevel-micro_f1": 0.9631490787269682, "test_doclevel-PG_precision": 0.9851851851851852, "test_doclevel-PG_recall": 0.9568345323741008, "test_doclevel-PG_f1": 0.9708029197080292, "test_doclevel-SG_precision": 0.9466019417475728, "test_doclevel-SG_recall": 0.9069767441860465, "test_doclevel-SG_f1": 0.9263657957244654, "test_doclevel-ISG_precision": 0.8315789473684211, "test_doclevel-ISG_recall": 0.8229166666666666, "test_doclevel-ISG_f1": 0.8272251308900523, "test_doclevel-PI_precision": 0.9308755760368663, "test_doclevel-PI_recall": 0.9181818181818182, "test_doclevel-PI_f1": 0.9244851258581236, "test_doclevel-ORG_precision": 0.8466257668711656, "test_doclevel-ORG_recall": 0.9452054794520548, "test_doclevel-ORG_f1": 0.8932038834951457, "test_wordlevel-macro_precision": 0.8977820290914612, "test_wordlevel-macro_recall": 0.8835126401175987, "test_wordlevel-macro_f1": 0.8901328817100728, "test_wordlevel-O_precision": 0.9856221198156682, "test_wordlevel-O_recall": 0.99024631150071, "test_wordlevel-O_f1": 0.9879288045821273, "test_wordlevel-PG_precision": 0.9578544061302682, "test_wordlevel-PG_recall": 0.9259259259259259, "test_wordlevel-PG_f1": 0.9416195856873822, "test_wordlevel-SG_precision": 0.9093484419263456, "test_wordlevel-SG_recall": 0.84251968503937, "test_wordlevel-SG_f1": 0.8746594005449589, "test_wordlevel-ISG_precision": 0.7857142857142857, "test_wordlevel-ISG_recall": 0.8098159509202454, "test_wordlevel-ISG_f1": 0.797583081570997, "test_wordlevel-PI_precision": 0.9106529209621993, "test_wordlevel-PI_recall": 0.8548387096774194, "test_wordlevel-PI_f1": 0.8818635607321131, "test_wordlevel-ORG_precision": 0.8375, "test_wordlevel-ORG_recall": 0.8777292576419214, "test_wordlevel-ORG_f1": 0.8571428571428572, "test_runtime": 8.2969, "test_samples_per_second": 105.581, "test_steps_per_second": 1.687, "epoch": 5.0}