{"test_loss": 0.107627734541893, "test_seqeval-macro_precision": 0.7483793464335337, "test_seqeval-macro_recall": 0.8185813081169867, "test_seqeval-macro_f1": 0.7806834197102802, "test_seqeval-micro_precision": 0.75, "test_seqeval-micro_recall": 0.826427771556551, "test_seqeval-micro_f1": 0.7863612147043155, "test_seqeval-PI_precision": 0.673469387755102, "test_seqeval-PI_recall": 0.8048780487804879, "test_seqeval-PI_f1": 0.7333333333333334, "test_seqeval-PG_precision": 0.8666666666666667, "test_seqeval-PG_recall": 0.8921568627450981, "test_seqeval-PG_f1": 0.8792270531400966, "test_seqeval-SG_precision": 0.7957559681697612, "test_seqeval-SG_recall": 0.8379888268156425, "test_seqeval-SG_f1": 0.8163265306122448, "test_seqeval-ORG_precision": 0.7019230769230769, "test_seqeval-ORG_recall": 0.8538011695906432, "test_seqeval-ORG_f1": 0.7704485488126648, "test_seqeval-ISG_precision": 0.7040816326530612, "test_seqeval-ISG_recall": 0.7040816326530612, "test_seqeval-ISG_f1": 0.7040816326530612, "test_spanlevel-macro_precision_spanwise": 0.7826101830467136, "test_spanlevel-macro_recall_spanwise": 0.7688405684430946, "test_spanlevel-macro_f1_spanwise": 0.7692831811280232, "test_spanlevel-macro_precision_seqavg": 0.809751367907922, "test_spanlevel-macro_recall_seqavg": 0.7961209279350374, "test_spanlevel-macro_f1_seqavg": 0.797849037949095, "test_spanlevel-micro_precision_spanwise": 0.858905468248384, "test_spanlevel-micro_recall_spanwise": 0.8475762612928937, "test_spanlevel-micro_f1_spanwise": 0.8450753380810834, "test_spanlevel-micro_precision_seqavg": 0.8601160705088691, "test_spanlevel-micro_recall_seqavg": 0.8451312517269964, "test_spanlevel-micro_f1_seqavg": 0.8434590642032218, "test_spanlevel-PI_precision_spanwise": 0.719513201320132, "test_spanlevel-PI_recall_spanwise": 0.7127982083922679, "test_spanlevel-PI_f1_spanwise": 0.7113027969463613, "test_spanlevel-PI_precision_seqavg": 0.7643857708920606, "test_spanlevel-PI_recall_seqavg": 0.7668127886898901, "test_spanlevel-PI_f1_seqavg": 0.761316916166542, "test_spanlevel-PG_precision_spanwise": 0.9371069182389936, "test_spanlevel-PG_recall_spanwise": 0.9314465408805032, "test_spanlevel-PG_f1_spanwise": 0.9292902066486972, "test_spanlevel-PG_precision_seqavg": 0.9324591206101878, "test_spanlevel-PG_recall_seqavg": 0.9167328654287107, "test_spanlevel-PG_f1_seqavg": 0.9203356624260371, "test_spanlevel-SG_precision_spanwise": 0.8601162509365633, "test_spanlevel-SG_recall_spanwise": 0.8599020337301587, "test_spanlevel-SG_f1_spanwise": 0.8506924793596257, "test_spanlevel-SG_precision_seqavg": 0.8640642690912707, "test_spanlevel-SG_recall_seqavg": 0.8625134837077508, "test_spanlevel-SG_f1_seqavg": 0.8571680619303492, "test_spanlevel-ORG_precision_spanwise": 0.7395348837209302, "test_spanlevel-ORG_recall_spanwise": 0.7157622739018088, "test_spanlevel-ORG_f1_spanwise": 0.7223620611035112, "test_spanlevel-ORG_precision_seqavg": 0.7805963979655682, "test_spanlevel-ORG_recall_seqavg": 0.7591000969325861, "test_spanlevel-ORG_f1_seqavg": 0.7655623238578951, "test_spanlevel-ISG_precision_spanwise": 0.6567796610169492, "test_spanlevel-ISG_recall_spanwise": 0.6242937853107345, "test_spanlevel-ISG_f1_spanwise": 0.6327683615819208, "test_spanlevel-ISG_precision_seqavg": 0.7072512809805233, "test_spanlevel-ISG_recall_seqavg": 0.6754454049162492, "test_spanlevel-ISG_f1_seqavg": 0.6848622253646518, "test_spanlevel-macro_precision_relaxed": 0.8464219243289013, "test_spanlevel-macro_recall_relaxed": 0.9012973928777036, "test_spanlevel-macro_f1_relaxed": 0.9133814757572954, "test_spanlevel-micro_precision_relaxed": 0.846149683649684, "test_spanlevel-micro_recall_relaxed": 0.9024008279189625, "test_spanlevel-micro_f1_relaxed": 0.9140768161447586, "test_spanlevel-PI_precision_relaxed": 0.7539231601731601, "test_spanlevel-PI_recall_relaxed": 0.8964163614163614, "test_spanlevel-PI_f1_relaxed": 0.9418294631176082, "test_spanlevel-PG_precision_relaxed": 0.9479166666666666, "test_spanlevel-PG_recall_relaxed": 0.9652482269503545, "test_spanlevel-PG_f1_relaxed": 0.9707582739840805, "test_spanlevel-SG_precision_relaxed": 0.8984735234735234, "test_spanlevel-SG_recall_relaxed": 0.924481697440881, "test_spanlevel-SG_f1_relaxed": 0.9408327851852736, "test_spanlevel-ORG_precision_relaxed": 0.7773809523809524, "test_spanlevel-ORG_recall_relaxed": 0.9020061728395063, "test_spanlevel-ORG_f1_relaxed": 0.9460803973996017, "test_spanlevel-ISG_precision_relaxed": 0.7947368421052632, "test_spanlevel-ISG_recall_relaxed": 0.7596491228070175, "test_spanlevel-ISG_f1_relaxed": 0.945887445887446, "test_doclevel-micro_precision": 0.946843853820598, "test_doclevel-micro_recall": 0.9844559585492227, "test_doclevel-micro_f1": 0.9652836579170194, "test_doclevel-PI_precision": 0.7922077922077922, "test_doclevel-PI_recall": 0.9384615384615385, "test_doclevel-PI_f1": 0.8591549295774646, "test_doclevel-PG_precision": 0.96875, "test_doclevel-PG_recall": 0.9893617021276596, "test_doclevel-PG_f1": 0.9789473684210526, "test_doclevel-SG_precision": 0.9493243243243243, "test_doclevel-SG_recall": 0.95578231292517, "test_doclevel-SG_f1": 0.9525423728813558, "test_doclevel-ORG_precision": 0.8095238095238095, "test_doclevel-ORG_recall": 0.9444444444444444, "test_doclevel-ORG_f1": 0.8717948717948718, "test_doclevel-ISG_precision": 0.8105263157894737, "test_doclevel-ISG_recall": 0.8105263157894737, "test_doclevel-ISG_f1": 0.8105263157894737, "test_wordlevel-macro_precision": 0.8714551806350593, "test_wordlevel-macro_recall": 0.8790579339581092, "test_wordlevel-macro_f1": 0.8744665208148237, "test_wordlevel-O_precision": 0.9873496906929867, "test_wordlevel-O_recall": 0.9846804380978789, "test_wordlevel-O_f1": 0.9860132579044182, "test_wordlevel-PI_precision": 0.8048780487804879, "test_wordlevel-PI_recall": 0.8204419889502762, "test_wordlevel-PI_f1": 0.8125854993160054, "test_wordlevel-PG_precision": 0.9318181818181818, "test_wordlevel-PG_recall": 0.9425287356321839, "test_wordlevel-PG_f1": 0.9371428571428572, "test_wordlevel-SG_precision": 0.9114035087719298, "test_wordlevel-SG_recall": 0.9122036874451273, "test_wordlevel-SG_f1": 0.9118034225537516, "test_wordlevel-ORG_precision": 0.7932816537467701, "test_wordlevel-ORG_recall": 0.8898550724637682, "test_wordlevel-ORG_f1": 0.8387978142076504, "test_wordlevel-ISG_precision": 0.8, "test_wordlevel-ISG_recall": 0.7246376811594203, "test_wordlevel-ISG_f1": 0.7604562737642586, "test_runtime": 4.7013, "test_samples_per_second": 172.292, "test_steps_per_second": 2.765, "epoch": 5.0, "run_id": "rep01-fold01"}
