{"test_loss": 0.07986006140708923, "test_seqeval-macro_precision": 0.8763803452979151, "test_seqeval-macro_recall": 0.8948119585349993, "test_seqeval-macro_f1": 0.8852518136640735, "test_seqeval-micro_precision": 0.874, "test_seqeval-micro_recall": 0.8973305954825462, "test_seqeval-micro_f1": 0.8855116514690983, "test_seqeval-PG_precision": 0.9375, "test_seqeval-PG_recall": 0.9246575342465754, "test_seqeval-PG_f1": 0.9310344827586208, "test_seqeval-SG_precision": 0.8764044943820225, "test_seqeval-SG_recall": 0.8731343283582089, "test_seqeval-SG_f1": 0.874766355140187, "test_seqeval-ISG_precision": 0.8611111111111112, "test_seqeval-ISG_recall": 0.8611111111111112, "test_seqeval-ISG_f1": 0.8611111111111112, "test_seqeval-PI_precision": 0.8718861209964412, "test_seqeval-PI_recall": 0.9315589353612167, "test_seqeval-PI_f1": 0.900735294117647, "test_seqeval-ORG_precision": 0.835, "test_seqeval-ORG_recall": 0.8835978835978836, "test_seqeval-ORG_f1": 0.858611825192802, "test_spanlevel-macro_precision_spanwise": 0.87804363689383, "test_spanlevel-macro_recall_spanwise": 0.8772279447940405, "test_spanlevel-macro_f1_spanwise": 0.8749206929438855, "test_spanlevel-macro_precision_seqavg": 0.8916495889286731, "test_spanlevel-macro_recall_seqavg": 0.887902407442256, "test_spanlevel-macro_f1_seqavg": 0.8872945078596473, "test_spanlevel-micro_precision_spanwise": 0.9129666011787819, "test_spanlevel-micro_recall_spanwise": 0.9118642217856364, "test_spanlevel-micro_f1_spanwise": 0.9090998419759745, "test_spanlevel-micro_precision_seqavg": 0.9054830523835418, "test_spanlevel-micro_recall_seqavg": 0.9051367202672258, "test_spanlevel-micro_f1_seqavg": 0.9019088785835907, "test_spanlevel-PG_precision_spanwise": 0.947072072072072, "test_spanlevel-PG_recall_spanwise": 0.9518018018018019, "test_spanlevel-PG_f1_spanwise": 0.9459459459459459, "test_spanlevel-PG_precision_seqavg": 0.9436563611961085, "test_spanlevel-PG_recall_seqavg": 0.9365100890657556, "test_spanlevel-PG_f1_seqavg": 0.9355409977014493, "test_spanlevel-SG_precision_spanwise": 0.898372730387119, "test_spanlevel-SG_recall_spanwise": 0.8931369190361996, "test_spanlevel-SG_f1_spanwise": 0.891317437298044, "test_spanlevel-SG_precision_seqavg": 0.9028924114673903, "test_spanlevel-SG_recall_seqavg": 0.8912834827329293, "test_spanlevel-SG_f1_seqavg": 0.8935129180947762, "test_spanlevel-ISG_precision_spanwise": 0.8050847457627118, "test_spanlevel-ISG_recall_spanwise": 0.8022598870056498, "test_spanlevel-ISG_f1_spanwise": 0.8019774011299434, "test_spanlevel-ISG_precision_seqavg": 0.8092628733090168, "test_spanlevel-ISG_recall_seqavg": 0.8087210088551031, "test_spanlevel-ISG_f1_seqavg": 0.8080199812092915, "test_spanlevel-PI_precision_spanwise": 0.8875147232037692, "test_spanlevel-PI_recall_spanwise": 0.8919316843345112, "test_spanlevel-PI_f1_spanwise": 0.8878260137977452, "test_spanlevel-PI_precision_seqavg": 0.8976980467896576, "test_spanlevel-PI_recall_seqavg": 0.902373377895237, "test_spanlevel-PI_f1_seqavg": 0.8974641813241792, "test_spanlevel-ORG_precision_spanwise": 0.8521739130434783, "test_spanlevel-ORG_recall_spanwise": 0.8470094317920406, "test_spanlevel-ORG_f1_spanwise": 0.8475366665477492, "test_spanlevel-ORG_precision_seqavg": 0.9047382518811921, "test_spanlevel-ORG_recall_seqavg": 0.9006240786622549, "test_spanlevel-ORG_f1_seqavg": 0.9019344609685409, "test_spanlevel-macro_precision_relaxed": 0.9199763099219621, "test_spanlevel-macro_recall_relaxed": 0.9371481926103776, "test_spanlevel-macro_f1_relaxed": 0.9578956506295506, "test_spanlevel-micro_precision_relaxed": 0.9191610925306577, "test_spanlevel-micro_recall_relaxed": 0.9376523942910499, "test_spanlevel-micro_f1_relaxed": 0.9575152527148955, "test_spanlevel-PG_precision_relaxed": 0.9767156862745099, "test_spanlevel-PG_recall_relaxed": 0.9630695443645084, "test_spanlevel-PG_f1_relaxed": 0.9837037037037037, "test_spanlevel-SG_precision_relaxed": 0.9412830687830688, "test_spanlevel-SG_recall_relaxed": 0.9233074935400516, "test_spanlevel-SG_f1_relaxed": 0.973813196537045, "test_spanlevel-ISG_precision_relaxed": 0.887719298245614, "test_spanlevel-ISG_recall_relaxed": 0.876736111111111, "test_spanlevel-ISG_f1_relaxed": 0.9751937984496125, "test_spanlevel-PI_precision_relaxed": 0.9033842794759825, "test_spanlevel-PI_recall_relaxed": 0.9702651515151516, "test_spanlevel-PI_f1_relaxed": 0.9701318836202557, "test_spanlevel-ORG_precision_relaxed": 0.8998888888888888, "test_spanlevel-ORG_recall_relaxed": 0.9417074363992172, "test_spanlevel-ORG_f1_relaxed": 0.9640940817321645, "test_doclevel-micro_precision": 0.9698996655518395, "test_doclevel-micro_recall": 0.9747899159663865, "test_doclevel-micro_f1": 0.9723386420787931, "test_doclevel-PG_precision": 0.9926470588235294, "test_doclevel-PG_recall": 0.9712230215827338, "test_doclevel-PG_f1": 0.9818181818181818, "test_doclevel-SG_precision": 0.9619047619047619, "test_doclevel-SG_recall": 0.9395348837209302, "test_doclevel-SG_f1": 0.9505882352941177, "test_doclevel-ISG_precision": 0.9052631578947369, "test_doclevel-ISG_recall": 0.8958333333333334, "test_doclevel-ISG_f1": 0.900523560209424, "test_doclevel-PI_precision": 0.9388646288209607, "test_doclevel-PI_recall": 0.9772727272727273, "test_doclevel-PI_f1": 0.957683741648107, "test_doclevel-ORG_precision": 0.9333333333333333, "test_doclevel-ORG_recall": 0.958904109589041, "test_doclevel-ORG_f1": 0.9459459459459458, "test_wordlevel-macro_precision": 0.9427229319551991, "test_wordlevel-macro_recall": 0.9416871050464074, "test_wordlevel-macro_f1": 0.9419087958532663, "test_wordlevel-O_precision": 0.9926534140017286, "test_wordlevel-O_recall": 0.9925921353169949, "test_wordlevel-O_f1": 0.9926227737136155, "test_wordlevel-PG_precision": 0.9699248120300752, "test_wordlevel-PG_recall": 0.9555555555555556, "test_wordlevel-PG_f1": 0.9626865671641791, "test_wordlevel-SG_precision": 0.9584487534626038, "test_wordlevel-SG_recall": 0.9081364829396326, "test_wordlevel-SG_f1": 0.9326145552560647, "test_wordlevel-ISG_precision": 0.9056603773584906, "test_wordlevel-ISG_recall": 0.8834355828220859, "test_wordlevel-ISG_f1": 0.8944099378881988, "test_wordlevel-PI_precision": 0.9203675344563553, "test_wordlevel-PI_recall": 0.9693548387096774, "test_wordlevel-PI_f1": 0.9442262372348784, "test_wordlevel-ORG_precision": 0.9092827004219409, "test_wordlevel-ORG_recall": 0.9410480349344978, "test_wordlevel-ORG_f1": 0.9248927038626609, "test_runtime": 8.106, "test_samples_per_second": 108.069, "test_steps_per_second": 1.727, "epoch": 7.0}