{"test_loss": 0.07923794537782669, "test_seqeval-macro_precision": 0.7992828967768857, "test_seqeval-macro_recall": 0.8512101666254039, "test_seqeval-macro_f1": 0.8241453467666439, "test_seqeval-micro_precision": 0.80931744312026, "test_seqeval-micro_recall": 0.8605990783410138, "test_seqeval-micro_f1": 0.8341708542713567, "test_seqeval-PG_precision": 0.8947368421052632, "test_seqeval-PG_recall": 0.95625, "test_seqeval-PG_f1": 0.9244712990936558, "test_seqeval-SG_precision": 0.8181818181818182, "test_seqeval-SG_recall": 0.8674698795180723, "test_seqeval-SG_f1": 0.8421052631578947, "test_seqeval-ISG_precision": 0.7037037037037037, "test_seqeval-ISG_recall": 0.76, "test_seqeval-ISG_f1": 0.7307692307692308, "test_seqeval-PI_precision": 0.8274111675126904, "test_seqeval-PI_recall": 0.8274111675126904, "test_seqeval-PI_f1": 0.8274111675126904, "test_seqeval-ORG_precision": 0.7523809523809524, "test_seqeval-ORG_recall": 0.8449197860962567, "test_seqeval-ORG_f1": 0.7959697732997482, "test_spanlevel-macro_precision_spanwise": 0.8448794159161087, "test_spanlevel-macro_recall_spanwise": 0.8373693360506126, "test_spanlevel-macro_f1_spanwise": 0.8372508315111628, "test_spanlevel-macro_precision_seqavg": 0.8444263696054323, "test_spanlevel-macro_recall_seqavg": 0.8327352492833588, "test_spanlevel-macro_f1_seqavg": 0.8343210058173807, "test_spanlevel-micro_precision_spanwise": 0.9004697253876685, "test_spanlevel-micro_recall_spanwise": 0.8949361542906401, "test_spanlevel-micro_f1_spanwise": 0.8936354036189922, "test_spanlevel-micro_precision_seqavg": 0.8958744893604049, "test_spanlevel-micro_recall_seqavg": 0.8903921000751985, "test_spanlevel-micro_f1_seqavg": 0.8891342445699841, "test_spanlevel-PG_precision_spanwise": 0.9319526627218935, "test_spanlevel-PG_recall_spanwise": 0.9319526627218935, "test_spanlevel-PG_f1_spanwise": 0.9284023668639053, "test_spanlevel-PG_precision_seqavg": 0.9060137017745706, "test_spanlevel-PG_recall_seqavg": 0.894312063983803, "test_spanlevel-PG_f1_seqavg": 0.8930346126725552, "test_spanlevel-SG_precision_spanwise": 0.9026428406199399, "test_spanlevel-SG_recall_spanwise": 0.8931669475562605, "test_spanlevel-SG_f1_spanwise": 0.893937603956688, "test_spanlevel-SG_precision_seqavg": 0.9215852290926498, "test_spanlevel-SG_recall_seqavg": 0.9019921678731987, "test_spanlevel-SG_f1_seqavg": 0.9078149281847319, "test_spanlevel-ISG_precision_spanwise": 0.7176470588235294, "test_spanlevel-ISG_recall_spanwise": 0.7137254901960784, "test_spanlevel-ISG_f1_spanwise": 0.7133333333333333, "test_spanlevel-ISG_precision_seqavg": 0.7213077435380538, "test_spanlevel-ISG_recall_seqavg": 0.7058239187238813, "test_spanlevel-ISG_f1_seqavg": 0.7093834565271203, "test_spanlevel-PI_precision_spanwise": 0.8475513428120063, "test_spanlevel-PI_recall_spanwise": 0.8363349131121641, "test_spanlevel-PI_f1_spanwise": 0.8363420939250324, "test_spanlevel-PI_precision_seqavg": 0.824908706497888, "test_spanlevel-PI_recall_seqavg": 0.8247689113503638, "test_spanlevel-PI_f1_seqavg": 0.8222774114671655, "test_spanlevel-ORG_precision_spanwise": 0.8246031746031746, "test_spanlevel-ORG_recall_spanwise": 0.8116666666666666, "test_spanlevel-ORG_f1_spanwise": 0.8142387594768546, "test_spanlevel-ORG_precision_seqavg": 0.8483164671239994, "test_spanlevel-ORG_recall_seqavg": 0.8367791844855474, "test_spanlevel-ORG_f1_seqavg": 0.8390946202353309, "test_spanlevel-macro_precision_relaxed": 0.9025200481517686, "test_spanlevel-macro_recall_relaxed": 0.9267154074635826, "test_spanlevel-macro_f1_relaxed": 0.9448957048515376, "test_spanlevel-micro_precision_relaxed": 0.9019945874515768, "test_spanlevel-micro_recall_relaxed": 0.9264771673987003, "test_spanlevel-micro_f1_relaxed": 0.9446054102684402, "test_spanlevel-PG_precision_relaxed": 0.9357429718875501, "test_spanlevel-PG_recall_relaxed": 0.9894514767932489, "test_spanlevel-PG_f1_relaxed": 0.9814345991561181, "test_spanlevel-SG_precision_relaxed": 0.9233414239482202, "test_spanlevel-SG_recall_relaxed": 0.9447873376623377, "test_spanlevel-SG_f1_relaxed": 0.9633420710343787, "test_spanlevel-ISG_precision_relaxed": 0.8194444444444444, "test_spanlevel-ISG_recall_relaxed": 0.8287037037037037, "test_spanlevel-ISG_f1_relaxed": 0.9639344262295082, "test_spanlevel-PI_precision_relaxed": 0.9037878787878788, "test_spanlevel-PI_recall_relaxed": 0.9003086419753086, "test_spanlevel-PI_f1_relaxed": 0.960148548418887, "test_spanlevel-ORG_precision_relaxed": 0.8545227920227919, "test_spanlevel-ORG_recall_relaxed": 0.9058888888888889, "test_spanlevel-ORG_f1_relaxed": 0.9506894167416636, "test_doclevel-micro_precision": 0.96415770609319, "test_doclevel-micro_recall": 0.9817518248175182, "test_doclevel-micro_f1": 0.9728752260397829, "test_doclevel-PG_precision": 0.9518072289156626, "test_doclevel-PG_recall": 1.0, "test_doclevel-PG_f1": 0.9753086419753086, "test_doclevel-SG_precision": 0.9514563106796117, "test_doclevel-SG_recall": 0.98, "test_doclevel-SG_f1": 0.9655172413793104, "test_doclevel-ISG_precision": 0.8611111111111112, "test_doclevel-ISG_recall": 0.8611111111111112, "test_doclevel-ISG_f1": 0.8611111111111112, "test_doclevel-PI_precision": 0.9212121212121213, "test_doclevel-PI_recall": 0.9382716049382716, "test_doclevel-PI_f1": 0.9296636085626911, "test_doclevel-ORG_precision": 0.9102564102564102, "test_doclevel-ORG_recall": 0.9466666666666667, "test_doclevel-ORG_f1": 0.9281045751633987, "test_wordlevel-macro_precision": 0.915373821111286, "test_wordlevel-macro_recall": 0.9164609586496679, "test_wordlevel-macro_f1": 0.915452515965904, "test_wordlevel-O_precision": 0.9907930529399456, "test_wordlevel-O_recall": 0.9904476363129271, "test_wordlevel-O_f1": 0.9906203145158479, "test_wordlevel-PG_precision": 0.9197080291970803, "test_wordlevel-PG_recall": 0.980544747081712, "test_wordlevel-PG_f1": 0.9491525423728813, "test_wordlevel-SG_precision": 0.9417927823050058, "test_wordlevel-SG_recall": 0.9320276497695853, "test_wordlevel-SG_f1": 0.9368847712796758, "test_wordlevel-ISG_precision": 0.8290598290598291, "test_wordlevel-ISG_recall": 0.776, "test_wordlevel-ISG_f1": 0.8016528925619835, "test_wordlevel-PI_precision": 0.9323467230443975, "test_wordlevel-PI_recall": 0.8963414634146342, "test_wordlevel-PI_f1": 0.9139896373056995, "test_wordlevel-ORG_precision": 0.8785425101214575, "test_wordlevel-ORG_recall": 0.9234042553191489, "test_wordlevel-ORG_f1": 0.900414937759336, "test_runtime": 7.4119, "test_samples_per_second": 109.149, "test_steps_per_second": 1.754, "epoch": 4.0}