{"test_loss": 0.09501402825117111, "test_seqeval-macro_precision": 0.7995910221046094, "test_seqeval-macro_recall": 0.8356668132981827, "test_seqeval-macro_f1": 0.8167975112281708, "test_seqeval-micro_precision": 0.8059701492537313, "test_seqeval-micro_recall": 0.8465845464725644, "test_seqeval-micro_f1": 0.8257782632441288, "test_seqeval-PI_precision": 0.7951807228915663, "test_seqeval-PI_recall": 0.8048780487804879, "test_seqeval-PI_f1": 0.8, "test_seqeval-PG_precision": 0.87, "test_seqeval-PG_recall": 0.8529411764705882, "test_seqeval-PG_f1": 0.8613861386138614, "test_seqeval-SG_precision": 0.8320209973753281, "test_seqeval-SG_recall": 0.8854748603351955, "test_seqeval-SG_f1": 0.857916102841678, "test_seqeval-ORG_precision": 0.7734806629834254, "test_seqeval-ORG_recall": 0.8187134502923976, "test_seqeval-ORG_f1": 0.7954545454545455, "test_seqeval-ISG_precision": 0.7272727272727273, "test_seqeval-ISG_recall": 0.8163265306122449, "test_seqeval-ISG_f1": 0.7692307692307693, "test_spanlevel-macro_precision_spanwise": 0.8356884829240879, "test_spanlevel-macro_recall_spanwise": 0.8300588697776771, "test_spanlevel-macro_f1_spanwise": 0.8277318391377964, "test_spanlevel-macro_precision_seqavg": 0.8715954469423041, "test_spanlevel-macro_recall_seqavg": 0.8642558657942558, "test_spanlevel-macro_f1_seqavg": 0.8632532528656618, "test_spanlevel-micro_precision_spanwise": 0.8982554226157636, "test_spanlevel-micro_recall_spanwise": 0.891664852281935, "test_spanlevel-micro_f1_spanwise": 0.8887557871764556, "test_spanlevel-micro_precision_seqavg": 0.8933762782502278, "test_spanlevel-micro_recall_seqavg": 0.8882897294390126, "test_spanlevel-micro_f1_seqavg": 0.8843362120736554, "test_spanlevel-PI_precision_spanwise": 0.8174157303370787, "test_spanlevel-PI_recall_spanwise": 0.8061842339932227, "test_spanlevel-PI_f1_spanwise": 0.8051929295154675, "test_spanlevel-PI_precision_seqavg": 0.8309143952861607, "test_spanlevel-PI_recall_seqavg": 0.8282479534490315, "test_spanlevel-PI_f1_seqavg": 0.823487179296132, "test_spanlevel-PG_precision_spanwise": 0.9401294498381877, "test_spanlevel-PG_recall_spanwise": 0.9398058252427184, "test_spanlevel-PG_f1_spanwise": 0.9348435814455233, "test_spanlevel-PG_precision_seqavg": 0.9664711372533696, "test_spanlevel-PG_recall_seqavg": 0.9572133800222302, "test_spanlevel-PG_f1_seqavg": 0.95621784681922, "test_spanlevel-SG_precision_spanwise": 0.889867044591454, "test_spanlevel-SG_recall_spanwise": 0.889541347438522, "test_spanlevel-SG_f1_spanwise": 0.8835057737660762, "test_spanlevel-SG_precision_seqavg": 0.9170507271756083, "test_spanlevel-SG_recall_seqavg": 0.917431558340609, "test_spanlevel-SG_f1_seqavg": 0.9136286331412916, "test_spanlevel-ORG_precision_spanwise": 0.8153439153439153, "test_spanlevel-ORG_recall_spanwise": 0.7934744268077601, "test_spanlevel-ORG_f1_spanwise": 0.7988704123624758, "test_spanlevel-ORG_precision_seqavg": 0.8448575411251656, "test_spanlevel-ORG_recall_seqavg": 0.813938614401514, "test_spanlevel-ORG_f1_seqavg": 0.8239922587437012, "test_spanlevel-ISG_precision_spanwise": 0.7156862745098038, "test_spanlevel-ISG_recall_spanwise": 0.7212885154061625, "test_spanlevel-ISG_f1_spanwise": 0.7162464985994397, "test_spanlevel-ISG_precision_seqavg": 0.798683433871216, "test_spanlevel-ISG_recall_seqavg": 0.8044478227578947, "test_spanlevel-ISG_f1_seqavg": 0.7989403463279645, "test_spanlevel-macro_precision_relaxed": 0.9010065531762421, "test_spanlevel-macro_recall_relaxed": 0.9146753635247997, "test_spanlevel-macro_f1_relaxed": 0.9380350849803156, "test_spanlevel-micro_precision_relaxed": 0.9004416424105544, "test_spanlevel-micro_recall_relaxed": 0.9142147993336657, "test_spanlevel-micro_f1_relaxed": 0.937653901490498, "test_spanlevel-PI_precision_relaxed": 0.8796992481203008, "test_spanlevel-PI_recall_relaxed": 0.8794932844932845, "test_spanlevel-PI_f1_relaxed": 0.9515917343368323, "test_spanlevel-PG_precision_relaxed": 0.970108695652174, "test_spanlevel-PG_recall_relaxed": 0.9473404255319149, "test_spanlevel-PG_f1_relaxed": 0.975592661306947, "test_spanlevel-SG_precision_relaxed": 0.9142733804227094, "test_spanlevel-SG_recall_relaxed": 0.9442521453025654, "test_spanlevel-SG_f1_relaxed": 0.9614664525899342, "test_spanlevel-ORG_precision_relaxed": 0.8898148148148147, "test_spanlevel-ORG_recall_relaxed": 0.8888888888888888, "test_spanlevel-ORG_f1_relaxed": 0.9518319608545173, "test_spanlevel-ISG_precision_relaxed": 0.7964743589743589, "test_spanlevel-ISG_recall_relaxed": 0.8824561403508772, "test_spanlevel-ISG_f1_relaxed": 0.9624031007751938, "test_doclevel-micro_precision": 0.9723661485319517, "test_doclevel-micro_recall": 0.9723661485319517, "test_doclevel-micro_f1": 0.9723661485319517, "test_doclevel-PI_precision": 0.9097744360902256, "test_doclevel-PI_recall": 0.9307692307692308, "test_doclevel-PI_f1": 0.920152091254753, "test_doclevel-PG_precision": 0.9891304347826086, "test_doclevel-PG_recall": 0.9680851063829787, "test_doclevel-PG_f1": 0.9784946236559139, "test_doclevel-SG_precision": 0.9496644295302014, "test_doclevel-SG_recall": 0.9625850340136054, "test_doclevel-SG_f1": 0.956081081081081, "test_doclevel-ORG_precision": 0.9236111111111112, "test_doclevel-ORG_recall": 0.9236111111111112, "test_doclevel-ORG_f1": 0.9236111111111112, "test_doclevel-ISG_precision": 0.8269230769230769, "test_doclevel-ISG_recall": 0.9052631578947369, "test_doclevel-ISG_f1": 0.8643216080402011, "test_wordlevel-macro_precision": 0.9080389240804356, "test_wordlevel-macro_recall": 0.905509682817712, "test_wordlevel-macro_f1": 0.9063035695272821, "test_wordlevel-O_precision": 0.9894590846047157, "test_wordlevel-O_recall": 0.9890475530292527, "test_wordlevel-O_f1": 0.989253276017472, "test_wordlevel-PI_precision": 0.8944281524926686, "test_wordlevel-PI_recall": 0.8425414364640884, "test_wordlevel-PI_f1": 0.8677098150782362, "test_wordlevel-PG_precision": 0.9583333333333334, "test_wordlevel-PG_recall": 0.9252873563218391, "test_wordlevel-PG_f1": 0.9415204678362572, "test_wordlevel-SG_precision": 0.9101796407185628, "test_wordlevel-SG_recall": 0.9341527655838455, "test_wordlevel-SG_f1": 0.9220103986135183, "test_wordlevel-ORG_precision": 0.8958333333333334, "test_wordlevel-ORG_recall": 0.8724637681159421, "test_wordlevel-ORG_f1": 0.8839941262848752, "test_wordlevel-ISG_precision": 0.8, "test_wordlevel-ISG_recall": 0.8695652173913043, "test_wordlevel-ISG_f1": 0.8333333333333333, "test_runtime": 4.5334, "test_samples_per_second": 178.674, "test_steps_per_second": 2.868, "epoch": 6.0, "run_id": "rep01-fold02"}
