{"test_loss": 0.08848261088132858, "test_seqeval-macro_precision": 0.8216802137626121, "test_seqeval-macro_recall": 0.8607344478466894, "test_seqeval-macro_f1": 0.8404309388232107, "test_seqeval-micro_precision": 0.8313641245972073, "test_seqeval-micro_recall": 0.8667413213885778, "test_seqeval-micro_f1": 0.8486842105263157, "test_seqeval-PG_precision": 0.8571428571428571, "test_seqeval-PG_recall": 0.8823529411764706, "test_seqeval-PG_f1": 0.8695652173913043, "test_seqeval-SG_precision": 0.8668478260869565, "test_seqeval-SG_recall": 0.8910614525139665, "test_seqeval-SG_f1": 0.8787878787878789, "test_seqeval-ISG_precision": 0.7685185185185185, "test_seqeval-ISG_recall": 0.8469387755102041, "test_seqeval-ISG_f1": 0.8058252427184466, "test_seqeval-PI_precision": 0.8404907975460123, "test_seqeval-PI_recall": 0.8353658536585366, "test_seqeval-PI_f1": 0.837920489296636, "test_seqeval-ORG_precision": 0.7754010695187166, "test_seqeval-ORG_recall": 0.847953216374269, "test_seqeval-ORG_f1": 0.8100558659217877, "test_spanlevel-macro_precision_spanwise": 0.8305245167846469, "test_spanlevel-macro_recall_spanwise": 0.8291448708661783, "test_spanlevel-macro_f1_spanwise": 0.825309125578551, "test_spanlevel-macro_precision_seqavg": 0.8501634271323238, "test_spanlevel-macro_recall_seqavg": 0.8494011477189185, "test_spanlevel-macro_f1_seqavg": 0.8468153099645803, "test_spanlevel-micro_precision_spanwise": 0.9026788026788027, "test_spanlevel-micro_recall_spanwise": 0.8976421025346365, "test_spanlevel-micro_f1_spanwise": 0.8949365530326526, "test_spanlevel-micro_precision_seqavg": 0.9017962691234191, "test_spanlevel-micro_recall_seqavg": 0.8970290827447855, "test_spanlevel-micro_f1_seqavg": 0.8942512075336267, "test_spanlevel-PG_precision_spanwise": 0.942857142857143, "test_spanlevel-PG_recall_spanwise": 0.9507936507936507, "test_spanlevel-PG_f1_spanwise": 0.939047619047619, "test_spanlevel-PG_precision_seqavg": 0.9443120676907785, "test_spanlevel-PG_recall_seqavg": 0.9468667054111493, "test_spanlevel-PG_f1_seqavg": 0.9395508957944649, "test_spanlevel-SG_precision_spanwise": 0.9063719702757137, "test_spanlevel-SG_recall_spanwise": 0.9012737734112379, "test_spanlevel-SG_f1_spanwise": 0.8982807007618483, "test_spanlevel-SG_precision_seqavg": 0.9193583121728364, "test_spanlevel-SG_recall_seqavg": 0.916831072138544, "test_spanlevel-SG_f1_seqavg": 0.9154272713537421, "test_spanlevel-ISG_precision_spanwise": 0.6930555555555554, "test_spanlevel-ISG_recall_spanwise": 0.6972222222222222, "test_spanlevel-ISG_f1_spanwise": 0.6944444444444444, "test_spanlevel-ISG_precision_seqavg": 0.7551145278981338, "test_spanlevel-ISG_recall_seqavg": 0.7556045619331131, "test_spanlevel-ISG_f1_seqavg": 0.7552778725764602, "test_spanlevel-PI_precision_spanwise": 0.8027777777777778, "test_spanlevel-PI_recall_spanwise": 0.8041666666666667, "test_spanlevel-PI_f1_spanwise": 0.7993097643097643, "test_spanlevel-PI_precision_seqavg": 0.8224194900576259, "test_spanlevel-PI_recall_seqavg": 0.8334056788265057, "test_spanlevel-PI_f1_seqavg": 0.8249375586221721, "test_spanlevel-ORG_precision_spanwise": 0.8075601374570446, "test_spanlevel-ORG_recall_spanwise": 0.7922680412371134, "test_spanlevel-ORG_f1_spanwise": 0.7954630993290788, "test_spanlevel-ORG_precision_seqavg": 0.8096127378422443, "test_spanlevel-ORG_recall_seqavg": 0.7942977202852802, "test_spanlevel-ORG_f1_seqavg": 0.7988829514760619, "test_spanlevel-macro_precision_relaxed": 0.9013890446532933, "test_spanlevel-macro_recall_relaxed": 0.9188541325923222, "test_spanlevel-macro_f1_relaxed": 0.941147661193832, "test_spanlevel-micro_precision_relaxed": 0.9008325295890063, "test_spanlevel-micro_recall_relaxed": 0.9188925129415834, "test_spanlevel-micro_f1_relaxed": 0.9412799403864665, "test_spanlevel-PG_precision_relaxed": 0.9543859649122808, "test_spanlevel-PG_recall_relaxed": 0.9796099290780141, "test_spanlevel-PG_f1_relaxed": 0.9645344017684443, "test_spanlevel-SG_precision_relaxed": 0.9386917778670356, "test_spanlevel-SG_recall_relaxed": 0.9338147713297772, "test_spanlevel-SG_f1_relaxed": 0.9697800093391205, "test_spanlevel-ISG_precision_relaxed": 0.7970297029702971, "test_spanlevel-ISG_recall_relaxed": 0.868421052631579, "test_spanlevel-ISG_f1_relaxed": 0.9759036144578314, "test_spanlevel-PI_precision_relaxed": 0.8715538847117795, "test_spanlevel-PI_recall_relaxed": 0.8852564102564103, "test_spanlevel-PI_f1_relaxed": 0.9611902515016703, "test_spanlevel-ORG_precision_relaxed": 0.8565359477124184, "test_spanlevel-ORG_recall_relaxed": 0.913773148148148, "test_spanlevel-ORG_f1_relaxed": 0.9564391442851651, "test_doclevel-micro_precision": 0.9758203799654577, "test_doclevel-micro_recall": 0.9758203799654577, "test_doclevel-micro_f1": 0.9758203799654577, "test_doclevel-PG_precision": 0.9894736842105263, "test_doclevel-PG_recall": 1.0, "test_doclevel-PG_f1": 0.9947089947089947, "test_doclevel-SG_precision": 0.9621993127147767, "test_doclevel-SG_recall": 0.9523809523809523, "test_doclevel-SG_f1": 0.9572649572649573, "test_doclevel-ISG_precision": 0.8316831683168316, "test_doclevel-ISG_recall": 0.8842105263157894, "test_doclevel-ISG_f1": 0.8571428571428571, "test_doclevel-PI_precision": 0.8947368421052632, "test_doclevel-PI_recall": 0.9153846153846154, "test_doclevel-PI_f1": 0.9049429657794676, "test_doclevel-ORG_precision": 0.8888888888888888, "test_doclevel-ORG_recall": 0.9444444444444444, "test_doclevel-ORG_f1": 0.9158249158249158, "test_wordlevel-macro_precision": 0.8945291767364257, "test_wordlevel-macro_recall": 0.9133050545938781, "test_wordlevel-macro_f1": 0.9034236972586265, "test_wordlevel-O_precision": 0.9903579356270811, "test_wordlevel-O_recall": 0.9896714265908776, "test_wordlevel-O_f1": 0.9900145620969419, "test_wordlevel-PG_precision": 0.912568306010929, "test_wordlevel-PG_recall": 0.9597701149425287, "test_wordlevel-PG_f1": 0.9355742296918768, "test_wordlevel-SG_precision": 0.9308510638297872, "test_wordlevel-SG_recall": 0.9218612818261633, "test_wordlevel-SG_f1": 0.9263343625937364, "test_wordlevel-ISG_precision": 0.7828947368421053, "test_wordlevel-ISG_recall": 0.8623188405797102, "test_wordlevel-ISG_f1": 0.8206896551724139, "test_wordlevel-PI_precision": 0.8857142857142857, "test_wordlevel-PI_recall": 0.856353591160221, "test_wordlevel-PI_f1": 0.8707865168539326, "test_wordlevel-ORG_precision": 0.8647887323943662, "test_wordlevel-ORG_recall": 0.8898550724637682, "test_wordlevel-ORG_f1": 0.8771428571428572, "test_runtime": 7.5572, "test_samples_per_second": 107.182, "test_steps_per_second": 1.72, "epoch": 6.0}