{"test_loss": 0.1290518045425415, "test_seqeval-macro_precision": 0.7653116218232541, "test_seqeval-macro_recall": 0.7844426451643992, "test_seqeval-macro_f1": 0.7715769877592251, "test_seqeval-micro_precision": 0.7614165890027959, "test_seqeval-micro_recall": 0.7893719806763285, "test_seqeval-micro_f1": 0.7751423149905123, "test_seqeval-PG_precision": 0.8240740740740741, "test_seqeval-PG_recall": 0.9175257731958762, "test_seqeval-PG_f1": 0.8682926829268293, "test_seqeval-SG_precision": 0.7899761336515513, "test_seqeval-SG_recall": 0.8112745098039216, "test_seqeval-SG_f1": 0.8004836759371221, "test_seqeval-ISG_precision": 0.78125, "test_seqeval-ISG_recall": 0.6147540983606558, "test_seqeval-ISG_f1": 0.6880733944954129, "test_seqeval-PI_precision": 0.7321428571428571, "test_seqeval-PI_recall": 0.784688995215311, "test_seqeval-PI_f1": 0.7575057736720554, "test_seqeval-ORG_precision": 0.6991150442477876, "test_seqeval-ORG_recall": 0.7939698492462312, "test_seqeval-ORG_f1": 0.7435294117647058, "test_spanlevel-macro_precision_spanwise": 0.7579339401492641, "test_spanlevel-macro_recall_spanwise": 0.756679699032836, "test_spanlevel-macro_f1_spanwise": 0.7525098054309699, "test_spanlevel-macro_precision_seqavg": 0.7519902746380007, "test_spanlevel-macro_recall_seqavg": 0.7519579714181933, "test_spanlevel-macro_f1_seqavg": 0.7485094439378402, "test_spanlevel-micro_precision_spanwise": 0.8501969617828851, "test_spanlevel-micro_recall_spanwise": 0.8523610022924466, "test_spanlevel-micro_f1_spanwise": 0.8434027398831295, "test_spanlevel-micro_precision_seqavg": 0.8526923029450245, "test_spanlevel-micro_recall_seqavg": 0.8540416944382729, "test_spanlevel-micro_f1_seqavg": 0.8448518575854567, "test_spanlevel-PG_precision_spanwise": 0.8582554517133956, "test_spanlevel-PG_recall_spanwise": 0.8504672897196262, "test_spanlevel-PG_f1_spanwise": 0.8532710280373832, "test_spanlevel-PG_precision_seqavg": 0.8640206802358874, "test_spanlevel-PG_recall_seqavg": 0.8617789978695636, "test_spanlevel-PG_f1_seqavg": 0.8626001684454613, "test_spanlevel-SG_precision_spanwise": 0.8451318513675492, "test_spanlevel-SG_recall_spanwise": 0.8570039228506048, "test_spanlevel-SG_f1_spanwise": 0.8420572437761434, "test_spanlevel-SG_precision_seqavg": 0.852901320982043, "test_spanlevel-SG_recall_seqavg": 0.862019765789996, "test_spanlevel-SG_f1_seqavg": 0.8509558948135265, "test_spanlevel-ISG_precision_spanwise": 0.5925925925925926, "test_spanlevel-ISG_recall_spanwise": 0.5790123456790123, "test_spanlevel-ISG_f1_spanwise": 0.5814814814814815, "test_spanlevel-ISG_precision_seqavg": 0.5563585826495198, "test_spanlevel-ISG_recall_seqavg": 0.5482005310941669, "test_spanlevel-ISG_f1_seqavg": 0.5492024133163804, "test_spanlevel-PI_precision_spanwise": 0.7706756206756206, "test_spanlevel-PI_recall_spanwise": 0.7785816035816036, "test_spanlevel-PI_f1_spanwise": 0.7686067019400352, "test_spanlevel-PI_precision_seqavg": 0.7665050239625566, "test_spanlevel-PI_recall_seqavg": 0.7711468031782478, "test_spanlevel-PI_f1_seqavg": 0.7636522396046151, "test_spanlevel-ORG_precision_spanwise": 0.7230141843971631, "test_spanlevel-ORG_recall_spanwise": 0.7183333333333334, "test_spanlevel-ORG_f1_spanwise": 0.717132571919806, "test_spanlevel-ORG_precision_seqavg": 0.7201657653599964, "test_spanlevel-ORG_recall_seqavg": 0.7166437591589927, "test_spanlevel-ORG_f1_seqavg": 0.7161365035092175, "test_spanlevel-macro_precision_relaxed": 0.8656528417818742, "test_spanlevel-macro_recall_relaxed": 0.873310495369319, "test_spanlevel-macro_f1_relaxed": 0.905084882893392, "test_spanlevel-micro_precision_relaxed": 0.864804147465438, "test_spanlevel-micro_recall_relaxed": 0.8737300325535622, "test_spanlevel-micro_f1_relaxed": 0.9046561675957322, "test_spanlevel-PG_precision_relaxed": 0.8979591836734694, "test_spanlevel-PG_recall_relaxed": 0.951241134751773, "test_spanlevel-PG_f1_relaxed": 0.9813756613756615, "test_spanlevel-SG_precision_relaxed": 0.8884592137075582, "test_spanlevel-SG_recall_relaxed": 0.9106828539996857, "test_spanlevel-SG_f1_relaxed": 0.9389889562390958, "test_spanlevel-ISG_precision_relaxed": 0.8735955056179775, "test_spanlevel-ISG_recall_relaxed": 0.6522988505747126, "test_spanlevel-ISG_f1_relaxed": 0.9602169981916818, "test_spanlevel-PI_precision_relaxed": 0.8386079900124843, "test_spanlevel-PI_recall_relaxed": 0.8900289017341042, "test_spanlevel-PI_f1_relaxed": 0.9343722943722945, "test_spanlevel-ORG_precision_relaxed": 0.8096190476190477, "test_spanlevel-ORG_recall_relaxed": 0.8710317460317459, "test_spanlevel-ORG_f1_relaxed": 0.9384125072866794, "test_doclevel-micro_precision": 0.9774193548387097, "test_doclevel-micro_recall": 0.9634340222575517, "test_doclevel-micro_f1": 0.9703763010408326, "test_doclevel-PG_precision": 0.9183673469387755, "test_doclevel-PG_recall": 0.9574468085106383, "test_doclevel-PG_f1": 0.9375000000000001, "test_doclevel-SG_precision": 0.9470198675496688, "test_doclevel-SG_recall": 0.9438943894389439, "test_doclevel-SG_f1": 0.9454545454545454, "test_doclevel-ISG_precision": 0.8876404494382022, "test_doclevel-ISG_recall": 0.6810344827586207, "test_doclevel-ISG_f1": 0.7707317073170731, "test_doclevel-PI_precision": 0.898876404494382, "test_doclevel-PI_recall": 0.9248554913294798, "test_doclevel-PI_f1": 0.9116809116809117, "test_doclevel-ORG_precision": 0.8685714285714285, "test_doclevel-ORG_recall": 0.9047619047619048, "test_doclevel-ORG_f1": 0.8862973760932944, "test_wordlevel-macro_precision": 0.8848622097685053, "test_wordlevel-macro_recall": 0.8568442766308936, "test_wordlevel-macro_f1": 0.8656500497851166, "test_wordlevel-O_precision": 0.9806914861521753, "test_wordlevel-O_recall": 0.9854483720366216, "test_wordlevel-O_f1": 0.9830641746809411, "test_wordlevel-PG_precision": 0.8913043478260869, "test_wordlevel-PG_recall": 0.9590643274853801, "test_wordlevel-PG_f1": 0.9239436619718309, "test_wordlevel-SG_precision": 0.8992918961447679, "test_wordlevel-SG_recall": 0.8429203539823009, "test_wordlevel-SG_f1": 0.8701941377997716, "test_wordlevel-ISG_precision": 0.8837209302325582, "test_wordlevel-ISG_recall": 0.6031746031746031, "test_wordlevel-ISG_f1": 0.7169811320754716, "test_wordlevel-PI_precision": 0.8723849372384938, "test_wordlevel-PI_recall": 0.8760504201680672, "test_wordlevel-PI_f1": 0.8742138364779874, "test_wordlevel-ORG_precision": 0.7817796610169492, "test_wordlevel-ORG_recall": 0.8744075829383886, "test_wordlevel-ORG_f1": 0.825503355704698, "test_runtime": 8.627, "test_samples_per_second": 101.89, "test_steps_per_second": 1.623, "epoch": 5.0}