{"test_loss": 0.08073191344738007, "test_seqeval-macro_precision": 0.7871583822190967, "test_seqeval-macro_recall": 0.8250344638141589, "test_seqeval-macro_f1": 0.8049780657737056, "test_seqeval-micro_precision": 0.7908992416034669, "test_seqeval-micro_recall": 0.8410138248847926, "test_seqeval-micro_f1": 0.8151870463428252, "test_seqeval-PI_precision": 0.7511520737327189, "test_seqeval-PI_recall": 0.8274111675126904, "test_seqeval-PI_f1": 0.78743961352657, "test_seqeval-PG_precision": 0.8982035928143712, "test_seqeval-PG_recall": 0.9375, "test_seqeval-PG_f1": 0.9174311926605505, "test_seqeval-SG_precision": 0.7908745247148289, "test_seqeval-SG_recall": 0.8353413654618473, "test_seqeval-SG_f1": 0.8125, "test_seqeval-ORG_precision": 0.7669902912621359, "test_seqeval-ORG_recall": 0.8449197860962567, "test_seqeval-ORG_f1": 0.8040712468193385, "test_seqeval-ISG_precision": 0.7285714285714285, "test_seqeval-ISG_recall": 0.68, "test_seqeval-ISG_f1": 0.7034482758620689, "test_spanlevel-macro_precision_spanwise": 0.8221341841946938, "test_spanlevel-macro_recall_spanwise": 0.8152365043891194, "test_spanlevel-macro_f1_spanwise": 0.8136015773985376, "test_spanlevel-macro_precision_seqavg": 0.8155089532720744, "test_spanlevel-macro_recall_seqavg": 0.8133874990830711, "test_spanlevel-macro_f1_seqavg": 0.8107329137160303, "test_spanlevel-micro_precision_spanwise": 0.8987453023167308, "test_spanlevel-micro_recall_spanwise": 0.8923883259597545, "test_spanlevel-micro_f1_spanwise": 0.8903668828119378, "test_spanlevel-micro_precision_seqavg": 0.8924152555336301, "test_spanlevel-micro_recall_seqavg": 0.887530466196544, "test_spanlevel-micro_f1_seqavg": 0.8844860356565304, "test_spanlevel-PI_precision_spanwise": 0.8337121212121211, "test_spanlevel-PI_recall_spanwise": 0.8186363636363636, "test_spanlevel-PI_f1_spanwise": 0.8212481962481963, "test_spanlevel-PI_precision_seqavg": 0.8361948310811744, "test_spanlevel-PI_recall_seqavg": 0.8333126769373722, "test_spanlevel-PI_f1_seqavg": 0.830895800913707, "test_spanlevel-PG_precision_spanwise": 0.9535353535353535, "test_spanlevel-PG_recall_spanwise": 0.9550505050505049, "test_spanlevel-PG_f1_spanwise": 0.951861471861472, "test_spanlevel-PG_precision_seqavg": 0.9103260578391121, "test_spanlevel-PG_recall_seqavg": 0.9168495303266793, "test_spanlevel-PG_f1_seqavg": 0.9119141573870967, "test_spanlevel-SG_precision_spanwise": 0.8886240653286107, "test_spanlevel-SG_recall_spanwise": 0.878063098517644, "test_spanlevel-SG_f1_spanwise": 0.875137979489056, "test_spanlevel-SG_precision_seqavg": 0.8756397781455127, "test_spanlevel-SG_recall_seqavg": 0.8689432921409581, "test_spanlevel-SG_f1_seqavg": 0.8671285034641409, "test_spanlevel-ORG_precision_spanwise": 0.8313511050353155, "test_spanlevel-ORG_recall_spanwise": 0.8209842788790157, "test_spanlevel-ORG_f1_spanwise": 0.8205265229188673, "test_spanlevel-ORG_precision_seqavg": 0.8410997062035572, "test_spanlevel-ORG_recall_seqavg": 0.8255305344268599, "test_spanlevel-ORG_f1_seqavg": 0.8270480182220494, "test_spanlevel-ISG_precision_spanwise": 0.603448275862069, "test_spanlevel-ISG_recall_spanwise": 0.6034482758620691, "test_spanlevel-ISG_f1_spanwise": 0.5992337164750958, "test_spanlevel-ISG_precision_seqavg": 0.6142843930910159, "test_spanlevel-ISG_recall_seqavg": 0.6223014615834856, "test_spanlevel-ISG_f1_seqavg": 0.6166780885931571, "test_spanlevel-macro_precision_relaxed": 0.8978258103258105, "test_spanlevel-macro_recall_relaxed": 0.9198477212163345, "test_spanlevel-macro_f1_relaxed": 0.9368824589710002, "test_spanlevel-micro_precision_relaxed": 0.8985940785940791, "test_spanlevel-micro_recall_relaxed": 0.9197260667151179, "test_spanlevel-micro_f1_relaxed": 0.937625815671929, "test_spanlevel-PI_precision_relaxed": 0.8827972709551656, "test_spanlevel-PI_recall_relaxed": 0.9268518518518519, "test_spanlevel-PI_f1_relaxed": 0.9558061212666475, "test_spanlevel-PG_precision_relaxed": 0.9588477366255143, "test_spanlevel-PG_recall_relaxed": 0.9847046413502109, "test_spanlevel-PG_f1_relaxed": 0.9876251137397634, "test_spanlevel-SG_precision_relaxed": 0.9134623736565484, "test_spanlevel-SG_recall_relaxed": 0.9361087662337663, "test_spanlevel-SG_f1_relaxed": 0.9517893354764273, "test_spanlevel-ORG_precision_relaxed": 0.8648734177215188, "test_spanlevel-ORG_recall_relaxed": 0.9223333333333333, "test_spanlevel-ORG_f1_relaxed": 0.9515579420351119, "test_spanlevel-ISG_precision_relaxed": 0.7983870967741935, "test_spanlevel-ISG_recall_relaxed": 0.7152777777777778, "test_spanlevel-ISG_f1_relaxed": 0.9364779874213837, "test_doclevel-micro_precision": 0.9675675675675676, "test_doclevel-micro_recall": 0.9799270072992701, "test_doclevel-micro_f1": 0.9737080689029919, "test_doclevel-PI_precision": 0.9122807017543859, "test_doclevel-PI_recall": 0.9629629629629629, "test_doclevel-PI_f1": 0.9369369369369369, "test_doclevel-PG_precision": 0.9691358024691358, "test_doclevel-PG_recall": 0.9936708860759493, "test_doclevel-PG_f1": 0.9812500000000001, "test_doclevel-SG_precision": 0.9466019417475728, "test_doclevel-SG_recall": 0.975, "test_doclevel-SG_f1": 0.9605911330049262, "test_doclevel-ORG_precision": 0.9050632911392406, "test_doclevel-ORG_recall": 0.9533333333333334, "test_doclevel-ORG_f1": 0.9285714285714286, "test_doclevel-ISG_precision": 0.8548387096774194, "test_doclevel-ISG_recall": 0.7361111111111112, "test_doclevel-ISG_f1": 0.791044776119403, "test_wordlevel-macro_precision": 0.9042900179623953, "test_wordlevel-macro_recall": 0.9059335034774955, "test_wordlevel-macro_f1": 0.9043909444118613, "test_wordlevel-O_precision": 0.9911906593022443, "test_wordlevel-O_recall": 0.98849532840608, "test_wordlevel-O_f1": 0.9898411590155349, "test_wordlevel-PI_precision": 0.8742857142857143, "test_wordlevel-PI_recall": 0.9329268292682927, "test_wordlevel-PI_f1": 0.9026548672566372, "test_wordlevel-PG_precision": 0.9541984732824428, "test_wordlevel-PG_recall": 0.9727626459143969, "test_wordlevel-PG_f1": 0.9633911368015414, "test_wordlevel-SG_precision": 0.9262672811059908, "test_wordlevel-SG_recall": 0.9262672811059908, "test_wordlevel-SG_f1": 0.9262672811059908, "test_wordlevel-ORG_precision": 0.8888888888888888, "test_wordlevel-ORG_recall": 0.9191489361702128, "test_wordlevel-ORG_f1": 0.9037656903765691, "test_wordlevel-ISG_precision": 0.7909090909090909, "test_wordlevel-ISG_recall": 0.696, "test_wordlevel-ISG_f1": 0.7404255319148937, "test_runtime": 4.3888, "test_samples_per_second": 184.332, "test_steps_per_second": 2.962, "epoch": 4.0, "run_id": "rep03-fold02"}
