{"test_loss": 0.11708858609199524, "test_seqeval-macro_precision": 0.7679566217299529, "test_seqeval-macro_recall": 0.7514185852464899, "test_seqeval-macro_f1": 0.7586594219325397, "test_seqeval-micro_precision": 0.7648283038501561, "test_seqeval-micro_recall": 0.7546201232032854, "test_seqeval-micro_f1": 0.7596899224806202, "test_seqeval-PI_precision": 0.77734375, "test_seqeval-PI_recall": 0.7566539923954373, "test_seqeval-PI_f1": 0.766859344894027, "test_seqeval-PG_precision": 0.8827586206896552, "test_seqeval-PG_recall": 0.8767123287671232, "test_seqeval-PG_f1": 0.8797250859106529, "test_seqeval-SG_precision": 0.7644787644787645, "test_seqeval-SG_recall": 0.7388059701492538, "test_seqeval-SG_f1": 0.7514231499051234, "test_seqeval-ORG_precision": 0.6811594202898551, "test_seqeval-ORG_recall": 0.746031746031746, "test_seqeval-ORG_f1": 0.7121212121212122, "test_seqeval-ISG_precision": 0.7340425531914894, "test_seqeval-ISG_recall": 0.6388888888888888, "test_seqeval-ISG_f1": 0.6831683168316831, "test_spanlevel-macro_precision_spanwise": 0.7926527757167686, "test_spanlevel-macro_recall_spanwise": 0.7697600989783602, "test_spanlevel-macro_f1_spanwise": 0.7733221030374879, "test_spanlevel-macro_precision_seqavg": 0.8158537152590567, "test_spanlevel-macro_recall_seqavg": 0.793283199099865, "test_spanlevel-macro_f1_seqavg": 0.7981668869798313, "test_spanlevel-micro_precision_spanwise": 0.8579659169333083, "test_spanlevel-micro_recall_spanwise": 0.8290687079718699, "test_spanlevel-micro_f1_spanwise": 0.8340603898771448, "test_spanlevel-micro_precision_seqavg": 0.8613569987951176, "test_spanlevel-micro_recall_seqavg": 0.8310584183418341, "test_spanlevel-micro_f1_seqavg": 0.836287679371732, "test_spanlevel-PI_precision_spanwise": 0.84, "test_spanlevel-PI_recall_spanwise": 0.7887107438016528, "test_spanlevel-PI_f1_spanwise": 0.8028501160675073, "test_spanlevel-PI_precision_seqavg": 0.8702970818713442, "test_spanlevel-PI_recall_seqavg": 0.8257205256358737, "test_spanlevel-PI_f1_seqavg": 0.8388686383696611, "test_spanlevel-PG_precision_spanwise": 0.9131991051454138, "test_spanlevel-PG_recall_spanwise": 0.9225950782997763, "test_spanlevel-PG_f1_spanwise": 0.9147970597635027, "test_spanlevel-PG_precision_seqavg": 0.9170597754195378, "test_spanlevel-PG_recall_seqavg": 0.9165491079053429, "test_spanlevel-PG_f1_seqavg": 0.9135893185637449, "test_spanlevel-SG_precision_spanwise": 0.8322779769016329, "test_spanlevel-SG_recall_spanwise": 0.8136598964555954, "test_spanlevel-SG_f1_spanwise": 0.8122555143531498, "test_spanlevel-SG_precision_seqavg": 0.8771514894271094, "test_spanlevel-SG_recall_seqavg": 0.8458203637301929, "test_spanlevel-SG_f1_seqavg": 0.8493532104746566, "test_spanlevel-ORG_precision_spanwise": 0.7527867965367966, "test_spanlevel-ORG_recall_spanwise": 0.7224458874458874, "test_spanlevel-ORG_f1_spanwise": 0.7311522694477239, "test_spanlevel-ORG_precision_seqavg": 0.7903168554982732, "test_spanlevel-ORG_recall_seqavg": 0.7667933018565358, "test_spanlevel-ORG_f1_seqavg": 0.7744185351865123, "test_spanlevel-ISG_precision_spanwise": 0.625, "test_spanlevel-ISG_recall_spanwise": 0.601388888888889, "test_spanlevel-ISG_f1_spanwise": 0.6055555555555556, "test_spanlevel-ISG_precision_seqavg": 0.6244433740790186, "test_spanlevel-ISG_recall_seqavg": 0.6115326963713794, "test_spanlevel-ISG_f1_seqavg": 0.6146047323045812, "test_spanlevel-macro_precision_relaxed": 0.9086226851851852, "test_spanlevel-macro_recall_relaxed": 0.8393679441473559, "test_spanlevel-macro_f1_relaxed": 0.912866752618418, "test_spanlevel-micro_precision_relaxed": 0.9078438464506172, "test_spanlevel-micro_recall_relaxed": 0.8390364782276548, "test_spanlevel-micro_f1_relaxed": 0.9120262818871555, "test_spanlevel-PI_precision_relaxed": 0.9364212513484358, "test_spanlevel-PI_recall_relaxed": 0.8247141873278236, "test_spanlevel-PI_f1_relaxed": 0.9315593631999181, "test_spanlevel-PG_precision_relaxed": 0.9555961070559612, "test_spanlevel-PG_recall_relaxed": 0.9465227817745803, "test_spanlevel-PG_f1_relaxed": 0.9751954513148543, "test_spanlevel-SG_precision_relaxed": 0.9331439393939395, "test_spanlevel-SG_recall_relaxed": 0.826046511627907, "test_spanlevel-SG_f1_relaxed": 0.9427095244634619, "test_spanlevel-ORG_precision_relaxed": 0.8370726495726496, "test_spanlevel-ORG_recall_relaxed": 0.8622146118721462, "test_spanlevel-ORG_f1_relaxed": 0.9342377294969553, "test_spanlevel-ISG_precision_relaxed": 0.8353658536585366, "test_spanlevel-ISG_recall_relaxed": 0.7057291666666666, "test_spanlevel-ISG_f1_relaxed": 0.9266884531590414, "test_doclevel-micro_precision": 0.9809027777777778, "test_doclevel-micro_recall": 0.9495798319327731, "test_doclevel-micro_f1": 0.9649871904355252, "test_doclevel-PI_precision": 0.9611650485436893, "test_doclevel-PI_recall": 0.9, "test_doclevel-PI_f1": 0.9295774647887324, "test_doclevel-PG_precision": 0.9781021897810219, "test_doclevel-PG_recall": 0.9640287769784173, "test_doclevel-PG_f1": 0.9710144927536232, "test_doclevel-SG_precision": 0.9545454545454546, "test_doclevel-SG_recall": 0.8790697674418605, "test_doclevel-SG_f1": 0.9152542372881356, "test_doclevel-ORG_precision": 0.8653846153846154, "test_doclevel-ORG_recall": 0.9246575342465754, "test_doclevel-ORG_f1": 0.8940397350993378, "test_doclevel-ISG_precision": 0.8780487804878049, "test_doclevel-ISG_recall": 0.75, "test_doclevel-ISG_f1": 0.8089887640449439, "test_wordlevel-macro_precision": 0.9140891873627363, "test_wordlevel-macro_recall": 0.8317330428720711, "test_wordlevel-macro_f1": 0.8687393031528522, "test_wordlevel-O_precision": 0.9758809234507898, "test_wordlevel-O_recall": 0.9916044200259275, "test_wordlevel-O_f1": 0.9836798432285129, "test_wordlevel-PI_precision": 0.9488752556237219, "test_wordlevel-PI_recall": 0.7483870967741936, "test_wordlevel-PI_f1": 0.8367899008115419, "test_wordlevel-PG_precision": 0.9511278195488722, "test_wordlevel-PG_recall": 0.937037037037037, "test_wordlevel-PG_f1": 0.9440298507462687, "test_wordlevel-SG_precision": 0.8975109809663251, "test_wordlevel-SG_recall": 0.8044619422572179, "test_wordlevel-SG_f1": 0.8484429065743945, "test_wordlevel-ORG_precision": 0.8584269662921349, "test_wordlevel-ORG_recall": 0.834061135371179, "test_wordlevel-ORG_f1": 0.8460686600221485, "test_wordlevel-ISG_precision": 0.8527131782945736, "test_wordlevel-ISG_recall": 0.6748466257668712, "test_wordlevel-ISG_f1": 0.7534246575342466, "test_runtime": 4.7916, "test_samples_per_second": 182.821, "test_steps_per_second": 2.922, "epoch": 5.0, "run_id": "rep02-fold04"}
