{"test_loss": 0.1075715497136116, "test_seqeval-macro_precision": 0.7113299419251705, "test_seqeval-macro_recall": 0.8127879257747639, "test_seqeval-macro_f1": 0.7574283747707609, "test_seqeval-micro_precision": 0.7152263374485597, "test_seqeval-micro_recall": 0.8151969981238274, "test_seqeval-micro_f1": 0.761946514686541, "test_seqeval-PG_precision": 0.8588235294117647, "test_seqeval-PG_recall": 0.906832298136646, "test_seqeval-PG_f1": 0.8821752265861027, "test_seqeval-SG_precision": 0.7546666666666667, "test_seqeval-SG_recall": 0.7927170868347339, "test_seqeval-SG_f1": 0.773224043715847, "test_seqeval-ISG_precision": 0.5555555555555556, "test_seqeval-ISG_recall": 0.6910569105691057, "test_seqeval-ISG_f1": 0.6159420289855072, "test_seqeval-PI_precision": 0.7543859649122807, "test_seqeval-PI_recall": 0.86, "test_seqeval-PI_f1": 0.8037383177570094, "test_seqeval-ORG_precision": 0.6332179930795848, "test_seqeval-ORG_recall": 0.8133333333333334, "test_seqeval-ORG_f1": 0.7120622568093385, "test_spanlevel-macro_precision_spanwise": 0.7661395407699925, "test_spanlevel-macro_recall_spanwise": 0.7727681481199953, "test_spanlevel-macro_f1_spanwise": 0.7638925936729161, "test_spanlevel-macro_precision_seqavg": 0.7827190339727883, "test_spanlevel-macro_recall_seqavg": 0.7941276450058103, "test_spanlevel-macro_f1_seqavg": 0.7834990955384141, "test_spanlevel-micro_precision_spanwise": 0.8421163381090797, "test_spanlevel-micro_recall_spanwise": 0.8569842349405332, "test_spanlevel-micro_f1_spanwise": 0.8423730937650554, "test_spanlevel-micro_precision_seqavg": 0.8367345563912723, "test_spanlevel-micro_recall_seqavg": 0.8494659430191663, "test_spanlevel-micro_f1_seqavg": 0.8358325552094955, "test_spanlevel-PG_precision_spanwise": 0.8999013806706115, "test_spanlevel-PG_recall_spanwise": 0.9166666666666666, "test_spanlevel-PG_f1_spanwise": 0.9050295857988166, "test_spanlevel-PG_precision_seqavg": 0.9097478476533123, "test_spanlevel-PG_recall_seqavg": 0.9199323279524615, "test_spanlevel-PG_f1_seqavg": 0.9116335259361257, "test_spanlevel-SG_precision_spanwise": 0.8282184762016694, "test_spanlevel-SG_recall_spanwise": 0.8275817925632397, "test_spanlevel-SG_f1_spanwise": 0.8168605150697451, "test_spanlevel-SG_precision_seqavg": 0.8130036254349707, "test_spanlevel-SG_recall_seqavg": 0.8250022981584882, "test_spanlevel-SG_f1_seqavg": 0.8102284872243415, "test_spanlevel-ISG_precision_spanwise": 0.550682261208577, "test_spanlevel-ISG_recall_spanwise": 0.5467836257309941, "test_spanlevel-ISG_f1_spanwise": 0.5426900584795321, "test_spanlevel-ISG_precision_seqavg": 0.5932046641331317, "test_spanlevel-ISG_recall_seqavg": 0.6035915720782794, "test_spanlevel-ISG_f1_seqavg": 0.5921067931889454, "test_spanlevel-PI_precision_spanwise": 0.7995891276864728, "test_spanlevel-PI_recall_spanwise": 0.8023914875684787, "test_spanlevel-PI_f1_spanwise": 0.7970468423357544, "test_spanlevel-PI_precision_seqavg": 0.8084368457116297, "test_spanlevel-PI_recall_seqavg": 0.8173402975814467, "test_spanlevel-PI_f1_seqavg": 0.8101260372948984, "test_spanlevel-ORG_precision_spanwise": 0.7523064580826313, "test_spanlevel-ORG_recall_spanwise": 0.7704171680705977, "test_spanlevel-ORG_f1_spanwise": 0.7578359666807319, "test_spanlevel-ORG_precision_seqavg": 0.7892021869308974, "test_spanlevel-ORG_recall_seqavg": 0.8047717292583756, "test_spanlevel-ORG_f1_seqavg": 0.7934006340477594, "test_spanlevel-macro_precision_relaxed": 0.8228614377661636, "test_spanlevel-macro_recall_relaxed": 0.9136193854646234, "test_spanlevel-macro_f1_relaxed": 0.9065280032573139, "test_spanlevel-micro_precision_relaxed": 0.822352097851336, "test_spanlevel-micro_recall_relaxed": 0.9139113355780022, "test_spanlevel-micro_f1_relaxed": 0.9065811725037543, "test_spanlevel-PG_precision_relaxed": 0.9278131634819534, "test_spanlevel-PG_recall_relaxed": 0.9709677419354839, "test_spanlevel-PG_f1_relaxed": 0.9743298643960897, "test_spanlevel-SG_precision_relaxed": 0.8747136461422176, "test_spanlevel-SG_recall_relaxed": 0.8942635288140905, "test_spanlevel-SG_f1_relaxed": 0.9363433528345657, "test_spanlevel-ISG_precision_relaxed": 0.6427648578811369, "test_spanlevel-ISG_recall_relaxed": 0.7704545454545455, "test_spanlevel-ISG_f1_relaxed": 0.9390151515151516, "test_spanlevel-PI_precision_relaxed": 0.8197176684881603, "test_spanlevel-PI_recall_relaxed": 0.9353413654618473, "test_spanlevel-PI_f1_relaxed": 0.9495984577414568, "test_spanlevel-ORG_precision_relaxed": 0.7504746642246644, "test_spanlevel-ORG_recall_relaxed": 0.9570063694267515, "test_spanlevel-ORG_f1_relaxed": 0.9270849249065517, "test_doclevel-micro_precision": 0.9435975609756098, "test_doclevel-micro_recall": 0.9825396825396825, "test_doclevel-micro_f1": 0.9626749611197513, "test_doclevel-PG_precision": 0.9617834394904459, "test_doclevel-PG_recall": 0.9741935483870968, "test_doclevel-PG_f1": 0.9679487179487181, "test_doclevel-SG_precision": 0.9194139194139194, "test_doclevel-SG_recall": 0.9400749063670412, "test_doclevel-SG_f1": 0.9296296296296296, "test_doclevel-ISG_precision": 0.689922480620155, "test_doclevel-ISG_recall": 0.8090909090909091, "test_doclevel-ISG_f1": 0.7447698744769875, "test_doclevel-PI_precision": 0.8688524590163934, "test_doclevel-PI_recall": 0.9578313253012049, "test_doclevel-PI_f1": 0.9111747851002866, "test_doclevel-ORG_precision": 0.8351648351648352, "test_doclevel-ORG_recall": 0.9681528662420382, "test_doclevel-ORG_f1": 0.896755162241888, "test_wordlevel-macro_precision": 0.844185773428228, "test_wordlevel-macro_recall": 0.9116893051505786, "test_wordlevel-macro_f1": 0.8752249678989582, "test_wordlevel-O_precision": 0.9909714698447093, "test_wordlevel-O_recall": 0.979300499643112, "test_wordlevel-O_f1": 0.9851014180577993, "test_wordlevel-PG_precision": 0.9171974522292994, "test_wordlevel-PG_recall": 0.9795918367346939, "test_wordlevel-PG_f1": 0.9473684210526315, "test_wordlevel-SG_precision": 0.8717728055077453, "test_wordlevel-SG_recall": 0.8755401901469317, "test_wordlevel-SG_f1": 0.8736524363949979, "test_wordlevel-ISG_precision": 0.6274509803921569, "test_wordlevel-ISG_recall": 0.735632183908046, "test_wordlevel-ISG_f1": 0.6772486772486773, "test_wordlevel-PI_precision": 0.8752598752598753, "test_wordlevel-PI_recall": 0.9293598233995585, "test_wordlevel-PI_f1": 0.9014989293361885, "test_wordlevel-ORG_precision": 0.7824620573355818, "test_wordlevel-ORG_recall": 0.9707112970711297, "test_wordlevel-ORG_f1": 0.8664799253034547, "test_runtime": 9.0433, "test_samples_per_second": 99.079, "test_steps_per_second": 1.548, "epoch": 5.0}