{"test_loss": 0.07584085315465927, "test_seqeval-macro_precision": 0.8328684157270485, "test_seqeval-macro_recall": 0.8705038432481512, "test_seqeval-macro_f1": 0.850764263506537, "test_seqeval-micro_precision": 0.8355795148247979, "test_seqeval-micro_recall": 0.8724202626641651, "test_seqeval-micro_f1": 0.8536025699862321, "test_seqeval-PG_precision": 0.8809523809523809, "test_seqeval-PG_recall": 0.9192546583850931, "test_seqeval-PG_f1": 0.8996960486322189, "test_seqeval-SG_precision": 0.8509485094850948, "test_seqeval-SG_recall": 0.8795518207282913, "test_seqeval-SG_f1": 0.8650137741046832, "test_seqeval-ISG_precision": 0.796875, "test_seqeval-ISG_recall": 0.8292682926829268, "test_seqeval-ISG_f1": 0.8127490039840638, "test_seqeval-PI_precision": 0.7719298245614035, "test_seqeval-PI_recall": 0.88, "test_seqeval-PI_f1": 0.822429906542056, "test_seqeval-ORG_precision": 0.8636363636363636, "test_seqeval-ORG_recall": 0.8444444444444444, "test_seqeval-ORG_f1": 0.853932584269663, "test_spanlevel-macro_precision_spanwise": 0.8563672371891597, "test_spanlevel-macro_recall_spanwise": 0.8586001195007787, "test_spanlevel-macro_f1_spanwise": 0.853692839169353, "test_spanlevel-macro_precision_seqavg": 0.8761335580457061, "test_spanlevel-macro_recall_seqavg": 0.8795159576406342, "test_spanlevel-macro_f1_seqavg": 0.8754946912327195, "test_spanlevel-micro_precision_spanwise": 0.9121960846487447, "test_spanlevel-micro_recall_spanwise": 0.9147612606810082, "test_spanlevel-micro_f1_spanwise": 0.9088283825338936, "test_spanlevel-micro_precision_seqavg": 0.8963336925608268, "test_spanlevel-micro_recall_seqavg": 0.901540420538134, "test_spanlevel-micro_f1_seqavg": 0.8943842760373428, "test_spanlevel-PG_precision_spanwise": 0.9226190476190477, "test_spanlevel-PG_recall_spanwise": 0.941468253968254, "test_spanlevel-PG_f1_spanwise": 0.9285714285714286, "test_spanlevel-PG_precision_seqavg": 0.929927323959786, "test_spanlevel-PG_recall_seqavg": 0.9477344377666395, "test_spanlevel-PG_f1_seqavg": 0.9362641635295088, "test_spanlevel-SG_precision_spanwise": 0.8766827426458033, "test_spanlevel-SG_recall_spanwise": 0.8786185450433471, "test_spanlevel-SG_f1_spanwise": 0.8732081410693858, "test_spanlevel-SG_precision_seqavg": 0.898973743842115, "test_spanlevel-SG_recall_seqavg": 0.9047107842452041, "test_spanlevel-SG_f1_seqavg": 0.8993347995325554, "test_spanlevel-ISG_precision_spanwise": 0.7424242424242423, "test_spanlevel-ISG_recall_spanwise": 0.7482517482517482, "test_spanlevel-ISG_f1_spanwise": 0.7421911421911421, "test_spanlevel-ISG_precision_seqavg": 0.7848774939365658, "test_spanlevel-ISG_recall_seqavg": 0.7887522838032627, "test_spanlevel-ISG_f1_seqavg": 0.7855470794354894, "test_spanlevel-PI_precision_spanwise": 0.8388888888888888, "test_spanlevel-PI_recall_spanwise": 0.8351608187134503, "test_spanlevel-PI_f1_spanwise": 0.83307156780841, "test_spanlevel-PI_precision_seqavg": 0.850254611613262, "test_spanlevel-PI_recall_seqavg": 0.8532197487550057, "test_spanlevel-PI_f1_seqavg": 0.8498029654508804, "test_spanlevel-ORG_precision_spanwise": 0.9012212643678161, "test_spanlevel-ORG_recall_spanwise": 0.8895012315270935, "test_spanlevel-ORG_f1_spanwise": 0.8914219162063989, "test_spanlevel-ORG_precision_seqavg": 0.9166346168768018, "test_spanlevel-ORG_recall_seqavg": 0.9031625336330589, "test_spanlevel-ORG_f1_seqavg": 0.9065244482151634, "test_spanlevel-macro_precision_relaxed": 0.891710852590482, "test_spanlevel-macro_recall_relaxed": 0.9372546611237089, "test_spanlevel-macro_f1_relaxed": 0.9486672664027336, "test_spanlevel-micro_precision_relaxed": 0.892645351904611, "test_spanlevel-micro_recall_relaxed": 0.9374089821113631, "test_spanlevel-micro_f1_relaxed": 0.9495354414423319, "test_spanlevel-PG_precision_relaxed": 0.9317708333333334, "test_spanlevel-PG_recall_relaxed": 0.9854838709677419, "test_spanlevel-PG_f1_relaxed": 0.9828820417055711, "test_spanlevel-SG_precision_relaxed": 0.9032794840487148, "test_spanlevel-SG_recall_relaxed": 0.9356399738422211, "test_spanlevel-SG_f1_relaxed": 0.9695618787222285, "test_spanlevel-ISG_precision_relaxed": 0.8188405797101449, "test_spanlevel-ISG_recall_relaxed": 0.865909090909091, "test_spanlevel-ISG_f1_relaxed": 0.9825396825396826, "test_spanlevel-PI_precision_relaxed": 0.8613063063063063, "test_spanlevel-PI_recall_relaxed": 0.9598393574297187, "test_spanlevel-PI_f1_relaxed": 0.9635636115417888, "test_spanlevel-ORG_precision_relaxed": 0.9402056277056277, "test_spanlevel-ORG_recall_relaxed": 0.9021079769487412, "test_spanlevel-ORG_f1_relaxed": 0.9681624438337648, "test_doclevel-micro_precision": 0.9598765432098766, "test_doclevel-micro_recall": 0.9873015873015873, "test_doclevel-micro_f1": 0.9733959311424101, "test_doclevel-PG_precision": 0.95625, "test_doclevel-PG_recall": 0.9870967741935484, "test_doclevel-PG_f1": 0.9714285714285715, "test_doclevel-SG_precision": 0.9340659340659341, "test_doclevel-SG_recall": 0.9550561797752809, "test_doclevel-SG_f1": 0.9444444444444444, "test_doclevel-ISG_precision": 0.8347826086956521, "test_doclevel-ISG_recall": 0.8727272727272727, "test_doclevel-ISG_f1": 0.8533333333333333, "test_doclevel-PI_precision": 0.8864864864864865, "test_doclevel-PI_recall": 0.9879518072289156, "test_doclevel-PI_f1": 0.9344729344729344, "test_doclevel-ORG_precision": 0.9545454545454546, "test_doclevel-ORG_recall": 0.9363057324840764, "test_doclevel-ORG_f1": 0.9453376205787781, "test_wordlevel-macro_precision": 0.9195999076314898, "test_wordlevel-macro_recall": 0.9350749048767061, "test_wordlevel-macro_f1": 0.9269291884536459, "test_wordlevel-O_precision": 0.9921325545357015, "test_wordlevel-O_recall": 0.990126100404473, "test_wordlevel-O_f1": 0.9911283119976184, "test_wordlevel-PG_precision": 0.932475884244373, "test_wordlevel-PG_recall": 0.9863945578231292, "test_wordlevel-PG_f1": 0.9586776859504131, "test_wordlevel-SG_precision": 0.9253472222222222, "test_wordlevel-SG_recall": 0.9213483146067416, "test_wordlevel-SG_f1": 0.9233434387180597, "test_wordlevel-ISG_precision": 0.84, "test_wordlevel-ISG_recall": 0.8448275862068966, "test_wordlevel-ISG_f1": 0.8424068767908308, "test_wordlevel-PI_precision": 0.8795918367346939, "test_wordlevel-PI_recall": 0.9514348785871964, "test_wordlevel-PI_f1": 0.9141039236479321, "test_wordlevel-ORG_precision": 0.948051948051948, "test_wordlevel-ORG_recall": 0.9163179916317992, "test_wordlevel-ORG_f1": 0.9319148936170213, "test_runtime": 8.662, "test_samples_per_second": 103.441, "test_steps_per_second": 1.616, "epoch": 4.0}