{"test_loss": 0.08058395981788635, "test_seqeval-macro_precision": 0.8203247676993225, "test_seqeval-macro_recall": 0.8622837308655245, "test_seqeval-macro_f1": 0.8397446204909123, "test_seqeval-micro_precision": 0.8227848101265823, "test_seqeval-micro_recall": 0.8734602463605823, "test_seqeval-micro_f1": 0.8473655621944597, "test_seqeval-PG_precision": 0.8846153846153846, "test_seqeval-PG_recall": 0.9019607843137255, "test_seqeval-PG_f1": 0.8932038834951457, "test_seqeval-SG_precision": 0.8807588075880759, "test_seqeval-SG_recall": 0.9078212290502793, "test_seqeval-SG_f1": 0.8940852819807428, "test_seqeval-ISG_precision": 0.8494623655913979, "test_seqeval-ISG_recall": 0.8061224489795918, "test_seqeval-ISG_f1": 0.8272251308900525, "test_seqeval-PI_precision": 0.7315789473684211, "test_seqeval-PI_recall": 0.8475609756097561, "test_seqeval-PI_f1": 0.7853107344632769, "test_seqeval-ORG_precision": 0.7552083333333334, "test_seqeval-ORG_recall": 0.847953216374269, "test_seqeval-ORG_f1": 0.7988980716253443, "test_spanlevel-macro_precision_spanwise": 0.8343470744316441, "test_spanlevel-macro_recall_spanwise": 0.8334360414469364, "test_spanlevel-macro_f1_spanwise": 0.8294671882432171, "test_spanlevel-macro_precision_seqavg": 0.8637436932396231, "test_spanlevel-macro_recall_seqavg": 0.8636538146019243, "test_spanlevel-macro_f1_seqavg": 0.8598837542389758, "test_spanlevel-micro_precision_spanwise": 0.9041599862686125, "test_spanlevel-micro_recall_spanwise": 0.901946515205301, "test_spanlevel-micro_f1_spanwise": 0.8984662978089696, "test_spanlevel-micro_precision_seqavg": 0.9043123775925789, "test_spanlevel-micro_recall_seqavg": 0.9027764461489294, "test_spanlevel-micro_f1_seqavg": 0.8984916177414604, "test_spanlevel-PG_precision_spanwise": 0.9312169312169313, "test_spanlevel-PG_recall_spanwise": 0.946031746031746, "test_spanlevel-PG_f1_spanwise": 0.9344322344322344, "test_spanlevel-PG_precision_seqavg": 0.915203646036227, "test_spanlevel-PG_recall_seqavg": 0.928821266005646, "test_spanlevel-PG_f1_seqavg": 0.9172547505500985, "test_spanlevel-SG_precision_spanwise": 0.9346785738969028, "test_spanlevel-SG_recall_spanwise": 0.9269798485431909, "test_spanlevel-SG_f1_spanwise": 0.9241076695766068, "test_spanlevel-SG_precision_seqavg": 0.957115757929849, "test_spanlevel-SG_recall_seqavg": 0.9484274963655833, "test_spanlevel-SG_f1_seqavg": 0.9491344264416778, "test_spanlevel-ISG_precision_spanwise": 0.7679127725856698, "test_spanlevel-ISG_recall_spanwise": 0.7601246105919004, "test_spanlevel-ISG_f1_spanwise": 0.7613707165109035, "test_spanlevel-ISG_precision_seqavg": 0.8586271140665709, "test_spanlevel-ISG_recall_seqavg": 0.8529526976167678, "test_spanlevel-ISG_f1_seqavg": 0.8535624804293889, "test_spanlevel-PI_precision_spanwise": 0.7645772594752187, "test_spanlevel-PI_recall_spanwise": 0.764654563123951, "test_spanlevel-PI_f1_spanwise": 0.7593327971582723, "test_spanlevel-PI_precision_seqavg": 0.8261168023713553, "test_spanlevel-PI_recall_seqavg": 0.8282320828692594, "test_spanlevel-PI_f1_seqavg": 0.8221559929166009, "test_spanlevel-ORG_precision_spanwise": 0.7733498349834984, "test_spanlevel-ORG_recall_spanwise": 0.7693894389438943, "test_spanlevel-ORG_f1_spanwise": 0.768092523538068, "test_spanlevel-ORG_precision_seqavg": 0.7616551457941129, "test_spanlevel-ORG_recall_seqavg": 0.759835530152365, "test_spanlevel-ORG_f1_seqavg": 0.7573111208571129, "test_spanlevel-macro_precision_relaxed": 0.9008295028949995, "test_spanlevel-macro_recall_relaxed": 0.9283316136943078, "test_spanlevel-macro_f1_relaxed": 0.9423427379543858, "test_spanlevel-micro_precision_relaxed": 0.9012080385368059, "test_spanlevel-micro_recall_relaxed": 0.9284275645674612, "test_spanlevel-micro_f1_relaxed": 0.9427906409870582, "test_spanlevel-PG_precision_relaxed": 0.9671900161030595, "test_spanlevel-PG_recall_relaxed": 0.9716312056737588, "test_spanlevel-PG_f1_relaxed": 0.9720079476390836, "test_spanlevel-SG_precision_relaxed": 0.9494795892027436, "test_spanlevel-SG_recall_relaxed": 0.9555690530180326, "test_spanlevel-SG_f1_relaxed": 0.9703574715263765, "test_spanlevel-ISG_precision_relaxed": 0.9090909090909091, "test_spanlevel-ISG_recall_relaxed": 0.8438596491228069, "test_spanlevel-ISG_f1_relaxed": 0.9691056910569106, "test_spanlevel-PI_precision_relaxed": 0.7746187363834423, "test_spanlevel-PI_recall_relaxed": 0.9194388944388945, "test_spanlevel-PI_f1_relaxed": 0.9474020506897332, "test_spanlevel-ORG_precision_relaxed": 0.8399789029535863, "test_spanlevel-ORG_recall_relaxed": 0.9178240740740742, "test_spanlevel-ORG_f1_relaxed": 0.9572924237157814, "test_doclevel-micro_precision": 0.9708904109589042, "test_doclevel-micro_recall": 0.9792746113989638, "test_doclevel-micro_f1": 0.9750644883920894, "test_doclevel-PG_precision": 1.0, "test_doclevel-PG_recall": 0.9787234042553191, "test_doclevel-PG_f1": 0.989247311827957, "test_doclevel-SG_precision": 0.9664429530201343, "test_doclevel-SG_recall": 0.9795918367346939, "test_doclevel-SG_f1": 0.9729729729729729, "test_doclevel-ISG_precision": 0.9318181818181818, "test_doclevel-ISG_recall": 0.8631578947368421, "test_doclevel-ISG_f1": 0.8961748633879781, "test_doclevel-PI_precision": 0.8104575163398693, "test_doclevel-PI_recall": 0.9538461538461539, "test_doclevel-PI_f1": 0.8763250883392226, "test_doclevel-ORG_precision": 0.8670886075949367, "test_doclevel-ORG_recall": 0.9513888888888888, "test_doclevel-ORG_f1": 0.9072847682119205, "test_wordlevel-macro_precision": 0.8973734500918159, "test_wordlevel-macro_recall": 0.9127203624678836, "test_wordlevel-macro_f1": 0.9043044550803331, "test_wordlevel-O_precision": 0.9921544122752204, "test_wordlevel-O_recall": 0.9905725772910023, "test_wordlevel-O_f1": 0.9913628637829963, "test_wordlevel-PG_precision": 0.9016393442622951, "test_wordlevel-PG_recall": 0.9482758620689655, "test_wordlevel-PG_f1": 0.9243697478991596, "test_wordlevel-SG_precision": 0.9592391304347826, "test_wordlevel-SG_recall": 0.9297629499561019, "test_wordlevel-SG_f1": 0.944271065537227, "test_wordlevel-ISG_precision": 0.8914728682170543, "test_wordlevel-ISG_recall": 0.8333333333333334, "test_wordlevel-ISG_f1": 0.8614232209737829, "test_wordlevel-PI_precision": 0.8081841432225064, "test_wordlevel-PI_recall": 0.8729281767955801, "test_wordlevel-PI_f1": 0.8393094289508632, "test_wordlevel-ORG_precision": 0.8315508021390374, "test_wordlevel-ORG_recall": 0.9014492753623189, "test_wordlevel-ORG_f1": 0.8650904033379695, "test_runtime": 7.6505, "test_samples_per_second": 105.875, "test_steps_per_second": 1.699, "epoch": 4.0}